[{"model": "contenttypes.contenttype", "pk": 1, "fields": {"app_label": "cms", "model": "placeholder"}}, {"model": "contenttypes.contenttype", "pk": 2, "fields": {"app_label": "cms", "model": "page"}}, {"model": "contenttypes.contenttype", "pk": 3, "fields": {"app_label": "auth", "model": "permission"}}, {"model": "contenttypes.contenttype", "pk": 4, "fields": {"app_label": "auth", "model": "group"}}, {"model": "contenttypes.contenttype", "pk": 5, "fields": {"app_label": "auth", "model": "user"}}, {"model": "contenttypes.contenttype", "pk": 6, "fields": {"app_label": "contenttypes", "model": "contenttype"}}, {"model": "contenttypes.contenttype", "pk": 7, "fields": {"app_label": "sessions", "model": "session"}}, {"model": "contenttypes.contenttype", "pk": 8, "fields": {"app_label": "admin", "model": "logentry"}}, {"model": "contenttypes.contenttype", "pk": 9, "fields": {"app_label": "sites", "model": "site"}}, {"model": "contenttypes.contenttype", "pk": 10, "fields": {"app_label": "cms", "model": "cmsplugin"}}, {"model": "contenttypes.contenttype", "pk": 11, "fields": {"app_label": "cms", "model": "aliaspluginmodel"}}, {"model": "contenttypes.contenttype", "pk": 12, "fields": {"app_label": "cms", "model": "globalpagepermission"}}, {"model": "contenttypes.contenttype", "pk": 13, "fields": {"app_label": "cms", "model": "pagepermission"}}, {"model": "contenttypes.contenttype", "pk": 14, "fields": {"app_label": "cms", "model": "pageuser"}}, {"model": "contenttypes.contenttype", "pk": 15, "fields": {"app_label": "cms", "model": "pageusergroup"}}, {"model": "contenttypes.contenttype", "pk": 16, "fields": {"app_label": "cms", "model": "placeholderreference"}}, {"model": "contenttypes.contenttype", "pk": 17, "fields": {"app_label": "cms", "model": "staticplaceholder"}}, {"model": "contenttypes.contenttype", "pk": 18, "fields": {"app_label": "cms", "model": "title"}}, {"model": "contenttypes.contenttype", "pk": 19, "fields": {"app_label": "cms", "model": "usersettings"}}, {"model": "contenttypes.contenttype", "pk": 20, "fields": {"app_label": "cms", "model": "urlconfrevision"}}, {"model": "contenttypes.contenttype", "pk": 21, "fields": {"app_label": "cms", "model": "pagetype"}}, {"model": "contenttypes.contenttype", "pk": 22, "fields": {"app_label": "cms", "model": "treenode"}}, {"model": "contenttypes.contenttype", "pk": 23, "fields": {"app_label": "menus", "model": "cachekey"}}, {"model": "contenttypes.contenttype", "pk": 24, "fields": {"app_label": "djangocms_text_ckeditor", "model": "text"}}, {"model": "contenttypes.contenttype", "pk": 25, "fields": {"app_label": "filer", "model": "clipboard"}}, {"model": "contenttypes.contenttype", "pk": 26, "fields": {"app_label": "filer", "model": "clipboarditem"}}, {"model": "contenttypes.contenttype", "pk": 27, "fields": {"app_label": "filer", "model": "file"}}, {"model": "contenttypes.contenttype", "pk": 28, "fields": {"app_label": "filer", "model": "folder"}}, {"model": "contenttypes.contenttype", "pk": 29, "fields": {"app_label": "filer", "model": "folderpermission"}}, {"model": "contenttypes.contenttype", "pk": 30, "fields": {"app_label": "filer", "model": "image"}}, {"model": "contenttypes.contenttype", "pk": 31, "fields": {"app_label": "filer", "model": "thumbnailoption"}}, {"model": "contenttypes.contenttype", "pk": 32, "fields": {"app_label": "easy_thumbnails", "model": "source"}}, {"model": "contenttypes.contenttype", "pk": 33, "fields": {"app_label": "easy_thumbnails", "model": "thumbnail"}}, {"model": "contenttypes.contenttype", "pk": 34, "fields": {"app_label": "easy_thumbnails", "model": "thumbnaildimensions"}}, {"model": "contenttypes.contenttype", "pk": 35, "fields": {"app_label": "bootstrap4_alerts", "model": "bootstrap4alerts"}}, {"model": "contenttypes.contenttype", "pk": 36, "fields": {"app_label": "bootstrap4_badge", "model": "bootstrap4badge"}}, {"model": "contenttypes.contenttype", "pk": 37, "fields": {"app_label": "bootstrap4_card", "model": "bootstrap4card"}}, {"model": "contenttypes.contenttype", "pk": 38, "fields": {"app_label": "bootstrap4_card", "model": "bootstrap4cardinner"}}, {"model": "contenttypes.contenttype", "pk": 39, "fields": {"app_label": "bootstrap4_carousel", "model": "bootstrap4carousel"}}, {"model": "contenttypes.contenttype", "pk": 40, "fields": {"app_label": "bootstrap4_carousel", "model": "bootstrap4carouselslide"}}, {"model": "contenttypes.contenttype", "pk": 41, "fields": {"app_label": "bootstrap4_collapse", "model": "bootstrap4collapse"}}, {"model": "contenttypes.contenttype", "pk": 42, "fields": {"app_label": "bootstrap4_collapse", "model": "bootstrap4collapsecontainer"}}, {"model": "contenttypes.contenttype", "pk": 43, "fields": {"app_label": "bootstrap4_collapse", "model": "bootstrap4collapsetrigger"}}, {"model": "contenttypes.contenttype", "pk": 44, "fields": {"app_label": "bootstrap4_content", "model": "bootstrap4blockquote"}}, {"model": "contenttypes.contenttype", "pk": 45, "fields": {"app_label": "bootstrap4_content", "model": "bootstrap4code"}}, {"model": "contenttypes.contenttype", "pk": 46, "fields": {"app_label": "bootstrap4_content", "model": "bootstrap4figure"}}, {"model": "contenttypes.contenttype", "pk": 47, "fields": {"app_label": "bootstrap4_grid", "model": "bootstrap4gridcolumn"}}, {"model": "contenttypes.contenttype", "pk": 48, "fields": {"app_label": "bootstrap4_grid", "model": "bootstrap4gridcontainer"}}, {"model": "contenttypes.contenttype", "pk": 49, "fields": {"app_label": "bootstrap4_grid", "model": "bootstrap4gridrow"}}, {"model": "contenttypes.contenttype", "pk": 50, "fields": {"app_label": "bootstrap4_jumbotron", "model": "bootstrap4jumbotron"}}, {"model": "contenttypes.contenttype", "pk": 51, "fields": {"app_label": "bootstrap4_link", "model": "bootstrap4link"}}, {"model": "contenttypes.contenttype", "pk": 52, "fields": {"app_label": "bootstrap4_listgroup", "model": "bootstrap4listgroup"}}, {"model": "contenttypes.contenttype", "pk": 53, "fields": {"app_label": "bootstrap4_listgroup", "model": "bootstrap4listgroupitem"}}, {"model": "contenttypes.contenttype", "pk": 54, "fields": {"app_label": "bootstrap4_media", "model": "bootstrap4media"}}, {"model": "contenttypes.contenttype", "pk": 55, "fields": {"app_label": "bootstrap4_media", "model": "bootstrap4mediabody"}}, {"model": "contenttypes.contenttype", "pk": 56, "fields": {"app_label": "bootstrap4_picture", "model": "bootstrap4picture"}}, {"model": "contenttypes.contenttype", "pk": 57, "fields": {"app_label": "bootstrap4_tabs", "model": "bootstrap4tab"}}, {"model": "contenttypes.contenttype", "pk": 58, "fields": {"app_label": "bootstrap4_tabs", "model": "bootstrap4tabitem"}}, {"model": "contenttypes.contenttype", "pk": 59, "fields": {"app_label": "bootstrap4_utilities", "model": "bootstrap4spacing"}}, {"model": "contenttypes.contenttype", "pk": 60, "fields": {"app_label": "djangocms_file", "model": "file"}}, {"model": "contenttypes.contenttype", "pk": 61, "fields": {"app_label": "djangocms_file", "model": "folder"}}, {"model": "contenttypes.contenttype", "pk": 62, "fields": {"app_label": "djangocms_icon", "model": "icon"}}, {"model": "contenttypes.contenttype", "pk": 63, "fields": {"app_label": "djangocms_link", "model": "link"}}, {"model": "contenttypes.contenttype", "pk": 64, "fields": {"app_label": "djangocms_picture", "model": "picture"}}, {"model": "contenttypes.contenttype", "pk": 65, "fields": {"app_label": "djangocms_style", "model": "style"}}, {"model": "contenttypes.contenttype", "pk": 66, "fields": {"app_label": "djangocms_snippet", "model": "snippet"}}, {"model": "contenttypes.contenttype", "pk": 67, "fields": {"app_label": "djangocms_snippet", "model": "snippetptr"}}, {"model": "contenttypes.contenttype", "pk": 68, "fields": {"app_label": "djangocms_googlemap", "model": "googlemap"}}, {"model": "contenttypes.contenttype", "pk": 69, "fields": {"app_label": "djangocms_googlemap", "model": "googlemapmarker"}}, {"model": "contenttypes.contenttype", "pk": 70, "fields": {"app_label": "djangocms_googlemap", "model": "googlemaproute"}}, {"model": "contenttypes.contenttype", "pk": 71, "fields": {"app_label": "djangocms_video", "model": "videoplayer"}}, {"model": "contenttypes.contenttype", "pk": 72, "fields": {"app_label": "djangocms_video", "model": "videosource"}}, {"model": "contenttypes.contenttype", "pk": 73, "fields": {"app_label": "djangocms_video", "model": "videotrack"}}, {"model": "contenttypes.contenttype", "pk": 74, "fields": {"app_label": "custom_plugins", "model": "test1"}}, {"model": "contenttypes.contenttype", "pk": 75, "fields": {"app_label": "forms", "model": "volunteerapplication"}}, {"model": "contenttypes.contenttype", "pk": 76, "fields": {"app_label": "core_forms", "model": "profile"}}, {"model": "contenttypes.contenttype", "pk": 77, "fields": {"app_label": "core_plugins", "model": "test1"}}, {"model": "contenttypes.contenttype", "pk": 78, "fields": {"app_label": "core_forms", "model": "volunteerapplication"}}, {"model": "sessions.session", "pk": "1tr5lyx17b5x7simr73dibps0k6cmaqx", "fields": {"session_data": "MWFhNmIxNDg2ZTkxMjRiMDM1Mjg5ZjU0ZjAwZWY5ZDk0NWNhMzY2NDp7ImNtc190b29sYmFyX2Rpc2FibGVkIjpmYWxzZSwiY21zX2VkaXQiOmZhbHNlLCJjbXNfcHJldmlldyI6dHJ1ZSwiX2F1dGhfdXNlcl9pZCI6IjIiLCJfYXV0aF91c2VyX2JhY2tlbmQiOiJkamFuZ28uY29udHJpYi5hdXRoLmJhY2tlbmRzLk1vZGVsQmFja2VuZCIsIl9hdXRoX3VzZXJfaGFzaCI6ImUzM2IzNGRkOTdjYTEwZTMyZDk2YmFjNGRhYjI3NjQ0YTMyMzQ2MzIifQ==", "expire_date": "2020-06-14T21:06:07.802Z"}}, {"model": "sessions.session", "pk": "2ulxs0v5a5n5l6gmdmeutgiox30lz7ax", "fields": {"session_data": "ZGVjYmZkZmQ2ZjQyNDQxNjJmMDFkZTkzYTc5ODJkNGNmZWU5ZjNkOTp7ImNtc190b29sYmFyX2Rpc2FibGVkIjpmYWxzZSwiY21zX2VkaXQiOnRydWUsImNtc19wcmV2aWV3IjpmYWxzZX0=", "expire_date": "2020-06-05T15:59:38.947Z"}}, {"model": "sessions.session", "pk": "3n7m8zdwi2o333uyi3jts018ata9wijs", "fields": {"session_data": "YzRhMTZlNzdlZWYxNjQ4NWY1NjYyYmU5YmQ5ODRjYWZiYjNiMDI1MTp7Il9hdXRoX3VzZXJfaWQiOiIxIiwiX2F1dGhfdXNlcl9iYWNrZW5kIjoiZGphbmdvLmNvbnRyaWIuYXV0aC5iYWNrZW5kcy5Nb2RlbEJhY2tlbmQiLCJfYXV0aF91c2VyX2hhc2giOiI1ZWQ1ZjI3NjNjMzJjYTg4MDJhNWU1YmQwZjlmNWIzOTliNTRhMTRlIiwiY21zX3Rvb2xiYXJfZGlzYWJsZWQiOmZhbHNlLCJjbXNfZWRpdCI6ZmFsc2UsImNtc19wcmV2aWV3Ijp0cnVlLCJ3aXphcmRfd2l6YXJkX2NyZWF0ZV92aWV3Ijp7InN0ZXAiOm51bGwsInN0ZXBfZGF0YSI6e30sInN0ZXBfZmlsZXMiOnt9LCJleHRyYV9kYXRhIjp7fX0sImZpbGVyX2xhc3RfZm9sZGVyX2lkIjpudWxsfQ==", "expire_date": "2020-05-30T11:47:06.092Z"}}, {"model": "sessions.session", "pk": "74k50kvyzdiqi9v0r50ub1vtrpegimqj", "fields": {"session_data": "MmFiMTBhOWZlMGM5ODExM2MxNDQ2NTE0Zjk3MzQ2ZTEwOWI3ZWIzZTp7ImNtc19lZGl0IjpmYWxzZX0=", "expire_date": "2020-10-24T19:08:17.650Z"}}, {"model": "sessions.session", "pk": "8b1bergvc34spujj1xsv5rk1wakvhu4y", "fields": {"session_data": "MmYxZjI3MmY2ZDM4YWExZTUxMDJiNzU2OWUxN2JjMmNmZGM0NzFkYTp7ImNtc190b29sYmFyX2Rpc2FibGVkIjpmYWxzZSwiY21zX2VkaXQiOmZhbHNlLCJjbXNfcHJldmlldyI6dHJ1ZSwiX2F1dGhfdXNlcl9pZCI6IjIiLCJfYXV0aF91c2VyX2JhY2tlbmQiOiJkamFuZ28uY29udHJpYi5hdXRoLmJhY2tlbmRzLk1vZGVsQmFja2VuZCIsIl9hdXRoX3VzZXJfaGFzaCI6ImUzM2IzNGRkOTdjYTEwZTMyZDk2YmFjNGRhYjI3NjQ0YTMyMzQ2MzIiLCJmaWxlcl9sYXN0X2ZvbGRlcl9pZCI6bnVsbH0=", "expire_date": "2020-06-02T23:18:26.215Z"}}, {"model": "sessions.session", "pk": "8bxu7otj46lvmijs4zq8g24yfjdpzct7", "fields": {"session_data": "ZGVjYmZkZmQ2ZjQyNDQxNjJmMDFkZTkzYTc5ODJkNGNmZWU5ZjNkOTp7ImNtc190b29sYmFyX2Rpc2FibGVkIjpmYWxzZSwiY21zX2VkaXQiOnRydWUsImNtc19wcmV2aWV3IjpmYWxzZX0=", "expire_date": "2020-06-14T17:27:50.434Z"}}, {"model": "sessions.session", "pk": "8jek412dm5vpvlj93pdnfac99wl3q8vk", "fields": {"session_data": "YmRlYWZmY2Y2YWE4M2ZiZDIxNzZhNTA3ZjNjMjlkYzI1OWEzYThmZTp7ImNtc190b29sYmFyX2Rpc2FibGVkIjpmYWxzZSwiY21zX2VkaXQiOnRydWUsImNtc19wcmV2aWV3IjpmYWxzZSwiX2F1dGhfdXNlcl9pZCI6IjIiLCJfYXV0aF91c2VyX2JhY2tlbmQiOiJkamFuZ28uY29udHJpYi5hdXRoLmJhY2tlbmRzLk1vZGVsQmFja2VuZCIsIl9hdXRoX3VzZXJfaGFzaCI6ImUzM2IzNGRkOTdjYTEwZTMyZDk2YmFjNGRhYjI3NjQ0YTMyMzQ2MzIifQ==", "expire_date": "2020-07-01T05:41:06.688Z"}}, {"model": "sessions.session", "pk": "9m4lk262xxsjxootk6f4wwyqnmuroxgk", "fields": {"session_data": "ZDAxMzEzYTg5ZTk5YzNiNWViODNkMDU3YTlhNTRiYzM1Yjg1N2FlYzp7ImNtc190b29sYmFyX2Rpc2FibGVkIjpmYWxzZSwiY21zX2VkaXQiOnRydWUsImNtc19wcmV2aWV3IjpmYWxzZSwiX2F1dGhfdXNlcl9pZCI6IjIiLCJfYXV0aF91c2VyX2JhY2tlbmQiOiJkamFuZ28uY29udHJpYi5hdXRoLmJhY2tlbmRzLk1vZGVsQmFja2VuZCIsIl9hdXRoX3VzZXJfaGFzaCI6ImUzM2IzNGRkOTdjYTEwZTMyZDk2YmFjNGRhYjI3NjQ0YTMyMzQ2MzIiLCJmaWxlcl9sYXN0X2ZvbGRlcl9pZCI6bnVsbH0=", "expire_date": "2020-06-14T17:10:12.292Z"}}, {"model": "sessions.session", "pk": "b32b9khk2x3t52x5uu1ew5eehncr6yg5", "fields": {"session_data": "MWFhNmIxNDg2ZTkxMjRiMDM1Mjg5ZjU0ZjAwZWY5ZDk0NWNhMzY2NDp7ImNtc190b29sYmFyX2Rpc2FibGVkIjpmYWxzZSwiY21zX2VkaXQiOmZhbHNlLCJjbXNfcHJldmlldyI6dHJ1ZSwiX2F1dGhfdXNlcl9pZCI6IjIiLCJfYXV0aF91c2VyX2JhY2tlbmQiOiJkamFuZ28uY29udHJpYi5hdXRoLmJhY2tlbmRzLk1vZGVsQmFja2VuZCIsIl9hdXRoX3VzZXJfaGFzaCI6ImUzM2IzNGRkOTdjYTEwZTMyZDk2YmFjNGRhYjI3NjQ0YTMyMzQ2MzIifQ==", "expire_date": "2020-10-25T18:36:00.631Z"}}, {"model": "sessions.session", "pk": "bku3c786tt09ec5yn28p0slc5dvekb6w", "fields": {"session_data": "YTVhNTFhYmIwZjhiNzAwMzQ5MzA5MGU4N2U1MzgwNWJkODgwM2UzYzp7Il9hdXRoX3VzZXJfaWQiOiI0IiwiX2F1dGhfdXNlcl9iYWNrZW5kIjoiZGphbmdvLmNvbnRyaWIuYXV0aC5iYWNrZW5kcy5Nb2RlbEJhY2tlbmQiLCJfYXV0aF91c2VyX2hhc2giOiI3ZTZmMjI5MGI5M2Y0ZDIwYjcyZWZkMDdkZjQ1OTQ3YzQyNGJmN2NhIn0=", "expire_date": "2020-06-14T22:11:30.824Z"}}, {"model": "sessions.session", "pk": "divh6kn71dj3stynrmwl60h2mfw6eeje", "fields": {"session_data": "ZjBlNjc0YTgyYjk1ZDMyOTVmYTQwYjZmOWUxOGNkNjZhZmRjZjVmMzp7ImNtc19lZGl0IjpmYWxzZSwiY21zX3Rvb2xiYXJfZGlzYWJsZWQiOmZhbHNlLCJjbXNfcHJldmlldyI6dHJ1ZSwiX2F1dGhfdXNlcl9pZCI6IjIiLCJfYXV0aF91c2VyX2JhY2tlbmQiOiJkamFuZ28uY29udHJpYi5hdXRoLmJhY2tlbmRzLk1vZGVsQmFja2VuZCIsIl9hdXRoX3VzZXJfaGFzaCI6ImUzM2IzNGRkOTdjYTEwZTMyZDk2YmFjNGRhYjI3NjQ0YTMyMzQ2MzIifQ==", "expire_date": "2020-10-25T19:18:39.566Z"}}, {"model": "sessions.session", "pk": "frf3982ca0jrziperihxvfc37s0tresc", "fields": {"session_data": "MmFiMTBhOWZlMGM5ODExM2MxNDQ2NTE0Zjk3MzQ2ZTEwOWI3ZWIzZTp7ImNtc19lZGl0IjpmYWxzZX0=", "expire_date": "2020-10-25T03:57:18.354Z"}}, {"model": "sessions.session", "pk": "i9jnahykyuced64hma652p9frbws70yi", "fields": {"session_data": "MmFiMTBhOWZlMGM5ODExM2MxNDQ2NTE0Zjk3MzQ2ZTEwOWI3ZWIzZTp7ImNtc19lZGl0IjpmYWxzZX0=", "expire_date": "2020-07-01T05:31:40.268Z"}}, {"model": "sessions.session", "pk": "j69buiwatf3dxk9mmmeks30y67i9749t", "fields": {"session_data": "MTYyMjA3MzEzYjVmZTdmYjUxY2Y5YzExYTAyMjg1YzBmMjhjMmQxMzp7fQ==", "expire_date": "2020-07-01T03:47:18.278Z"}}, {"model": "sessions.session", "pk": "jgxt968tbxstm7q1x6iwxohhygdg0p1u", "fields": {"session_data": "YmRlYWZmY2Y2YWE4M2ZiZDIxNzZhNTA3ZjNjMjlkYzI1OWEzYThmZTp7ImNtc190b29sYmFyX2Rpc2FibGVkIjpmYWxzZSwiY21zX2VkaXQiOnRydWUsImNtc19wcmV2aWV3IjpmYWxzZSwiX2F1dGhfdXNlcl9pZCI6IjIiLCJfYXV0aF91c2VyX2JhY2tlbmQiOiJkamFuZ28uY29udHJpYi5hdXRoLmJhY2tlbmRzLk1vZGVsQmFja2VuZCIsIl9hdXRoX3VzZXJfaGFzaCI6ImUzM2IzNGRkOTdjYTEwZTMyZDk2YmFjNGRhYjI3NjQ0YTMyMzQ2MzIifQ==", "expire_date": "2020-06-27T02:03:28.794Z"}}, {"model": "sessions.session", "pk": "kotrscu82u20vie08qyn751c9td6tn9n", "fields": {"session_data": "ZGVjYmZkZmQ2ZjQyNDQxNjJmMDFkZTkzYTc5ODJkNGNmZWU5ZjNkOTp7ImNtc190b29sYmFyX2Rpc2FibGVkIjpmYWxzZSwiY21zX2VkaXQiOnRydWUsImNtc19wcmV2aWV3IjpmYWxzZX0=", "expire_date": "2020-06-01T03:01:10.407Z"}}, {"model": "sessions.session", "pk": "m6vwg3b3kv11t923nyj58zbr6et1sloz", "fields": {"session_data": "MmFiMTBhOWZlMGM5ODExM2MxNDQ2NTE0Zjk3MzQ2ZTEwOWI3ZWIzZTp7ImNtc19lZGl0IjpmYWxzZX0=", "expire_date": "2020-08-10T14:30:09.834Z"}}, {"model": "sessions.session", "pk": "mlftoz28x12g7ki3bktxiopu5jded3gh", "fields": {"session_data": "MmFiMTBhOWZlMGM5ODExM2MxNDQ2NTE0Zjk3MzQ2ZTEwOWI3ZWIzZTp7ImNtc19lZGl0IjpmYWxzZX0=", "expire_date": "2020-10-24T21:35:45.147Z"}}, {"model": "sessions.session", "pk": "plkcgvgi9nzyxjt94zwm098f1se1hfh3", "fields": {"session_data": "ZGVjYmZkZmQ2ZjQyNDQxNjJmMDFkZTkzYTc5ODJkNGNmZWU5ZjNkOTp7ImNtc190b29sYmFyX2Rpc2FibGVkIjpmYWxzZSwiY21zX2VkaXQiOnRydWUsImNtc19wcmV2aWV3IjpmYWxzZX0=", "expire_date": "2020-06-14T21:19:20.711Z"}}, {"model": "sessions.session", "pk": "sknpbu66g9u4cutp9gdb4bad9knsksbt", "fields": {"session_data": "ZGVjYmZkZmQ2ZjQyNDQxNjJmMDFkZTkzYTc5ODJkNGNmZWU5ZjNkOTp7ImNtc190b29sYmFyX2Rpc2FibGVkIjpmYWxzZSwiY21zX2VkaXQiOnRydWUsImNtc19wcmV2aWV3IjpmYWxzZX0=", "expire_date": "2020-10-25T03:54:51.700Z"}}, {"model": "sessions.session", "pk": "uhpx4q0h1u741u6aodkj1hycwp56zs8y", "fields": {"session_data": "MmFiMTBhOWZlMGM5ODExM2MxNDQ2NTE0Zjk3MzQ2ZTEwOWI3ZWIzZTp7ImNtc19lZGl0IjpmYWxzZX0=", "expire_date": "2020-10-24T19:08:17.205Z"}}, {"model": "sessions.session", "pk": "ujolp2jr36rr72b9fgd05brabuq0lfnk", "fields": {"session_data": "MWFhNmIxNDg2ZTkxMjRiMDM1Mjg5ZjU0ZjAwZWY5ZDk0NWNhMzY2NDp7ImNtc190b29sYmFyX2Rpc2FibGVkIjpmYWxzZSwiY21zX2VkaXQiOmZhbHNlLCJjbXNfcHJldmlldyI6dHJ1ZSwiX2F1dGhfdXNlcl9pZCI6IjIiLCJfYXV0aF91c2VyX2JhY2tlbmQiOiJkamFuZ28uY29udHJpYi5hdXRoLmJhY2tlbmRzLk1vZGVsQmFja2VuZCIsIl9hdXRoX3VzZXJfaGFzaCI6ImUzM2IzNGRkOTdjYTEwZTMyZDk2YmFjNGRhYjI3NjQ0YTMyMzQ2MzIifQ==", "expire_date": "2020-09-11T05:04:07.473Z"}}, {"model": "sessions.session", "pk": "vcjbauihhs4hjd0ryxqymi3dzznguj7e", "fields": {"session_data": "ZGVjYmZkZmQ2ZjQyNDQxNjJmMDFkZTkzYTc5ODJkNGNmZWU5ZjNkOTp7ImNtc190b29sYmFyX2Rpc2FibGVkIjpmYWxzZSwiY21zX2VkaXQiOnRydWUsImNtc19wcmV2aWV3IjpmYWxzZX0=", "expire_date": "2020-06-05T15:18:57.729Z"}}, {"model": "sessions.session", "pk": "vls2ogqc4rz5vjn9gyn2o17gfmp7wzy6", "fields": {"session_data": "ZGVjYmZkZmQ2ZjQyNDQxNjJmMDFkZTkzYTc5ODJkNGNmZWU5ZjNkOTp7ImNtc190b29sYmFyX2Rpc2FibGVkIjpmYWxzZSwiY21zX2VkaXQiOnRydWUsImNtc19wcmV2aWV3IjpmYWxzZX0=", "expire_date": "2020-06-13T02:06:18.147Z"}}, {"model": "sessions.session", "pk": "wglljm3ooh9iuluofput8wl4wzx9h2nh", "fields": {"session_data": "MmFiMTBhOWZlMGM5ODExM2MxNDQ2NTE0Zjk3MzQ2ZTEwOWI3ZWIzZTp7ImNtc19lZGl0IjpmYWxzZX0=", "expire_date": "2020-10-24T21:35:45.306Z"}}, {"model": "sessions.session", "pk": "wj0gyj4den010d6mq27hmpj4gmmjj3bl", "fields": {"session_data": "NjAzZjA1MTcwZjNlNWZjNmMwNWZiNWE5NWJhNGU1Zjc5ZjU0ZjVjNDp7ImNtc19lZGl0IjpmYWxzZSwiY21zX3ByZXZpZXciOnRydWUsImNtc190b29sYmFyX2Rpc2FibGVkIjpmYWxzZSwiX2F1dGhfdXNlcl9pZCI6IjEiLCJfYXV0aF91c2VyX2JhY2tlbmQiOiJkamFuZ28uY29udHJpYi5hdXRoLmJhY2tlbmRzLk1vZGVsQmFja2VuZCIsIl9hdXRoX3VzZXJfaGFzaCI6ImZkNDQ2OWExZTk4YmZiMjE0ZDg2MzNkODVjZGE5ZGNlYjFhZDM0N2QifQ==", "expire_date": "2020-06-01T06:20:41.359Z"}}, {"model": "sessions.session", "pk": "xgkbqt01vbhdz93niz6ds58sgajvvekk", "fields": {"session_data": "MmYxZjI3MmY2ZDM4YWExZTUxMDJiNzU2OWUxN2JjMmNmZGM0NzFkYTp7ImNtc190b29sYmFyX2Rpc2FibGVkIjpmYWxzZSwiY21zX2VkaXQiOmZhbHNlLCJjbXNfcHJldmlldyI6dHJ1ZSwiX2F1dGhfdXNlcl9pZCI6IjIiLCJfYXV0aF91c2VyX2JhY2tlbmQiOiJkamFuZ28uY29udHJpYi5hdXRoLmJhY2tlbmRzLk1vZGVsQmFja2VuZCIsIl9hdXRoX3VzZXJfaGFzaCI6ImUzM2IzNGRkOTdjYTEwZTMyZDk2YmFjNGRhYjI3NjQ0YTMyMzQ2MzIiLCJmaWxlcl9sYXN0X2ZvbGRlcl9pZCI6bnVsbH0=", "expire_date": "2020-06-27T04:35:06.593Z"}}, {"model": "sessions.session", "pk": "xu519z6prqcgkh8rvlunvuqrf8b6mqes", "fields": {"session_data": "MWFhNmIxNDg2ZTkxMjRiMDM1Mjg5ZjU0ZjAwZWY5ZDk0NWNhMzY2NDp7ImNtc190b29sYmFyX2Rpc2FibGVkIjpmYWxzZSwiY21zX2VkaXQiOmZhbHNlLCJjbXNfcHJldmlldyI6dHJ1ZSwiX2F1dGhfdXNlcl9pZCI6IjIiLCJfYXV0aF91c2VyX2JhY2tlbmQiOiJkamFuZ28uY29udHJpYi5hdXRoLmJhY2tlbmRzLk1vZGVsQmFja2VuZCIsIl9hdXRoX3VzZXJfaGFzaCI6ImUzM2IzNGRkOTdjYTEwZTMyZDk2YmFjNGRhYjI3NjQ0YTMyMzQ2MzIifQ==", "expire_date": "2020-10-25T03:57:22.736Z"}}, {"model": "sessions.session", "pk": "xwcr1u9ejrs2l8yr1q7l7d27xxos9q4y", "fields": {"session_data": "YmRlYWZmY2Y2YWE4M2ZiZDIxNzZhNTA3ZjNjMjlkYzI1OWEzYThmZTp7ImNtc190b29sYmFyX2Rpc2FibGVkIjpmYWxzZSwiY21zX2VkaXQiOnRydWUsImNtc19wcmV2aWV3IjpmYWxzZSwiX2F1dGhfdXNlcl9pZCI6IjIiLCJfYXV0aF91c2VyX2JhY2tlbmQiOiJkamFuZ28uY29udHJpYi5hdXRoLmJhY2tlbmRzLk1vZGVsQmFja2VuZCIsIl9hdXRoX3VzZXJfaGFzaCI6ImUzM2IzNGRkOTdjYTEwZTMyZDk2YmFjNGRhYjI3NjQ0YTMyMzQ2MzIifQ==", "expire_date": "2020-06-14T17:52:30.780Z"}}, {"model": "sessions.session", "pk": "z2sxkxg6g7elpu7ue7pe2pmf6flza8qx", "fields": {"session_data": "ZGVjYmZkZmQ2ZjQyNDQxNjJmMDFkZTkzYTc5ODJkNGNmZWU5ZjNkOTp7ImNtc190b29sYmFyX2Rpc2FibGVkIjpmYWxzZSwiY21zX2VkaXQiOnRydWUsImNtc19wcmV2aWV3IjpmYWxzZX0=", "expire_date": "2020-07-01T05:24:39.373Z"}}, {"model": "sessions.session", "pk": "zz1k8w28n22xd4p9ot53g0h0vv8ye8px", "fields": {"session_data": "MmFiMTBhOWZlMGM5ODExM2MxNDQ2NTE0Zjk3MzQ2ZTEwOWI3ZWIzZTp7ImNtc19lZGl0IjpmYWxzZX0=", "expire_date": "2020-10-24T21:35:45.451Z"}}, {"model": "sites.site", "pk": 1, "fields": {"domain": "bridge-hospice.com", "name": "bridge-hospice.com"}}, {"model": "sites.site", "pk": 2, "fields": {"domain": "stage.bridge-hospice.com", "name": "Stage Environment"}}, {"model": "cms.treenode", "pk": 1, "fields": {"path": "0001", "depth": 1, "numchild": 0, "parent": null, "site": 1}}, {"model": "cms.treenode", "pk": 2, "fields": {"path": "0002", "depth": 1, "numchild": 0, "parent": null, "site": 1}}, {"model": "cms.treenode", "pk": 4, "fields": {"path": "0007", "depth": 1, "numchild": 0, "parent": null, "site": 1}}, {"model": "cms.treenode", "pk": 5, "fields": {"path": "0006", "depth": 1, "numchild": 0, "parent": null, "site": 1}}, {"model": "cms.treenode", "pk": 6, "fields": {"path": "0005", "depth": 1, "numchild": 0, "parent": null, "site": 1}}, {"model": "cms.treenode", "pk": 15, "fields": {"path": "0003", "depth": 1, "numchild": 0, "parent": null, "site": 1}}, {"model": "cms.treenode", "pk": 19, "fields": {"path": "000A", "depth": 1, "numchild": 0, "parent": null, "site": 1}}, {"model": "cms.treenode", "pk": 20, "fields": {"path": "000B", "depth": 1, "numchild": 2, "parent": null, "site": 1}}, {"model": "cms.treenode", "pk": 21, "fields": {"path": "000B0001", "depth": 2, "numchild": 0, "parent": 20, "site": 1}}, {"model": "cms.treenode", "pk": 22, "fields": {"path": "000B0002", "depth": 2, "numchild": 0, "parent": 20, "site": 1}}, {"model": "cms.treenode", "pk": 23, "fields": {"path": "000C", "depth": 1, "numchild": 0, "parent": null, "site": 1}}, {"model": "cms.treenode", "pk": 24, "fields": {"path": "000D", "depth": 1, "numchild": 0, "parent": null, "site": 1}}, {"model": "cms.treenode", "pk": 26, "fields": {"path": "000E", "depth": 1, "numchild": 0, "parent": null, "site": 1}}, {"model": "cms.page", "pk": 1, "fields": {"created_by": "admin", "changed_by": "webmaster", "creation_date": "2020-05-16T08:19:51.384Z", "changed_date": "2020-06-11T21:08:44.055Z", "publication_date": "2020-05-16T08:19:51.395Z", "publication_end_date": null, "in_navigation": false, "soft_root": false, "reverse_id": null, "navigation_extenders": null, "template": "landing-page.html", "login_required": false, "limit_visibility_in_menu": null, "is_home": true, "application_urls": null, "application_namespace": null, "publisher_is_draft": true, "publisher_public": 2, "languages": "en", "xframe_options": 0, "is_page_type": false, "node": 1, "placeholders": [2]}}, {"model": "cms.page", "pk": 2, "fields": {"created_by": "admin", "changed_by": "webmaster", "creation_date": "2020-05-16T08:19:51.396Z", "changed_date": "2020-10-06T17:20:27.153Z", "publication_date": "2020-05-16T08:19:51.395Z", "publication_end_date": null, "in_navigation": false, "soft_root": false, "reverse_id": null, "navigation_extenders": null, "template": "landing-page.html", "login_required": false, "limit_visibility_in_menu": null, "is_home": true, "application_urls": null, "application_namespace": null, "publisher_is_draft": false, "publisher_public": 1, "languages": "en", "xframe_options": 0, "is_page_type": false, "node": 1, "placeholders": [3]}}, {"model": "cms.page", "pk": 3, "fields": {"created_by": "admin", "changed_by": "webmaster", "creation_date": "2020-05-16T08:20:12.067Z", "changed_date": "2020-06-11T21:16:12.765Z", "publication_date": "2020-05-16T11:41:45.670Z", "publication_end_date": null, "in_navigation": true, "soft_root": false, "reverse_id": null, "navigation_extenders": null, "template": "basic-page.html", "login_required": false, "limit_visibility_in_menu": null, "is_home": false, "application_urls": null, "application_namespace": null, "publisher_is_draft": true, "publisher_public": 4, "languages": "en", "xframe_options": 0, "is_page_type": false, "node": 2, "placeholders": [6, 10]}}, {"model": "cms.page", "pk": 4, "fields": {"created_by": "admin", "changed_by": "webmaster", "creation_date": "2020-05-16T11:41:45.670Z", "changed_date": "2020-08-28T05:04:06.497Z", "publication_date": "2020-05-16T11:41:45.670Z", "publication_end_date": null, "in_navigation": true, "soft_root": false, "reverse_id": null, "navigation_extenders": null, "template": "basic-page.html", "login_required": false, "limit_visibility_in_menu": null, "is_home": false, "application_urls": null, "application_namespace": null, "publisher_is_draft": false, "publisher_public": 3, "languages": "en", "xframe_options": 0, "is_page_type": false, "node": 2, "placeholders": [7, 11]}}, {"model": "cms.page", "pk": 7, "fields": {"created_by": "webmaster", "changed_by": "webmaster", "creation_date": "2020-05-21T04:13:16.323Z", "changed_date": "2020-06-17T05:40:59.813Z", "publication_date": "2020-05-21T04:14:18.110Z", "publication_end_date": null, "in_navigation": false, "soft_root": false, "reverse_id": null, "navigation_extenders": null, "template": "basic-page.html", "login_required": false, "limit_visibility_in_menu": null, "is_home": false, "application_urls": null, "application_namespace": null, "publisher_is_draft": true, "publisher_public": 10, "languages": "en", "xframe_options": 0, "is_page_type": false, "node": 4, "placeholders": [18, 19]}}, {"model": "cms.page", "pk": 8, "fields": {"created_by": "webmaster", "changed_by": "webmaster", "creation_date": "2020-05-21T04:13:52.498Z", "changed_date": "2020-06-17T05:40:58.464Z", "publication_date": "2020-05-21T04:13:58.914Z", "publication_end_date": null, "in_navigation": false, "soft_root": false, "reverse_id": null, "navigation_extenders": null, "template": "basic-page.html", "login_required": false, "limit_visibility_in_menu": null, "is_home": false, "application_urls": null, "application_namespace": null, "publisher_is_draft": true, "publisher_public": 9, "languages": "en", "xframe_options": 0, "is_page_type": false, "node": 5, "placeholders": [20, 21]}}, {"model": "cms.page", "pk": 9, "fields": {"created_by": "webmaster", "changed_by": "webmaster", "creation_date": "2020-05-21T04:13:58.914Z", "changed_date": "2020-07-27T14:26:57.786Z", "publication_date": "2020-05-21T04:13:58.914Z", "publication_end_date": null, "in_navigation": false, "soft_root": false, "reverse_id": null, "navigation_extenders": null, "template": "basic-page.html", "login_required": false, "limit_visibility_in_menu": null, "is_home": false, "application_urls": null, "application_namespace": null, "publisher_is_draft": false, "publisher_public": 8, "languages": "en", "xframe_options": 0, "is_page_type": false, "node": 5, "placeholders": [22, 23]}}, {"model": "cms.page", "pk": 10, "fields": {"created_by": "webmaster", "changed_by": "webmaster", "creation_date": "2020-05-21T04:14:18.110Z", "changed_date": "2020-07-27T14:27:01.063Z", "publication_date": "2020-05-21T04:14:18.110Z", "publication_end_date": null, "in_navigation": false, "soft_root": false, "reverse_id": null, "navigation_extenders": null, "template": "basic-page.html", "login_required": false, "limit_visibility_in_menu": null, "is_home": false, "application_urls": null, "application_namespace": null, "publisher_is_draft": false, "publisher_public": 7, "languages": "en", "xframe_options": 0, "is_page_type": false, "node": 4, "placeholders": [24, 25]}}, {"model": "cms.page", "pk": 11, "fields": {"created_by": "webmaster", "changed_by": "webmaster", "creation_date": "2020-05-22T15:38:14.008Z", "changed_date": "2020-06-11T21:19:34.661Z", "publication_date": "2020-06-01T20:54:34.725Z", "publication_end_date": null, "in_navigation": true, "soft_root": false, "reverse_id": null, "navigation_extenders": null, "template": "basic-page.html", "login_required": false, "limit_visibility_in_menu": null, "is_home": false, "application_urls": null, "application_namespace": null, "publisher_is_draft": true, "publisher_public": 27, "languages": "en", "xframe_options": 0, "is_page_type": false, "node": 6, "placeholders": [26, 27]}}, {"model": "cms.page", "pk": 25, "fields": {"created_by": "webmaster", "changed_by": "webmaster", "creation_date": "2020-05-31T21:58:18.453Z", "changed_date": "2020-06-13T01:42:44.484Z", "publication_date": "2020-05-31T22:01:29.795Z", "publication_end_date": null, "in_navigation": true, "soft_root": false, "reverse_id": null, "navigation_extenders": null, "template": "basic-page.html", "login_required": false, "limit_visibility_in_menu": null, "is_home": false, "application_urls": null, "application_namespace": null, "publisher_is_draft": true, "publisher_public": 26, "languages": "en", "xframe_options": 0, "is_page_type": false, "node": 15, "placeholders": [54, 55]}}, {"model": "cms.page", "pk": 26, "fields": {"created_by": "webmaster", "changed_by": "webmaster", "creation_date": "2020-05-31T22:01:29.795Z", "changed_date": "2020-10-06T17:18:21.875Z", "publication_date": "2020-05-31T22:01:29.795Z", "publication_end_date": null, "in_navigation": true, "soft_root": false, "reverse_id": null, "navigation_extenders": null, "template": "basic-page.html", "login_required": false, "limit_visibility_in_menu": null, "is_home": false, "application_urls": null, "application_namespace": null, "publisher_is_draft": false, "publisher_public": 25, "languages": "en", "xframe_options": 0, "is_page_type": false, "node": 15, "placeholders": [56, 57]}}, {"model": "cms.page", "pk": 27, "fields": {"created_by": "webmaster", "changed_by": "webmaster", "creation_date": "2020-06-01T20:54:34.726Z", "changed_date": "2020-07-27T14:26:54.352Z", "publication_date": "2020-06-01T20:54:34.725Z", "publication_end_date": null, "in_navigation": true, "soft_root": false, "reverse_id": null, "navigation_extenders": null, "template": "basic-page.html", "login_required": false, "limit_visibility_in_menu": null, "is_home": false, "application_urls": null, "application_namespace": null, "publisher_is_draft": false, "publisher_public": 11, "languages": "en", "xframe_options": 0, "is_page_type": false, "node": 6, "placeholders": [59, 60]}}, {"model": "cms.page", "pk": 33, "fields": {"created_by": "webmaster", "changed_by": "webmaster", "creation_date": "2020-06-17T02:52:00.332Z", "changed_date": "2020-06-17T02:53:36.767Z", "publication_date": "2020-06-17T02:52:14.177Z", "publication_end_date": null, "in_navigation": false, "soft_root": false, "reverse_id": null, "navigation_extenders": null, "template": "INHERIT", "login_required": false, "limit_visibility_in_menu": null, "is_home": false, "application_urls": "CoreAppHook", "application_namespace": "core_app", "publisher_is_draft": true, "publisher_public": 34, "languages": "en", "xframe_options": 0, "is_page_type": false, "node": 19, "placeholders": [71, 72]}}, {"model": "cms.page", "pk": 34, "fields": {"created_by": "webmaster", "changed_by": "webmaster", "creation_date": "2020-06-17T02:52:14.177Z", "changed_date": "2020-06-17T02:53:40.706Z", "publication_date": "2020-06-17T02:52:14.177Z", "publication_end_date": null, "in_navigation": false, "soft_root": false, "reverse_id": null, "navigation_extenders": null, "template": "INHERIT", "login_required": false, "limit_visibility_in_menu": null, "is_home": false, "application_urls": "CoreAppHook", "application_namespace": "core_app", "publisher_is_draft": false, "publisher_public": 33, "languages": "en", "xframe_options": 0, "is_page_type": false, "node": 19, "placeholders": [73, 74]}}, {"model": "cms.page", "pk": 36, "fields": {"created_by": "webmaster", "changed_by": "webmaster", "creation_date": "2020-06-17T02:56:43.387Z", "changed_date": "2020-06-17T02:56:59Z", "publication_date": "2020-06-17T02:57:19.044Z", "publication_end_date": null, "in_navigation": false, "soft_root": false, "reverse_id": null, "navigation_extenders": null, "template": "INHERIT", "login_required": false, "limit_visibility_in_menu": null, "is_home": false, "application_urls": "Formhook", "application_namespace": "core_forms", "publisher_is_draft": true, "publisher_public": 39, "languages": "en", "xframe_options": 0, "is_page_type": false, "node": 20, "placeholders": [77, 78]}}, {"model": "cms.page", "pk": 37, "fields": {"created_by": "webmaster", "changed_by": "webmaster", "creation_date": "2020-06-17T02:57:06.219Z", "changed_date": "2020-06-17T02:57:06.231Z", "publication_date": "2020-06-17T02:57:38.881Z", "publication_end_date": null, "in_navigation": true, "soft_root": false, "reverse_id": null, "navigation_extenders": null, "template": "INHERIT", "login_required": false, "limit_visibility_in_menu": null, "is_home": false, "application_urls": null, "application_namespace": null, "publisher_is_draft": true, "publisher_public": 40, "languages": "en", "xframe_options": 0, "is_page_type": false, "node": 21, "placeholders": [79, 80]}}, {"model": "cms.page", "pk": 38, "fields": {"created_by": "webmaster", "changed_by": "webmaster", "creation_date": "2020-06-17T02:57:14.150Z", "changed_date": "2020-06-17T02:58:08.892Z", "publication_date": "2020-06-17T02:57:43.386Z", "publication_end_date": null, "in_navigation": true, "soft_root": false, "reverse_id": null, "navigation_extenders": null, "template": "INHERIT", "login_required": false, "limit_visibility_in_menu": null, "is_home": false, "application_urls": null, "application_namespace": null, "publisher_is_draft": true, "publisher_public": 41, "languages": "en", "xframe_options": 0, "is_page_type": false, "node": 22, "placeholders": [81, 82]}}, {"model": "cms.page", "pk": 39, "fields": {"created_by": "webmaster", "changed_by": "webmaster", "creation_date": "2020-06-17T02:57:19.044Z", "changed_date": "2020-09-15T21:28:10.410Z", "publication_date": "2020-06-17T02:57:19.044Z", "publication_end_date": null, "in_navigation": false, "soft_root": false, "reverse_id": null, "navigation_extenders": null, "template": "INHERIT", "login_required": false, "limit_visibility_in_menu": null, "is_home": false, "application_urls": "Formhook", "application_namespace": "core_forms", "publisher_is_draft": false, "publisher_public": 36, "languages": "en", "xframe_options": 0, "is_page_type": false, "node": 20, "placeholders": [83, 84]}}, {"model": "cms.page", "pk": 40, "fields": {"created_by": "webmaster", "changed_by": "webmaster", "creation_date": "2020-06-17T02:57:38.882Z", "changed_date": "2020-09-15T21:28:20.234Z", "publication_date": "2020-06-17T02:57:38.881Z", "publication_end_date": null, "in_navigation": true, "soft_root": false, "reverse_id": null, "navigation_extenders": null, "template": "INHERIT", "login_required": false, "limit_visibility_in_menu": null, "is_home": false, "application_urls": null, "application_namespace": null, "publisher_is_draft": false, "publisher_public": 37, "languages": "en", "xframe_options": 0, "is_page_type": false, "node": 21, "placeholders": [85, 86]}}, {"model": "cms.page", "pk": 41, "fields": {"created_by": "webmaster", "changed_by": "webmaster", "creation_date": "2020-06-17T02:57:43.386Z", "changed_date": "2020-06-17T02:58:12.052Z", "publication_date": "2020-06-17T02:57:43.386Z", "publication_end_date": null, "in_navigation": true, "soft_root": false, "reverse_id": null, "navigation_extenders": null, "template": "INHERIT", "login_required": false, "limit_visibility_in_menu": null, "is_home": false, "application_urls": null, "application_namespace": null, "publisher_is_draft": false, "publisher_public": 38, "languages": "en", "xframe_options": 0, "is_page_type": false, "node": 22, "placeholders": [87, 88]}}, {"model": "cms.page", "pk": 42, "fields": {"created_by": "webmaster", "changed_by": "webmaster", "creation_date": "2020-10-06T17:09:02.151Z", "changed_date": "2020-10-06T17:11:08.503Z", "publication_date": "2020-10-06T17:09:10.398Z", "publication_end_date": null, "in_navigation": false, "soft_root": false, "reverse_id": null, "navigation_extenders": null, "template": "INHERIT", "login_required": false, "limit_visibility_in_menu": null, "is_home": false, "application_urls": null, "application_namespace": null, "publisher_is_draft": true, "publisher_public": 43, "languages": "en", "xframe_options": 0, "is_page_type": false, "node": 23, "placeholders": [89, 90]}}, {"model": "cms.page", "pk": 43, "fields": {"created_by": "webmaster", "changed_by": "webmaster", "creation_date": "2020-10-06T17:09:10.398Z", "changed_date": "2020-10-06T17:11:13.143Z", "publication_date": "2020-10-06T17:09:10.398Z", "publication_end_date": null, "in_navigation": false, "soft_root": false, "reverse_id": null, "navigation_extenders": null, "template": "INHERIT", "login_required": false, "limit_visibility_in_menu": null, "is_home": false, "application_urls": null, "application_namespace": null, "publisher_is_draft": false, "publisher_public": 42, "languages": "en", "xframe_options": 0, "is_page_type": false, "node": 23, "placeholders": [91, 92]}}, {"model": "cms.page", "pk": 44, "fields": {"created_by": "webmaster", "changed_by": "webmaster", "creation_date": "2020-10-06T17:17:04.184Z", "changed_date": "2020-10-06T17:17:53.199Z", "publication_date": "2020-10-06T17:17:48.721Z", "publication_end_date": null, "in_navigation": false, "soft_root": false, "reverse_id": null, "navigation_extenders": null, "template": "INHERIT", "login_required": false, "limit_visibility_in_menu": null, "is_home": false, "application_urls": null, "application_namespace": null, "publisher_is_draft": true, "publisher_public": 45, "languages": "en", "xframe_options": 0, "is_page_type": false, "node": 24, "placeholders": [93, 94]}}, {"model": "cms.page", "pk": 45, "fields": {"created_by": "webmaster", "changed_by": "webmaster", "creation_date": "2020-10-06T17:17:48.721Z", "changed_date": "2020-10-06T17:17:56.086Z", "publication_date": "2020-10-06T17:17:48.721Z", "publication_end_date": null, "in_navigation": false, "soft_root": false, "reverse_id": null, "navigation_extenders": null, "template": "INHERIT", "login_required": false, "limit_visibility_in_menu": null, "is_home": false, "application_urls": null, "application_namespace": null, "publisher_is_draft": false, "publisher_public": 44, "languages": "en", "xframe_options": 0, "is_page_type": false, "node": 24, "placeholders": [95, 96]}}, {"model": "cms.page", "pk": 48, "fields": {"created_by": "webmaster", "changed_by": "webmaster", "creation_date": "2020-10-10T19:06:27.537Z", "changed_date": "2020-10-10T21:55:49.243Z", "publication_date": "2020-10-10T19:06:35.442Z", "publication_end_date": null, "in_navigation": false, "soft_root": false, "reverse_id": null, "navigation_extenders": null, "template": "INHERIT", "login_required": false, "limit_visibility_in_menu": null, "is_home": false, "application_urls": null, "application_namespace": null, "publisher_is_draft": true, "publisher_public": 49, "languages": "en", "xframe_options": 0, "is_page_type": false, "node": 26, "placeholders": [101, 102]}}, {"model": "cms.page", "pk": 49, "fields": {"created_by": "webmaster", "changed_by": "webmaster", "creation_date": "2020-10-10T19:06:35.442Z", "changed_date": "2020-10-11T19:12:20.542Z", "publication_date": "2020-10-10T19:06:35.442Z", "publication_end_date": null, "in_navigation": false, "soft_root": false, "reverse_id": null, "navigation_extenders": null, "template": "INHERIT", "login_required": false, "limit_visibility_in_menu": null, "is_home": false, "application_urls": null, "application_namespace": null, "publisher_is_draft": false, "publisher_public": 48, "languages": "en", "xframe_options": 0, "is_page_type": false, "node": 26, "placeholders": [103, 104]}}, {"model": "cms.placeholder", "pk": 1, "fields": {"slot": "clipboard", "default_width": null}}, {"model": "cms.placeholder", "pk": 2, "fields": {"slot": "content", "default_width": null}}, {"model": "cms.placeholder", "pk": 3, "fields": {"slot": "content", "default_width": null}}, {"model": "cms.placeholder", "pk": 4, "fields": {"slot": "Footer", "default_width": null}}, {"model": "cms.placeholder", "pk": 5, "fields": {"slot": "Footer", "default_width": null}}, {"model": "cms.placeholder", "pk": 6, "fields": {"slot": "content", "default_width": null}}, {"model": "cms.placeholder", "pk": 7, "fields": {"slot": "content", "default_width": null}}, {"model": "cms.placeholder", "pk": 8, "fields": {"slot": "subheading", "default_width": null}}, {"model": "cms.placeholder", "pk": 9, "fields": {"slot": "subheading", "default_width": null}}, {"model": "cms.placeholder", "pk": 10, "fields": {"slot": "subheading", "default_width": null}}, {"model": "cms.placeholder", "pk": 11, "fields": {"slot": "subheading", "default_width": null}}, {"model": "cms.placeholder", "pk": 12, "fields": {"slot": "clipboard", "default_width": null}}, {"model": "cms.placeholder", "pk": 13, "fields": {"slot": "clipboard", "default_width": null}}, {"model": "cms.placeholder", "pk": 18, "fields": {"slot": "subheading", "default_width": null}}, {"model": "cms.placeholder", "pk": 19, "fields": {"slot": "content", "default_width": null}}, {"model": "cms.placeholder", "pk": 20, "fields": {"slot": "subheading", "default_width": null}}, {"model": "cms.placeholder", "pk": 21, "fields": {"slot": "content", "default_width": null}}, {"model": "cms.placeholder", "pk": 22, "fields": {"slot": "subheading", "default_width": null}}, {"model": "cms.placeholder", "pk": 23, "fields": {"slot": "content", "default_width": null}}, {"model": "cms.placeholder", "pk": 24, "fields": {"slot": "subheading", "default_width": null}}, {"model": "cms.placeholder", "pk": 25, "fields": {"slot": "content", "default_width": null}}, {"model": "cms.placeholder", "pk": 26, "fields": {"slot": "subheading", "default_width": null}}, {"model": "cms.placeholder", "pk": 27, "fields": {"slot": "content", "default_width": null}}, {"model": "cms.placeholder", "pk": 54, "fields": {"slot": "subheading", "default_width": null}}, {"model": "cms.placeholder", "pk": 55, "fields": {"slot": "content", "default_width": null}}, {"model": "cms.placeholder", "pk": 56, "fields": {"slot": "subheading", "default_width": null}}, {"model": "cms.placeholder", "pk": 57, "fields": {"slot": "content", "default_width": null}}, {"model": "cms.placeholder", "pk": 58, "fields": {"slot": "clipboard", "default_width": null}}, {"model": "cms.placeholder", "pk": 59, "fields": {"slot": "subheading", "default_width": null}}, {"model": "cms.placeholder", "pk": 60, "fields": {"slot": "content", "default_width": null}}, {"model": "cms.placeholder", "pk": 71, "fields": {"slot": "subheading", "default_width": null}}, {"model": "cms.placeholder", "pk": 72, "fields": {"slot": "content", "default_width": null}}, {"model": "cms.placeholder", "pk": 73, "fields": {"slot": "subheading", "default_width": null}}, {"model": "cms.placeholder", "pk": 74, "fields": {"slot": "content", "default_width": null}}, {"model": "cms.placeholder", "pk": 77, "fields": {"slot": "subheading", "default_width": null}}, {"model": "cms.placeholder", "pk": 78, "fields": {"slot": "content", "default_width": null}}, {"model": "cms.placeholder", "pk": 79, "fields": {"slot": "subheading", "default_width": null}}, {"model": "cms.placeholder", "pk": 80, "fields": {"slot": "content", "default_width": null}}, {"model": "cms.placeholder", "pk": 81, "fields": {"slot": "subheading", "default_width": null}}, {"model": "cms.placeholder", "pk": 82, "fields": {"slot": "content", "default_width": null}}, {"model": "cms.placeholder", "pk": 83, "fields": {"slot": "subheading", "default_width": null}}, {"model": "cms.placeholder", "pk": 84, "fields": {"slot": "content", "default_width": null}}, {"model": "cms.placeholder", "pk": 85, "fields": {"slot": "subheading", "default_width": null}}, {"model": "cms.placeholder", "pk": 86, "fields": {"slot": "content", "default_width": null}}, {"model": "cms.placeholder", "pk": 87, "fields": {"slot": "subheading", "default_width": null}}, {"model": "cms.placeholder", "pk": 88, "fields": {"slot": "content", "default_width": null}}, {"model": "cms.placeholder", "pk": 89, "fields": {"slot": "subheading", "default_width": null}}, {"model": "cms.placeholder", "pk": 90, "fields": {"slot": "content", "default_width": null}}, {"model": "cms.placeholder", "pk": 91, "fields": {"slot": "subheading", "default_width": null}}, {"model": "cms.placeholder", "pk": 92, "fields": {"slot": "content", "default_width": null}}, {"model": "cms.placeholder", "pk": 93, "fields": {"slot": "subheading", "default_width": null}}, {"model": "cms.placeholder", "pk": 94, "fields": {"slot": "content", "default_width": null}}, {"model": "cms.placeholder", "pk": 95, "fields": {"slot": "subheading", "default_width": null}}, {"model": "cms.placeholder", "pk": 96, "fields": {"slot": "content", "default_width": null}}, {"model": "cms.placeholder", "pk": 101, "fields": {"slot": "subheading", "default_width": null}}, {"model": "cms.placeholder", "pk": 102, "fields": {"slot": "content", "default_width": null}}, {"model": "cms.placeholder", "pk": 103, "fields": {"slot": "subheading", "default_width": null}}, {"model": "cms.placeholder", "pk": 104, "fields": {"slot": "content", "default_width": null}}, {"model": "cms.cmsplugin", "pk": 53, "fields": {"path": "000Y", "depth": 1, "numchild": 0, "placeholder": 6, "parent": null, "position": 1, "language": "en", "plugin_type": "Bootstrap4GridContainerPlugin", "creation_date": "2020-05-16T11:38:32.807Z", "changed_date": "2020-05-16T11:38:32.810Z"}}, {"model": "cms.cmsplugin", "pk": 54, "fields": {"path": "000Y0001", "depth": 2, "numchild": 1, "placeholder": 6, "parent": 53, "position": 1, "language": "en", "plugin_type": "Bootstrap4GridRowPlugin", "creation_date": "2020-05-16T11:38:39.096Z", "changed_date": "2020-05-19T02:53:59.451Z"}}, {"model": "cms.cmsplugin", "pk": 55, "fields": {"path": "000Y00010001", "depth": 3, "numchild": 1, "placeholder": 6, "parent": 54, "position": 0, "language": "en", "plugin_type": "Bootstrap4GridColumnPlugin", "creation_date": "2020-05-16T11:38:44.663Z", "changed_date": "2020-05-19T22:46:31.312Z"}}, {"model": "cms.cmsplugin", "pk": 56, "fields": {"path": "000Y000100010001", "depth": 4, "numchild": 5, "placeholder": 6, "parent": 55, "position": 0, "language": "en", "plugin_type": "Bootstrap4ListGroupPlugin", "creation_date": "2020-05-16T11:39:25.947Z", "changed_date": "2020-05-16T11:39:25.949Z"}}, {"model": "cms.cmsplugin", "pk": 57, "fields": {"path": "000Y0001000100010001", "depth": 5, "numchild": 1, "placeholder": 6, "parent": 56, "position": 0, "language": "en", "plugin_type": "Bootstrap4ListGroupItemPlugin", "creation_date": "2020-05-16T11:39:40.371Z", "changed_date": "2020-05-16T11:39:40.373Z"}}, {"model": "cms.cmsplugin", "pk": 58, "fields": {"path": "000Y00010001000100010001", "depth": 6, "numchild": 0, "placeholder": 6, "parent": 57, "position": 0, "language": "en", "plugin_type": "TextPlugin", "creation_date": "2020-05-16T11:39:46.585Z", "changed_date": "2020-08-28T05:03:39.671Z"}}, {"model": "cms.cmsplugin", "pk": 59, "fields": {"path": "000Y0001000100010002", "depth": 5, "numchild": 1, "placeholder": 6, "parent": 56, "position": 1, "language": "en", "plugin_type": "Bootstrap4ListGroupItemPlugin", "creation_date": "2020-05-16T11:40:32.515Z", "changed_date": "2020-05-16T11:40:32.518Z"}}, {"model": "cms.cmsplugin", "pk": 60, "fields": {"path": "000Y00010001000100020001", "depth": 6, "numchild": 0, "placeholder": 6, "parent": 59, "position": 0, "language": "en", "plugin_type": "TextPlugin", "creation_date": "2020-05-16T11:40:34.914Z", "changed_date": "2020-05-19T22:47:42.437Z"}}, {"model": "cms.cmsplugin", "pk": 61, "fields": {"path": "000Y0001000100010003", "depth": 5, "numchild": 1, "placeholder": 6, "parent": 56, "position": 2, "language": "en", "plugin_type": "Bootstrap4ListGroupItemPlugin", "creation_date": "2020-05-16T11:40:51.688Z", "changed_date": "2020-05-16T11:40:51.691Z"}}, {"model": "cms.cmsplugin", "pk": 62, "fields": {"path": "000Y00010001000100030001", "depth": 6, "numchild": 0, "placeholder": 6, "parent": 61, "position": 0, "language": "en", "plugin_type": "TextPlugin", "creation_date": "2020-05-16T11:40:54.407Z", "changed_date": "2020-05-19T22:48:25.126Z"}}, {"model": "cms.cmsplugin", "pk": 63, "fields": {"path": "000Y0001000100010004", "depth": 5, "numchild": 1, "placeholder": 6, "parent": 56, "position": 3, "language": "en", "plugin_type": "Bootstrap4ListGroupItemPlugin", "creation_date": "2020-05-16T11:41:08.698Z", "changed_date": "2020-05-16T11:41:08.702Z"}}, {"model": "cms.cmsplugin", "pk": 64, "fields": {"path": "000Y00010001000100040001", "depth": 6, "numchild": 0, "placeholder": 6, "parent": 63, "position": 0, "language": "en", "plugin_type": "TextPlugin", "creation_date": "2020-05-16T11:41:15.603Z", "changed_date": "2020-05-19T22:48:42.046Z"}}, {"model": "cms.cmsplugin", "pk": 65, "fields": {"path": "000Y0001000100010005", "depth": 5, "numchild": 1, "placeholder": 6, "parent": 56, "position": 4, "language": "en", "plugin_type": "Bootstrap4ListGroupItemPlugin", "creation_date": "2020-05-16T11:41:26.190Z", "changed_date": "2020-05-16T11:41:26.194Z"}}, {"model": "cms.cmsplugin", "pk": 66, "fields": {"path": "000Y00010001000100050001", "depth": 6, "numchild": 0, "placeholder": 6, "parent": 65, "position": 0, "language": "en", "plugin_type": "TextPlugin", "creation_date": "2020-05-16T11:41:29.046Z", "changed_date": "2020-05-19T22:48:03.591Z"}}, {"model": "cms.cmsplugin", "pk": 244, "fields": {"path": "000X0001", "depth": 2, "numchild": 0, "placeholder": 6, "parent": 480, "position": 0, "language": "en", "plugin_type": "GoogleMapPlugin", "creation_date": "2020-05-18T05:18:14.212Z", "changed_date": "2020-05-18T06:17:16.840Z"}}, {"model": "cms.cmsplugin", "pk": 260, "fields": {"path": "000Y00010002", "depth": 3, "numchild": 1, "placeholder": 6, "parent": 54, "position": 1, "language": "en", "plugin_type": "Bootstrap4GridColumnPlugin", "creation_date": "2020-05-18T05:52:20.158Z", "changed_date": "2020-05-19T22:37:56.795Z"}}, {"model": "cms.cmsplugin", "pk": 409, "fields": {"path": "000Y000100020001", "depth": 4, "numchild": 0, "placeholder": 6, "parent": 260, "position": 0, "language": "en", "plugin_type": "SnippetPlugin", "creation_date": "2020-05-18T06:13:01.558Z", "changed_date": "2020-05-18T06:19:25.057Z"}}, {"model": "cms.cmsplugin", "pk": 480, "fields": {"path": "000X", "depth": 1, "numchild": 1, "placeholder": 6, "parent": null, "position": 0, "language": "en", "plugin_type": "Bootstrap4GridContainerPlugin", "creation_date": "2020-05-19T02:52:33.890Z", "changed_date": "2020-05-19T22:37:34.507Z"}}, {"model": "cms.cmsplugin", "pk": 630, "fields": {"path": "0018", "depth": 1, "numchild": 1, "placeholder": 4, "parent": null, "position": 1, "language": "en", "plugin_type": "Bootstrap4GridContainerPlugin", "creation_date": "2020-05-19T22:17:21.254Z", "changed_date": "2020-05-19T22:17:21.262Z"}}, {"model": "cms.cmsplugin", "pk": 631, "fields": {"path": "00180001", "depth": 2, "numchild": 1, "placeholder": 4, "parent": 630, "position": 0, "language": "en", "plugin_type": "Bootstrap4GridRowPlugin", "creation_date": "2020-05-19T22:17:54.410Z", "changed_date": "2020-05-19T22:19:25.241Z"}}, {"model": "cms.cmsplugin", "pk": 633, "fields": {"path": "001800010002", "depth": 3, "numchild": 1, "placeholder": 4, "parent": 631, "position": 0, "language": "en", "plugin_type": "Bootstrap4GridColumnPlugin", "creation_date": "2020-05-19T22:18:12.797Z", "changed_date": "2020-07-27T14:29:45.513Z"}}, {"model": "cms.cmsplugin", "pk": 753, "fields": {"path": "001H", "depth": 1, "numchild": 5, "placeholder": 2, "parent": null, "position": 1, "language": "en", "plugin_type": "Bootstrap4GridContainerPlugin", "creation_date": "2020-05-16T08:30:43.899Z", "changed_date": "2020-05-19T22:27:21.756Z"}}, {"model": "cms.cmsplugin", "pk": 755, "fields": {"path": "001H0002", "depth": 2, "numchild": 2, "placeholder": 2, "parent": 753, "position": 1, "language": "en", "plugin_type": "Bootstrap4GridRowPlugin", "creation_date": "2020-05-16T10:19:58.676Z", "changed_date": "2020-05-19T22:27:21.761Z"}}, {"model": "cms.cmsplugin", "pk": 756, "fields": {"path": "001H00020001", "depth": 3, "numchild": 2, "placeholder": 2, "parent": 755, "position": 0, "language": "en", "plugin_type": "Bootstrap4GridColumnPlugin", "creation_date": "2020-05-16T10:23:37.425Z", "changed_date": "2020-05-19T22:27:21.764Z"}}, {"model": "cms.cmsplugin", "pk": 757, "fields": {"path": "001H000200010001", "depth": 4, "numchild": 0, "placeholder": 2, "parent": 756, "position": 1, "language": "en", "plugin_type": "TextPlugin", "creation_date": "2020-05-16T10:24:08.247Z", "changed_date": "2020-06-17T05:18:01.999Z"}}, {"model": "cms.cmsplugin", "pk": 758, "fields": {"path": "001H00020002", "depth": 3, "numchild": 1, "placeholder": 2, "parent": 755, "position": 1, "language": "en", "plugin_type": "Bootstrap4GridColumnPlugin", "creation_date": "2020-05-16T10:23:58.595Z", "changed_date": "2020-05-19T23:06:38.249Z"}}, {"model": "cms.cmsplugin", "pk": 759, "fields": {"path": "001H000200020001", "depth": 4, "numchild": 0, "placeholder": 2, "parent": 758, "position": 0, "language": "en", "plugin_type": "TextPlugin", "creation_date": "2020-05-16T10:55:28.090Z", "changed_date": "2020-06-17T05:18:19.806Z"}}, {"model": "cms.cmsplugin", "pk": 760, "fields": {"path": "001H0003", "depth": 2, "numchild": 4, "placeholder": 2, "parent": 753, "position": 3, "language": "en", "plugin_type": "Bootstrap4GridRowPlugin", "creation_date": "2020-05-16T10:59:01.962Z", "changed_date": "2020-05-19T22:27:21.787Z"}}, {"model": "cms.cmsplugin", "pk": 761, "fields": {"path": "001H00030001", "depth": 3, "numchild": 1, "placeholder": 2, "parent": 760, "position": 0, "language": "en", "plugin_type": "Bootstrap4GridColumnPlugin", "creation_date": "2020-05-16T10:59:01.967Z", "changed_date": "2020-05-19T22:27:21.789Z"}}, {"model": "cms.cmsplugin", "pk": 762, "fields": {"path": "001H000300010001", "depth": 4, "numchild": 0, "placeholder": 2, "parent": 761, "position": 0, "language": "en", "plugin_type": "TextPlugin", "creation_date": "2020-05-16T11:02:11.678Z", "changed_date": "2020-06-17T05:19:05.452Z"}}, {"model": "cms.cmsplugin", "pk": 763, "fields": {"path": "001H00030002", "depth": 3, "numchild": 1, "placeholder": 2, "parent": 760, "position": 1, "language": "en", "plugin_type": "Bootstrap4GridColumnPlugin", "creation_date": "2020-05-16T10:59:01.969Z", "changed_date": "2020-05-19T22:27:21.800Z"}}, {"model": "cms.cmsplugin", "pk": 764, "fields": {"path": "001H000300020001", "depth": 4, "numchild": 0, "placeholder": 2, "parent": 763, "position": 0, "language": "en", "plugin_type": "TextPlugin", "creation_date": "2020-05-16T11:03:24.601Z", "changed_date": "2020-06-17T05:19:18.509Z"}}, {"model": "cms.cmsplugin", "pk": 765, "fields": {"path": "001H00030003", "depth": 3, "numchild": 1, "placeholder": 2, "parent": 760, "position": 2, "language": "en", "plugin_type": "Bootstrap4GridColumnPlugin", "creation_date": "2020-05-16T10:59:01.971Z", "changed_date": "2020-05-19T22:27:21.813Z"}}, {"model": "cms.cmsplugin", "pk": 766, "fields": {"path": "001H000300030001", "depth": 4, "numchild": 0, "placeholder": 2, "parent": 765, "position": 0, "language": "en", "plugin_type": "TextPlugin", "creation_date": "2020-05-16T11:04:20.938Z", "changed_date": "2020-06-17T05:19:33.803Z"}}, {"model": "cms.cmsplugin", "pk": 767, "fields": {"path": "001H00030004", "depth": 3, "numchild": 1, "placeholder": 2, "parent": 760, "position": 3, "language": "en", "plugin_type": "Bootstrap4GridColumnPlugin", "creation_date": "2020-05-19T21:32:30.209Z", "changed_date": "2020-05-19T22:33:04.798Z"}}, {"model": "cms.cmsplugin", "pk": 768, "fields": {"path": "001H000300040001", "depth": 4, "numchild": 0, "placeholder": 2, "parent": 767, "position": 0, "language": "en", "plugin_type": "TextPlugin", "creation_date": "2020-05-19T21:32:43.858Z", "changed_date": "2020-05-19T22:34:27.890Z"}}, {"model": "cms.cmsplugin", "pk": 769, "fields": {"path": "001H00070001", "depth": 3, "numchild": 2, "placeholder": 2, "parent": 789, "position": 0, "language": "en", "plugin_type": "Bootstrap4GridRowPlugin", "creation_date": "2020-05-16T11:12:17.558Z", "changed_date": "2020-05-19T22:27:21.833Z"}}, {"model": "cms.cmsplugin", "pk": 770, "fields": {"path": "001H000700010001", "depth": 4, "numchild": 1, "placeholder": 2, "parent": 769, "position": 0, "language": "en", "plugin_type": "Bootstrap4GridColumnPlugin", "creation_date": "2020-05-16T11:20:04.800Z", "changed_date": "2020-05-19T22:27:21.835Z"}}, {"model": "cms.cmsplugin", "pk": 771, "fields": {"path": "001H0007000100010001", "depth": 5, "numchild": 0, "placeholder": 2, "parent": 770, "position": 0, "language": "en", "plugin_type": "Bootstrap4PicturePlugin", "creation_date": "2020-05-16T11:23:20.853Z", "changed_date": "2020-05-19T22:28:26.420Z"}}, {"model": "cms.cmsplugin", "pk": 772, "fields": {"path": "001H000700010002", "depth": 4, "numchild": 1, "placeholder": 2, "parent": 769, "position": 1, "language": "en", "plugin_type": "Bootstrap4GridColumnPlugin", "creation_date": "2020-05-16T11:20:04.803Z", "changed_date": "2020-05-19T22:27:21.844Z"}}, {"model": "cms.cmsplugin", "pk": 773, "fields": {"path": "001H0007000100020001", "depth": 5, "numchild": 0, "placeholder": 2, "parent": 772, "position": 0, "language": "en", "plugin_type": "TextPlugin", "creation_date": "2020-05-16T11:26:05.387Z", "changed_date": "2020-05-19T22:27:21.971Z"}}, {"model": "cms.cmsplugin", "pk": 774, "fields": {"path": "001H0005", "depth": 2, "numchild": 1, "placeholder": 2, "parent": 753, "position": 0, "language": "en", "plugin_type": "Bootstrap4GridRowPlugin", "creation_date": "2020-05-16T11:31:46.559Z", "changed_date": "2020-05-19T22:27:21.855Z"}}, {"model": "cms.cmsplugin", "pk": 775, "fields": {"path": "001H00050001", "depth": 3, "numchild": 2, "placeholder": 2, "parent": 774, "position": 0, "language": "en", "plugin_type": "Bootstrap4GridColumnPlugin", "creation_date": "2020-05-16T11:31:46.565Z", "changed_date": "2020-05-19T22:27:21.859Z"}}, {"model": "cms.cmsplugin", "pk": 776, "fields": {"path": "001H000500010001", "depth": 4, "numchild": 0, "placeholder": 2, "parent": 775, "position": 0, "language": "en", "plugin_type": "TextPlugin", "creation_date": "2020-05-16T11:33:03.958Z", "changed_date": "2020-06-17T05:10:12.579Z"}}, {"model": "cms.cmsplugin", "pk": 777, "fields": {"path": "001H000500010002", "depth": 4, "numchild": 0, "placeholder": 2, "parent": 775, "position": 1, "language": "en", "plugin_type": "TextPlugin", "creation_date": "2020-05-18T03:00:15.674Z", "changed_date": "2020-05-19T22:27:21.986Z"}}, {"model": "cms.cmsplugin", "pk": 778, "fields": {"path": "001H0006", "depth": 2, "numchild": 1, "placeholder": 2, "parent": 753, "position": 5, "language": "en", "plugin_type": "Bootstrap4LinkPlugin", "creation_date": "2020-05-19T22:24:23.224Z", "changed_date": "2020-05-21T04:27:49.177Z"}}, {"model": "cms.cmsplugin", "pk": 779, "fields": {"path": "001H00060001", "depth": 3, "numchild": 1, "placeholder": 2, "parent": 778, "position": 0, "language": "en", "plugin_type": "Bootstrap4GridRowPlugin", "creation_date": "2020-05-16T11:13:12.805Z", "changed_date": "2020-05-19T22:42:36.475Z"}}, {"model": "cms.cmsplugin", "pk": 780, "fields": {"path": "001H000600010001", "depth": 4, "numchild": 1, "placeholder": 2, "parent": 779, "position": 0, "language": "en", "plugin_type": "Bootstrap4GridColumnPlugin", "creation_date": "2020-05-16T11:20:26.328Z", "changed_date": "2020-05-19T22:43:38.339Z"}}, {"model": "cms.cmsplugin", "pk": 781, "fields": {"path": "001H0006000100010001", "depth": 5, "numchild": 0, "placeholder": 2, "parent": 780, "position": 0, "language": "en", "plugin_type": "Bootstrap4PicturePlugin", "creation_date": "2020-05-16T11:31:10.099Z", "changed_date": "2020-05-19T22:42:15.100Z"}}, {"model": "cms.cmsplugin", "pk": 782, "fields": {"path": "001I", "depth": 1, "numchild": 3, "placeholder": 2, "parent": null, "position": 0, "language": "en", "plugin_type": "Bootstrap4GridContainerPlugin", "creation_date": "2020-05-19T02:47:53.795Z", "changed_date": "2020-05-21T03:56:42.731Z"}}, {"model": "cms.cmsplugin", "pk": 783, "fields": {"path": "001I0001", "depth": 2, "numchild": 5, "placeholder": 2, "parent": 782, "position": 1, "language": "en", "plugin_type": "Bootstrap4CarouselPlugin", "creation_date": "2020-05-16T08:32:06.270Z", "changed_date": "2020-10-06T15:55:03.759Z"}}, {"model": "cms.cmsplugin", "pk": 784, "fields": {"path": "001I00010001", "depth": 3, "numchild": 0, "placeholder": 2, "parent": 783, "position": 0, "language": "en", "plugin_type": "Bootstrap4CarouselSlidePlugin", "creation_date": "2020-05-16T08:43:19.355Z", "changed_date": "2020-05-19T22:27:21.899Z"}}, {"model": "cms.cmsplugin", "pk": 785, "fields": {"path": "001I00010002", "depth": 3, "numchild": 0, "placeholder": 2, "parent": 783, "position": 1, "language": "en", "plugin_type": "Bootstrap4CarouselSlidePlugin", "creation_date": "2020-05-16T08:45:55.891Z", "changed_date": "2020-05-19T22:27:21.904Z"}}, {"model": "cms.cmsplugin", "pk": 786, "fields": {"path": "001I00010003", "depth": 3, "numchild": 0, "placeholder": 2, "parent": 783, "position": 2, "language": "en", "plugin_type": "Bootstrap4CarouselSlidePlugin", "creation_date": "2020-05-16T08:46:11.472Z", "changed_date": "2020-05-19T22:27:21.908Z"}}, {"model": "cms.cmsplugin", "pk": 787, "fields": {"path": "001I00010004", "depth": 3, "numchild": 0, "placeholder": 2, "parent": 783, "position": 3, "language": "en", "plugin_type": "Bootstrap4CarouselSlidePlugin", "creation_date": "2020-05-16T08:46:35.592Z", "changed_date": "2020-05-19T22:27:21.912Z"}}, {"model": "cms.cmsplugin", "pk": 788, "fields": {"path": "001I00010005", "depth": 3, "numchild": 0, "placeholder": 2, "parent": 783, "position": 4, "language": "en", "plugin_type": "Bootstrap4CarouselSlidePlugin", "creation_date": "2020-05-16T08:46:49.607Z", "changed_date": "2020-05-19T22:27:21.917Z"}}, {"model": "cms.cmsplugin", "pk": 789, "fields": {"path": "001H0007", "depth": 2, "numchild": 1, "placeholder": 2, "parent": 753, "position": 4, "language": "en", "plugin_type": "Bootstrap4LinkPlugin", "creation_date": "2020-05-19T22:28:08.898Z", "changed_date": "2020-05-21T04:27:28.453Z"}}, {"model": "cms.cmsplugin", "pk": 1037, "fields": {"path": "001H000200010002", "depth": 4, "numchild": 0, "placeholder": 2, "parent": 756, "position": 0, "language": "en", "plugin_type": "SnippetPlugin", "creation_date": "2020-05-19T23:12:52.586Z", "changed_date": "2020-05-19T23:17:44.006Z"}}, {"model": "cms.cmsplugin", "pk": 1116, "fields": {"path": "001I0004", "depth": 2, "numchild": 1, "placeholder": 2, "parent": 782, "position": 2, "language": "en", "plugin_type": "Bootstrap4GridContainerPlugin", "creation_date": "2020-05-21T03:52:20.109Z", "changed_date": "2020-05-21T04:30:20.742Z"}}, {"model": "cms.cmsplugin", "pk": 1118, "fields": {"path": "001I0004000200010001", "depth": 5, "numchild": 0, "placeholder": 2, "parent": 1186, "position": 0, "language": "en", "plugin_type": "TextPlugin", "creation_date": "2020-05-21T03:54:56.977Z", "changed_date": "2020-06-17T05:35:56.318Z"}}, {"model": "cms.cmsplugin", "pk": 1119, "fields": {"path": "001I0004000200010002", "depth": 5, "numchild": 0, "placeholder": 2, "parent": 1186, "position": 1, "language": "en", "plugin_type": "Bootstrap4PicturePlugin", "creation_date": "2020-05-21T03:56:31.302Z", "changed_date": "2020-06-12T19:12:17.799Z"}}, {"model": "cms.cmsplugin", "pk": 1128, "fields": {"path": "0021", "depth": 1, "numchild": 1, "placeholder": 19, "parent": null, "position": 0, "language": "en", "plugin_type": "Bootstrap4GridContainerPlugin", "creation_date": "2020-05-19T22:05:06.583Z", "changed_date": "2020-05-21T04:23:42.462Z"}}, {"model": "cms.cmsplugin", "pk": 1129, "fields": {"path": "00210001", "depth": 2, "numchild": 1, "placeholder": 19, "parent": 1128, "position": 0, "language": "en", "plugin_type": "Bootstrap4GridRowPlugin", "creation_date": "2020-05-19T22:05:19.409Z", "changed_date": "2020-05-21T04:23:42.469Z"}}, {"model": "cms.cmsplugin", "pk": 1130, "fields": {"path": "002100010001", "depth": 3, "numchild": 1, "placeholder": 19, "parent": 1129, "position": 0, "language": "en", "plugin_type": "Bootstrap4GridColumnPlugin", "creation_date": "2020-05-19T22:05:30.640Z", "changed_date": "2020-05-21T04:23:42.476Z"}}, {"model": "cms.cmsplugin", "pk": 1131, "fields": {"path": "0021000100010001", "depth": 4, "numchild": 0, "placeholder": 19, "parent": 1130, "position": 0, "language": "en", "plugin_type": "Bootstrap4PicturePlugin", "creation_date": "2020-05-19T22:11:13.322Z", "changed_date": "2020-05-21T04:23:42.482Z"}}, {"model": "cms.cmsplugin", "pk": 1136, "fields": {"path": "0023", "depth": 1, "numchild": 1, "placeholder": 21, "parent": null, "position": 0, "language": "en", "plugin_type": "Bootstrap4GridContainerPlugin", "creation_date": "2020-05-19T22:05:06.583Z", "changed_date": "2020-05-21T04:23:58.612Z"}}, {"model": "cms.cmsplugin", "pk": 1137, "fields": {"path": "00230001", "depth": 2, "numchild": 1, "placeholder": 21, "parent": 1136, "position": 0, "language": "en", "plugin_type": "Bootstrap4GridRowPlugin", "creation_date": "2020-05-19T22:05:19.409Z", "changed_date": "2020-05-21T04:23:58.618Z"}}, {"model": "cms.cmsplugin", "pk": 1138, "fields": {"path": "002300010001", "depth": 3, "numchild": 1, "placeholder": 21, "parent": 1137, "position": 0, "language": "en", "plugin_type": "Bootstrap4GridColumnPlugin", "creation_date": "2020-05-19T22:05:30.640Z", "changed_date": "2020-05-21T04:23:58.627Z"}}, {"model": "cms.cmsplugin", "pk": 1139, "fields": {"path": "0023000100010001", "depth": 4, "numchild": 0, "placeholder": 21, "parent": 1138, "position": 0, "language": "en", "plugin_type": "Bootstrap4PicturePlugin", "creation_date": "2020-05-19T22:11:13.322Z", "changed_date": "2020-05-21T04:23:58.634Z"}}, {"model": "cms.cmsplugin", "pk": 1185, "fields": {"path": "001I00040002", "depth": 3, "numchild": 1, "placeholder": 2, "parent": 1116, "position": 0, "language": "en", "plugin_type": "Bootstrap4GridRowPlugin", "creation_date": "2020-05-21T04:29:21.270Z", "changed_date": "2020-05-21T04:29:21.273Z"}}, {"model": "cms.cmsplugin", "pk": 1186, "fields": {"path": "001I000400020001", "depth": 4, "numchild": 2, "placeholder": 2, "parent": 1185, "position": 0, "language": "en", "plugin_type": "Bootstrap4GridColumnPlugin", "creation_date": "2020-05-21T04:29:21.276Z", "changed_date": "2020-05-21T04:30:14.431Z"}}, {"model": "cms.cmsplugin", "pk": 1233, "fields": {"path": "0028", "depth": 1, "numchild": 1, "placeholder": 27, "parent": null, "position": 1, "language": "en", "plugin_type": "Bootstrap4GridContainerPlugin", "creation_date": "2020-05-22T15:38:32.135Z", "changed_date": "2020-06-01T20:50:07.079Z"}}, {"model": "cms.cmsplugin", "pk": 1234, "fields": {"path": "00280001", "depth": 2, "numchild": 2, "placeholder": 27, "parent": 1233, "position": 0, "language": "en", "plugin_type": "Bootstrap4GridRowPlugin", "creation_date": "2020-05-22T15:38:42.373Z", "changed_date": "2020-06-01T20:48:48.652Z"}}, {"model": "cms.cmsplugin", "pk": 1235, "fields": {"path": "002800010001", "depth": 3, "numchild": 1, "placeholder": 27, "parent": 1234, "position": 0, "language": "en", "plugin_type": "Bootstrap4GridColumnPlugin", "creation_date": "2020-05-22T15:38:42.377Z", "changed_date": "2020-06-01T20:50:24.477Z"}}, {"model": "cms.cmsplugin", "pk": 1236, "fields": {"path": "0028000100010001", "depth": 4, "numchild": 0, "placeholder": 27, "parent": 1235, "position": 0, "language": "en", "plugin_type": "SnippetPlugin", "creation_date": "2020-05-22T15:39:16.053Z", "changed_date": "2020-06-01T20:53:09.807Z"}}, {"model": "cms.cmsplugin", "pk": 1238, "fields": {"path": "0029", "depth": 1, "numchild": 1, "placeholder": 27, "parent": null, "position": 0, "language": "en", "plugin_type": "Bootstrap4GridContainerPlugin", "creation_date": "2020-05-22T15:56:32.885Z", "changed_date": "2020-05-22T15:56:32.888Z"}}, {"model": "cms.cmsplugin", "pk": 1239, "fields": {"path": "00290001", "depth": 2, "numchild": 1, "placeholder": 27, "parent": 1238, "position": 0, "language": "en", "plugin_type": "Bootstrap4GridRowPlugin", "creation_date": "2020-05-22T15:56:42.153Z", "changed_date": "2020-05-22T15:56:42.156Z"}}, {"model": "cms.cmsplugin", "pk": 1240, "fields": {"path": "002900010001", "depth": 3, "numchild": 2, "placeholder": 27, "parent": 1239, "position": 0, "language": "en", "plugin_type": "Bootstrap4GridColumnPlugin", "creation_date": "2020-05-22T15:56:42.158Z", "changed_date": "2020-05-31T03:38:56.482Z"}}, {"model": "cms.cmsplugin", "pk": 1241, "fields": {"path": "0029000100010001", "depth": 4, "numchild": 0, "placeholder": 27, "parent": 1240, "position": 0, "language": "en", "plugin_type": "TextPlugin", "creation_date": "2020-05-22T15:56:48.453Z", "changed_date": "2020-05-22T15:56:48.453Z"}}, {"model": "cms.cmsplugin", "pk": 1245, "fields": {"path": "0029000100010002", "depth": 4, "numchild": 0, "placeholder": 27, "parent": 1240, "position": 1, "language": "en", "plugin_type": "SnippetPlugin", "creation_date": "2020-05-22T16:17:29.780Z", "changed_date": "2020-06-01T20:54:15.861Z"}}, {"model": "cms.cmsplugin", "pk": 1246, "fields": {"path": "0028000100020001", "depth": 4, "numchild": 0, "placeholder": 27, "parent": 1361, "position": 0, "language": "en", "plugin_type": "SnippetPlugin", "creation_date": "2020-05-22T16:22:06.235Z", "changed_date": "2020-06-01T20:46:42.618Z"}}, {"model": "cms.cmsplugin", "pk": 1343, "fields": {"path": "002D", "depth": 1, "numchild": 1, "placeholder": 12, "parent": null, "position": 0, "language": "en", "plugin_type": "Bootstrap4GridContainerPlugin", "creation_date": "2020-05-31T21:54:21.923Z", "changed_date": "2020-05-31T21:58:39.146Z"}}, {"model": "cms.cmsplugin", "pk": 1344, "fields": {"path": "002D0001", "depth": 2, "numchild": 1, "placeholder": 12, "parent": 1343, "position": 0, "language": "en", "plugin_type": "Bootstrap4GridRowPlugin", "creation_date": "2020-05-31T21:54:25.859Z", "changed_date": "2020-05-31T21:58:39.159Z"}}, {"model": "cms.cmsplugin", "pk": 1345, "fields": {"path": "002D00010001", "depth": 3, "numchild": 1, "placeholder": 12, "parent": 1344, "position": 0, "language": "en", "plugin_type": "Bootstrap4GridColumnPlugin", "creation_date": "2020-05-31T21:54:30.971Z", "changed_date": "2020-05-31T21:58:39.173Z"}}, {"model": "cms.cmsplugin", "pk": 1346, "fields": {"path": "002D000100010001", "depth": 4, "numchild": 0, "placeholder": 12, "parent": 1345, "position": 0, "language": "en", "plugin_type": "Bootstrap4LinkPlugin", "creation_date": "2020-05-31T21:55:00.372Z", "changed_date": "2020-05-31T21:58:39.186Z"}}, {"model": "cms.cmsplugin", "pk": 1347, "fields": {"path": "002E", "depth": 1, "numchild": 1, "placeholder": 55, "parent": null, "position": 0, "language": "en", "plugin_type": "Bootstrap4GridContainerPlugin", "creation_date": "2020-05-31T21:54:21.923Z", "changed_date": "2020-05-31T21:58:56.236Z"}}, {"model": "cms.cmsplugin", "pk": 1348, "fields": {"path": "002E0001", "depth": 2, "numchild": 1, "placeholder": 55, "parent": 1347, "position": 0, "language": "en", "plugin_type": "Bootstrap4GridRowPlugin", "creation_date": "2020-05-31T21:54:25.859Z", "changed_date": "2020-05-31T21:58:56.249Z"}}, {"model": "cms.cmsplugin", "pk": 1349, "fields": {"path": "002E00010001", "depth": 3, "numchild": 3, "placeholder": 55, "parent": 1348, "position": 0, "language": "en", "plugin_type": "Bootstrap4GridColumnPlugin", "creation_date": "2020-05-31T21:54:30.971Z", "changed_date": "2020-05-31T21:58:56.260Z"}}, {"model": "cms.cmsplugin", "pk": 1350, "fields": {"path": "002E000100010001", "depth": 4, "numchild": 0, "placeholder": 55, "parent": 1349, "position": 1, "language": "en", "plugin_type": "Bootstrap4LinkPlugin", "creation_date": "2020-05-31T21:55:00.372Z", "changed_date": "2020-07-27T14:27:45.730Z"}}, {"model": "cms.cmsplugin", "pk": 1351, "fields": {"path": "002E000100010002", "depth": 4, "numchild": 0, "placeholder": 55, "parent": 1349, "position": 0, "language": "en", "plugin_type": "TextPlugin", "creation_date": "2020-05-31T21:59:18.875Z", "changed_date": "2020-06-11T23:05:31.827Z"}}, {"model": "cms.cmsplugin", "pk": 1361, "fields": {"path": "002800010002", "depth": 3, "numchild": 1, "placeholder": 27, "parent": 1234, "position": 1, "language": "en", "plugin_type": "Bootstrap4GridColumnPlugin", "creation_date": "2020-06-01T20:44:26.281Z", "changed_date": "2020-06-01T20:50:35.550Z"}}, {"model": "cms.cmsplugin", "pk": 1851, "fields": {"path": "003C", "depth": 1, "numchild": 0, "placeholder": 2, "parent": null, "position": 2, "language": "en", "plugin_type": "SnippetPlugin", "creation_date": "2020-06-11T21:42:14.850Z", "changed_date": "2020-06-11T22:50:36.066Z"}}, {"model": "cms.cmsplugin", "pk": 1853, "fields": {"path": "002E000100010003", "depth": 4, "numchild": 0, "placeholder": 55, "parent": 1349, "position": 2, "language": "en", "plugin_type": "TextPlugin", "creation_date": "2020-06-11T22:52:10.901Z", "changed_date": "2020-06-11T22:52:16.382Z"}}, {"model": "cms.cmsplugin", "pk": 1999, "fields": {"path": "000Y000100010001000200010001", "depth": 7, "numchild": 0, "placeholder": 6, "parent": 60, "position": 0, "language": "en", "plugin_type": "IconPlugin", "creation_date": "2020-06-12T23:01:57.645Z", "changed_date": "2020-06-12T23:01:57.647Z"}}, {"model": "cms.cmsplugin", "pk": 2000, "fields": {"path": "000Y000100010001000200010002", "depth": 7, "numchild": 0, "placeholder": 6, "parent": 60, "position": 1, "language": "en", "plugin_type": "IconPlugin", "creation_date": "2020-06-12T23:02:38.184Z", "changed_date": "2020-06-12T23:02:38.187Z"}}, {"model": "cms.cmsplugin", "pk": 2001, "fields": {"path": "000Y000100010001000200010003", "depth": 7, "numchild": 0, "placeholder": 6, "parent": 60, "position": 2, "language": "en", "plugin_type": "IconPlugin", "creation_date": "2020-06-12T23:04:08.988Z", "changed_date": "2020-06-12T23:04:08.991Z"}}, {"model": "cms.cmsplugin", "pk": 2002, "fields": {"path": "000Y000100010001000300010001", "depth": 7, "numchild": 0, "placeholder": 6, "parent": 62, "position": 0, "language": "en", "plugin_type": "IconPlugin", "creation_date": "2020-06-12T23:04:42.607Z", "changed_date": "2020-06-12T23:04:42.608Z"}}, {"model": "cms.cmsplugin", "pk": 2003, "fields": {"path": "000Y000100010001000400010001", "depth": 7, "numchild": 0, "placeholder": 6, "parent": 64, "position": 0, "language": "en", "plugin_type": "IconPlugin", "creation_date": "2020-06-12T23:07:32.463Z", "changed_date": "2020-06-12T23:07:32.465Z"}}, {"model": "cms.cmsplugin", "pk": 2004, "fields": {"path": "000Y000100010001000500010001", "depth": 7, "numchild": 0, "placeholder": 6, "parent": 66, "position": 0, "language": "en", "plugin_type": "IconPlugin", "creation_date": "2020-06-12T23:10:37.501Z", "changed_date": "2020-06-12T23:10:37.503Z"}}, {"model": "cms.cmsplugin", "pk": 2030, "fields": {"path": "002E0001000100020001", "depth": 5, "numchild": 0, "placeholder": 55, "parent": 1351, "position": 0, "language": "en", "plugin_type": "IconPlugin", "creation_date": "2020-06-12T23:12:22.883Z", "changed_date": "2020-06-12T23:12:22.885Z"}}, {"model": "cms.cmsplugin", "pk": 3323, "fields": {"path": "005G", "depth": 1, "numchild": 1, "placeholder": 60, "parent": null, "position": 1, "language": "en", "plugin_type": "Bootstrap4GridContainerPlugin", "creation_date": "2020-05-22T15:38:32.135Z", "changed_date": "2020-07-27T14:26:54.385Z"}}, {"model": "cms.cmsplugin", "pk": 3324, "fields": {"path": "005G0001", "depth": 2, "numchild": 2, "placeholder": 60, "parent": 3323, "position": 0, "language": "en", "plugin_type": "Bootstrap4GridRowPlugin", "creation_date": "2020-05-22T15:38:42.373Z", "changed_date": "2020-07-27T14:26:54.387Z"}}, {"model": "cms.cmsplugin", "pk": 3325, "fields": {"path": "005G00010001", "depth": 3, "numchild": 1, "placeholder": 60, "parent": 3324, "position": 0, "language": "en", "plugin_type": "Bootstrap4GridColumnPlugin", "creation_date": "2020-05-22T15:38:42.377Z", "changed_date": "2020-07-27T14:26:54.390Z"}}, {"model": "cms.cmsplugin", "pk": 3326, "fields": {"path": "005G000100010001", "depth": 4, "numchild": 0, "placeholder": 60, "parent": 3325, "position": 0, "language": "en", "plugin_type": "SnippetPlugin", "creation_date": "2020-05-22T15:39:16.053Z", "changed_date": "2020-07-27T14:26:54.392Z"}}, {"model": "cms.cmsplugin", "pk": 3327, "fields": {"path": "005G00010002", "depth": 3, "numchild": 1, "placeholder": 60, "parent": 3324, "position": 1, "language": "en", "plugin_type": "Bootstrap4GridColumnPlugin", "creation_date": "2020-06-01T20:44:26.281Z", "changed_date": "2020-07-27T14:26:54.397Z"}}, {"model": "cms.cmsplugin", "pk": 3328, "fields": {"path": "005G000100020001", "depth": 4, "numchild": 0, "placeholder": 60, "parent": 3327, "position": 0, "language": "en", "plugin_type": "SnippetPlugin", "creation_date": "2020-05-22T16:22:06.235Z", "changed_date": "2020-07-27T14:26:54.399Z"}}, {"model": "cms.cmsplugin", "pk": 3329, "fields": {"path": "005H", "depth": 1, "numchild": 1, "placeholder": 60, "parent": null, "position": 0, "language": "en", "plugin_type": "Bootstrap4GridContainerPlugin", "creation_date": "2020-05-22T15:56:32.885Z", "changed_date": "2020-07-27T14:26:54.402Z"}}, {"model": "cms.cmsplugin", "pk": 3330, "fields": {"path": "005H0001", "depth": 2, "numchild": 1, "placeholder": 60, "parent": 3329, "position": 0, "language": "en", "plugin_type": "Bootstrap4GridRowPlugin", "creation_date": "2020-05-22T15:56:42.153Z", "changed_date": "2020-07-27T14:26:54.404Z"}}, {"model": "cms.cmsplugin", "pk": 3331, "fields": {"path": "005H00010001", "depth": 3, "numchild": 1, "placeholder": 60, "parent": 3330, "position": 0, "language": "en", "plugin_type": "Bootstrap4GridColumnPlugin", "creation_date": "2020-05-22T15:56:42.158Z", "changed_date": "2020-07-27T14:26:54.406Z"}}, {"model": "cms.cmsplugin", "pk": 3332, "fields": {"path": "005H000100010001", "depth": 4, "numchild": 0, "placeholder": 60, "parent": 3331, "position": 1, "language": "en", "plugin_type": "SnippetPlugin", "creation_date": "2020-05-22T16:17:29.780Z", "changed_date": "2020-07-27T14:26:54.409Z"}}, {"model": "cms.cmsplugin", "pk": 3333, "fields": {"path": "005I", "depth": 1, "numchild": 1, "placeholder": 23, "parent": null, "position": 0, "language": "en", "plugin_type": "Bootstrap4GridContainerPlugin", "creation_date": "2020-05-19T22:05:06.583Z", "changed_date": "2020-07-27T14:26:57.816Z"}}, {"model": "cms.cmsplugin", "pk": 3334, "fields": {"path": "005I0001", "depth": 2, "numchild": 1, "placeholder": 23, "parent": 3333, "position": 0, "language": "en", "plugin_type": "Bootstrap4GridRowPlugin", "creation_date": "2020-05-19T22:05:19.409Z", "changed_date": "2020-07-27T14:26:57.818Z"}}, {"model": "cms.cmsplugin", "pk": 3335, "fields": {"path": "005I00010001", "depth": 3, "numchild": 1, "placeholder": 23, "parent": 3334, "position": 0, "language": "en", "plugin_type": "Bootstrap4GridColumnPlugin", "creation_date": "2020-05-19T22:05:30.640Z", "changed_date": "2020-07-27T14:26:57.821Z"}}, {"model": "cms.cmsplugin", "pk": 3336, "fields": {"path": "005I000100010001", "depth": 4, "numchild": 0, "placeholder": 23, "parent": 3335, "position": 0, "language": "en", "plugin_type": "Bootstrap4PicturePlugin", "creation_date": "2020-05-19T22:11:13.322Z", "changed_date": "2020-07-27T14:26:57.824Z"}}, {"model": "cms.cmsplugin", "pk": 3337, "fields": {"path": "005J", "depth": 1, "numchild": 1, "placeholder": 25, "parent": null, "position": 0, "language": "en", "plugin_type": "Bootstrap4GridContainerPlugin", "creation_date": "2020-05-19T22:05:06.583Z", "changed_date": "2020-07-27T14:27:01.092Z"}}, {"model": "cms.cmsplugin", "pk": 3338, "fields": {"path": "005J0001", "depth": 2, "numchild": 1, "placeholder": 25, "parent": 3337, "position": 0, "language": "en", "plugin_type": "Bootstrap4GridRowPlugin", "creation_date": "2020-05-19T22:05:19.409Z", "changed_date": "2020-07-27T14:27:01.093Z"}}, {"model": "cms.cmsplugin", "pk": 3339, "fields": {"path": "005J00010001", "depth": 3, "numchild": 1, "placeholder": 25, "parent": 3338, "position": 0, "language": "en", "plugin_type": "Bootstrap4GridColumnPlugin", "creation_date": "2020-05-19T22:05:30.640Z", "changed_date": "2020-07-27T14:27:01.096Z"}}, {"model": "cms.cmsplugin", "pk": 3340, "fields": {"path": "005J000100010001", "depth": 4, "numchild": 0, "placeholder": 25, "parent": 3339, "position": 0, "language": "en", "plugin_type": "Bootstrap4PicturePlugin", "creation_date": "2020-05-19T22:11:13.322Z", "changed_date": "2020-07-27T14:27:01.099Z"}}, {"model": "cms.cmsplugin", "pk": 3341, "fields": {"path": "0018000100020001", "depth": 4, "numchild": 2, "placeholder": 4, "parent": 633, "position": 0, "language": "en", "plugin_type": "TextPlugin", "creation_date": "2020-07-27T14:29:55.120Z", "changed_date": "2020-10-06T17:20:19.004Z"}}, {"model": "cms.cmsplugin", "pk": 3389, "fields": {"path": "005O", "depth": 1, "numchild": 1, "placeholder": 7, "parent": null, "position": 0, "language": "en", "plugin_type": "Bootstrap4GridContainerPlugin", "creation_date": "2020-05-19T02:52:33.890Z", "changed_date": "2020-08-28T05:04:06.710Z"}}, {"model": "cms.cmsplugin", "pk": 3390, "fields": {"path": "005O0001", "depth": 2, "numchild": 0, "placeholder": 7, "parent": 3389, "position": 0, "language": "en", "plugin_type": "GoogleMapPlugin", "creation_date": "2020-05-18T05:18:14.212Z", "changed_date": "2020-08-28T05:04:06.712Z"}}, {"model": "cms.cmsplugin", "pk": 3391, "fields": {"path": "005P", "depth": 1, "numchild": 1, "placeholder": 7, "parent": null, "position": 1, "language": "en", "plugin_type": "Bootstrap4GridContainerPlugin", "creation_date": "2020-05-16T11:38:32.807Z", "changed_date": "2020-08-28T05:04:06.716Z"}}, {"model": "cms.cmsplugin", "pk": 3392, "fields": {"path": "005P0001", "depth": 2, "numchild": 2, "placeholder": 7, "parent": 3391, "position": 1, "language": "en", "plugin_type": "Bootstrap4GridRowPlugin", "creation_date": "2020-05-16T11:38:39.096Z", "changed_date": "2020-08-28T05:04:06.717Z"}}, {"model": "cms.cmsplugin", "pk": 3393, "fields": {"path": "005P00010001", "depth": 3, "numchild": 1, "placeholder": 7, "parent": 3392, "position": 0, "language": "en", "plugin_type": "Bootstrap4GridColumnPlugin", "creation_date": "2020-05-16T11:38:44.663Z", "changed_date": "2020-08-28T05:04:06.720Z"}}, {"model": "cms.cmsplugin", "pk": 3394, "fields": {"path": "005P000100010001", "depth": 4, "numchild": 5, "placeholder": 7, "parent": 3393, "position": 0, "language": "en", "plugin_type": "Bootstrap4ListGroupPlugin", "creation_date": "2020-05-16T11:39:25.947Z", "changed_date": "2020-08-28T05:04:06.722Z"}}, {"model": "cms.cmsplugin", "pk": 3395, "fields": {"path": "005P0001000100010001", "depth": 5, "numchild": 1, "placeholder": 7, "parent": 3394, "position": 0, "language": "en", "plugin_type": "Bootstrap4ListGroupItemPlugin", "creation_date": "2020-05-16T11:39:40.371Z", "changed_date": "2020-08-28T05:04:06.725Z"}}, {"model": "cms.cmsplugin", "pk": 3396, "fields": {"path": "005P00010001000100010001", "depth": 6, "numchild": 0, "placeholder": 7, "parent": 3395, "position": 0, "language": "en", "plugin_type": "TextPlugin", "creation_date": "2020-05-16T11:39:46.585Z", "changed_date": "2020-08-28T05:04:06.807Z"}}, {"model": "cms.cmsplugin", "pk": 3397, "fields": {"path": "005P0001000100010002", "depth": 5, "numchild": 1, "placeholder": 7, "parent": 3394, "position": 1, "language": "en", "plugin_type": "Bootstrap4ListGroupItemPlugin", "creation_date": "2020-05-16T11:40:32.515Z", "changed_date": "2020-08-28T05:04:06.736Z"}}, {"model": "cms.cmsplugin", "pk": 3398, "fields": {"path": "005P00010001000100020001", "depth": 6, "numchild": 3, "placeholder": 7, "parent": 3397, "position": 0, "language": "en", "plugin_type": "TextPlugin", "creation_date": "2020-05-16T11:40:34.914Z", "changed_date": "2020-08-28T05:04:06.816Z"}}, {"model": "cms.cmsplugin", "pk": 3399, "fields": {"path": "005P000100010001000200010001", "depth": 7, "numchild": 0, "placeholder": 7, "parent": 3398, "position": 0, "language": "en", "plugin_type": "IconPlugin", "creation_date": "2020-06-12T23:01:57.645Z", "changed_date": "2020-08-28T05:04:06.747Z"}}, {"model": "cms.cmsplugin", "pk": 3400, "fields": {"path": "005P000100010001000200010002", "depth": 7, "numchild": 0, "placeholder": 7, "parent": 3398, "position": 1, "language": "en", "plugin_type": "IconPlugin", "creation_date": "2020-06-12T23:02:38.184Z", "changed_date": "2020-08-28T05:04:06.751Z"}}, {"model": "cms.cmsplugin", "pk": 3401, "fields": {"path": "005P000100010001000200010003", "depth": 7, "numchild": 0, "placeholder": 7, "parent": 3398, "position": 2, "language": "en", "plugin_type": "IconPlugin", "creation_date": "2020-06-12T23:04:08.988Z", "changed_date": "2020-08-28T05:04:06.756Z"}}, {"model": "cms.cmsplugin", "pk": 3402, "fields": {"path": "005P0001000100010003", "depth": 5, "numchild": 1, "placeholder": 7, "parent": 3394, "position": 2, "language": "en", "plugin_type": "Bootstrap4ListGroupItemPlugin", "creation_date": "2020-05-16T11:40:51.688Z", "changed_date": "2020-08-28T05:04:06.761Z"}}, {"model": "cms.cmsplugin", "pk": 3403, "fields": {"path": "005P00010001000100030001", "depth": 6, "numchild": 1, "placeholder": 7, "parent": 3402, "position": 0, "language": "en", "plugin_type": "TextPlugin", "creation_date": "2020-05-16T11:40:54.407Z", "changed_date": "2020-08-28T05:04:06.824Z"}}, {"model": "cms.cmsplugin", "pk": 3404, "fields": {"path": "005P000100010001000300010001", "depth": 7, "numchild": 0, "placeholder": 7, "parent": 3403, "position": 0, "language": "en", "plugin_type": "IconPlugin", "creation_date": "2020-06-12T23:04:42.607Z", "changed_date": "2020-08-28T05:04:06.769Z"}}, {"model": "cms.cmsplugin", "pk": 3405, "fields": {"path": "005P0001000100010004", "depth": 5, "numchild": 1, "placeholder": 7, "parent": 3394, "position": 3, "language": "en", "plugin_type": "Bootstrap4ListGroupItemPlugin", "creation_date": "2020-05-16T11:41:08.698Z", "changed_date": "2020-08-28T05:04:06.773Z"}}, {"model": "cms.cmsplugin", "pk": 3406, "fields": {"path": "005P00010001000100040001", "depth": 6, "numchild": 1, "placeholder": 7, "parent": 3405, "position": 0, "language": "en", "plugin_type": "TextPlugin", "creation_date": "2020-05-16T11:41:15.603Z", "changed_date": "2020-08-28T05:04:06.831Z"}}, {"model": "cms.cmsplugin", "pk": 3407, "fields": {"path": "005P000100010001000400010001", "depth": 7, "numchild": 0, "placeholder": 7, "parent": 3406, "position": 0, "language": "en", "plugin_type": "IconPlugin", "creation_date": "2020-06-12T23:07:32.463Z", "changed_date": "2020-08-28T05:04:06.783Z"}}, {"model": "cms.cmsplugin", "pk": 3408, "fields": {"path": "005P0001000100010005", "depth": 5, "numchild": 1, "placeholder": 7, "parent": 3394, "position": 4, "language": "en", "plugin_type": "Bootstrap4ListGroupItemPlugin", "creation_date": "2020-05-16T11:41:26.190Z", "changed_date": "2020-08-28T05:04:06.787Z"}}, {"model": "cms.cmsplugin", "pk": 3409, "fields": {"path": "005P00010001000100050001", "depth": 6, "numchild": 1, "placeholder": 7, "parent": 3408, "position": 0, "language": "en", "plugin_type": "TextPlugin", "creation_date": "2020-05-16T11:41:29.046Z", "changed_date": "2020-08-28T05:04:06.838Z"}}, {"model": "cms.cmsplugin", "pk": 3410, "fields": {"path": "005P000100010001000500010001", "depth": 7, "numchild": 0, "placeholder": 7, "parent": 3409, "position": 0, "language": "en", "plugin_type": "IconPlugin", "creation_date": "2020-06-12T23:10:37.501Z", "changed_date": "2020-08-28T05:04:06.795Z"}}, {"model": "cms.cmsplugin", "pk": 3411, "fields": {"path": "005P00010002", "depth": 3, "numchild": 1, "placeholder": 7, "parent": 3392, "position": 1, "language": "en", "plugin_type": "Bootstrap4GridColumnPlugin", "creation_date": "2020-05-18T05:52:20.158Z", "changed_date": "2020-08-28T05:04:06.799Z"}}, {"model": "cms.cmsplugin", "pk": 3412, "fields": {"path": "005P000100020001", "depth": 4, "numchild": 0, "placeholder": 7, "parent": 3411, "position": 0, "language": "en", "plugin_type": "SnippetPlugin", "creation_date": "2020-05-18T06:13:01.558Z", "changed_date": "2020-08-28T05:04:06.802Z"}}, {"model": "cms.cmsplugin", "pk": 3413, "fields": {"path": "001I0005", "depth": 2, "numchild": 1, "placeholder": 2, "parent": 782, "position": 0, "language": "en", "plugin_type": "Bootstrap4GridRowPlugin", "creation_date": "2020-10-06T15:39:49.079Z", "changed_date": "2020-10-06T15:46:04.481Z"}}, {"model": "cms.cmsplugin", "pk": 3414, "fields": {"path": "001I00050001", "depth": 3, "numchild": 1, "placeholder": 2, "parent": 3413, "position": 0, "language": "en", "plugin_type": "Bootstrap4GridColumnPlugin", "creation_date": "2020-10-06T15:40:04.774Z", "changed_date": "2020-10-06T15:45:36.941Z"}}, {"model": "cms.cmsplugin", "pk": 3415, "fields": {"path": "001I000500010001", "depth": 4, "numchild": 2, "placeholder": 2, "parent": 3414, "position": 0, "language": "en", "plugin_type": "Bootstrap4JumbotronPlugin", "creation_date": "2020-10-06T15:40:28.016Z", "changed_date": "2020-10-06T16:11:18.690Z"}}, {"model": "cms.cmsplugin", "pk": 3416, "fields": {"path": "001I000500010001000300010001", "depth": 7, "numchild": 0, "placeholder": 2, "parent": 3419, "position": 0, "language": "en", "plugin_type": "TextPlugin", "creation_date": "2020-10-06T15:40:46.578Z", "changed_date": "2020-10-06T16:09:51.195Z"}}, {"model": "cms.cmsplugin", "pk": 3417, "fields": {"path": "001I0005000100010002", "depth": 5, "numchild": 0, "placeholder": 2, "parent": 3415, "position": 0, "language": "en", "plugin_type": "SnippetPlugin", "creation_date": "2020-10-06T15:43:59.336Z", "changed_date": "2020-10-06T16:05:24.786Z"}}, {"model": "cms.cmsplugin", "pk": 3418, "fields": {"path": "001I0005000100010003", "depth": 5, "numchild": 1, "placeholder": 2, "parent": 3415, "position": 2, "language": "en", "plugin_type": "Bootstrap4GridRowPlugin", "creation_date": "2020-10-06T16:11:02.507Z", "changed_date": "2020-10-06T16:11:43.186Z"}}, {"model": "cms.cmsplugin", "pk": 3419, "fields": {"path": "001I00050001000100030001", "depth": 6, "numchild": 1, "placeholder": 2, "parent": 3418, "position": 0, "language": "en", "plugin_type": "Bootstrap4GridColumnPlugin", "creation_date": "2020-10-06T16:11:02.519Z", "changed_date": "2020-10-06T16:11:02.519Z"}}, {"model": "cms.cmsplugin", "pk": 3470, "fields": {"path": "005T", "depth": 1, "numchild": 1, "placeholder": 90, "parent": null, "position": 0, "language": "en", "plugin_type": "Bootstrap4GridContainerPlugin", "creation_date": "2020-10-06T17:09:21.133Z", "changed_date": "2020-10-06T17:09:21.137Z"}}, {"model": "cms.cmsplugin", "pk": 3471, "fields": {"path": "005T0001", "depth": 2, "numchild": 1, "placeholder": 90, "parent": 3470, "position": 0, "language": "en", "plugin_type": "Bootstrap4GridRowPlugin", "creation_date": "2020-10-06T17:09:26.931Z", "changed_date": "2020-10-06T17:09:26.934Z"}}, {"model": "cms.cmsplugin", "pk": 3472, "fields": {"path": "005T00010001", "depth": 3, "numchild": 1, "placeholder": 90, "parent": 3471, "position": 0, "language": "en", "plugin_type": "Bootstrap4GridColumnPlugin", "creation_date": "2020-10-06T17:09:30.636Z", "changed_date": "2020-10-06T17:09:30.642Z"}}, {"model": "cms.cmsplugin", "pk": 3473, "fields": {"path": "005T000100010001", "depth": 4, "numchild": 0, "placeholder": 90, "parent": 3472, "position": 0, "language": "en", "plugin_type": "TextPlugin", "creation_date": "2020-10-06T17:09:39.234Z", "changed_date": "2020-10-06T17:10:25.819Z"}}, {"model": "cms.cmsplugin", "pk": 3478, "fields": {"path": "005U", "depth": 1, "numchild": 1, "placeholder": 92, "parent": null, "position": 0, "language": "en", "plugin_type": "Bootstrap4GridContainerPlugin", "creation_date": "2020-10-06T17:09:21.133Z", "changed_date": "2020-10-06T17:11:13.282Z"}}, {"model": "cms.cmsplugin", "pk": 3479, "fields": {"path": "005U0001", "depth": 2, "numchild": 1, "placeholder": 92, "parent": 3478, "position": 0, "language": "en", "plugin_type": "Bootstrap4GridRowPlugin", "creation_date": "2020-10-06T17:09:26.931Z", "changed_date": "2020-10-06T17:11:13.283Z"}}, {"model": "cms.cmsplugin", "pk": 3480, "fields": {"path": "005U00010001", "depth": 3, "numchild": 1, "placeholder": 92, "parent": 3479, "position": 0, "language": "en", "plugin_type": "Bootstrap4GridColumnPlugin", "creation_date": "2020-10-06T17:09:30.636Z", "changed_date": "2020-10-06T17:11:13.286Z"}}, {"model": "cms.cmsplugin", "pk": 3481, "fields": {"path": "005U000100010001", "depth": 4, "numchild": 0, "placeholder": 92, "parent": 3480, "position": 0, "language": "en", "plugin_type": "TextPlugin", "creation_date": "2020-10-06T17:09:39.234Z", "changed_date": "2020-10-06T17:11:13.346Z"}}, {"model": "cms.cmsplugin", "pk": 3482, "fields": {"path": "00180001000200010001", "depth": 5, "numchild": 0, "placeholder": 4, "parent": 3341, "position": 0, "language": "en", "plugin_type": "Bootstrap4LinkPlugin", "creation_date": "2020-10-06T17:12:12.900Z", "changed_date": "2020-10-06T17:12:12.915Z"}}, {"model": "cms.cmsplugin", "pk": 3542, "fields": {"path": "005Z", "depth": 1, "numchild": 1, "placeholder": 94, "parent": null, "position": 0, "language": "en", "plugin_type": "Bootstrap4GridContainerPlugin", "creation_date": "2020-10-06T17:09:21.133Z", "changed_date": "2020-10-06T17:17:04.472Z"}}, {"model": "cms.cmsplugin", "pk": 3543, "fields": {"path": "005Z0001", "depth": 2, "numchild": 1, "placeholder": 94, "parent": 3542, "position": 0, "language": "en", "plugin_type": "Bootstrap4GridRowPlugin", "creation_date": "2020-10-06T17:09:26.931Z", "changed_date": "2020-10-06T17:17:04.474Z"}}, {"model": "cms.cmsplugin", "pk": 3544, "fields": {"path": "005Z00010001", "depth": 3, "numchild": 1, "placeholder": 94, "parent": 3543, "position": 0, "language": "en", "plugin_type": "Bootstrap4GridColumnPlugin", "creation_date": "2020-10-06T17:09:30.636Z", "changed_date": "2020-10-06T17:17:04.477Z"}}, {"model": "cms.cmsplugin", "pk": 3545, "fields": {"path": "005Z000100010001", "depth": 4, "numchild": 0, "placeholder": 94, "parent": 3544, "position": 0, "language": "en", "plugin_type": "TextPlugin", "creation_date": "2020-10-06T17:09:39.234Z", "changed_date": "2020-10-06T17:17:24.851Z"}}, {"model": "cms.cmsplugin", "pk": 3550, "fields": {"path": "0060", "depth": 1, "numchild": 1, "placeholder": 96, "parent": null, "position": 0, "language": "en", "plugin_type": "Bootstrap4GridContainerPlugin", "creation_date": "2020-10-06T17:09:21.133Z", "changed_date": "2020-10-06T17:17:56.216Z"}}, {"model": "cms.cmsplugin", "pk": 3551, "fields": {"path": "00600001", "depth": 2, "numchild": 1, "placeholder": 96, "parent": 3550, "position": 0, "language": "en", "plugin_type": "Bootstrap4GridRowPlugin", "creation_date": "2020-10-06T17:09:26.931Z", "changed_date": "2020-10-06T17:17:56.218Z"}}, {"model": "cms.cmsplugin", "pk": 3552, "fields": {"path": "006000010001", "depth": 3, "numchild": 1, "placeholder": 96, "parent": 3551, "position": 0, "language": "en", "plugin_type": "Bootstrap4GridColumnPlugin", "creation_date": "2020-10-06T17:09:30.636Z", "changed_date": "2020-10-06T17:17:56.221Z"}}, {"model": "cms.cmsplugin", "pk": 3553, "fields": {"path": "0060000100010001", "depth": 4, "numchild": 0, "placeholder": 96, "parent": 3552, "position": 0, "language": "en", "plugin_type": "TextPlugin", "creation_date": "2020-10-06T17:09:39.234Z", "changed_date": "2020-10-06T17:17:56.255Z"}}, {"model": "cms.cmsplugin", "pk": 3554, "fields": {"path": "0061", "depth": 1, "numchild": 1, "placeholder": 57, "parent": null, "position": 0, "language": "en", "plugin_type": "Bootstrap4GridContainerPlugin", "creation_date": "2020-05-31T21:54:21.923Z", "changed_date": "2020-10-06T17:18:22.027Z"}}, {"model": "cms.cmsplugin", "pk": 3555, "fields": {"path": "00610001", "depth": 2, "numchild": 1, "placeholder": 57, "parent": 3554, "position": 0, "language": "en", "plugin_type": "Bootstrap4GridRowPlugin", "creation_date": "2020-05-31T21:54:25.859Z", "changed_date": "2020-10-06T17:18:22.029Z"}}, {"model": "cms.cmsplugin", "pk": 3556, "fields": {"path": "006100010001", "depth": 3, "numchild": 3, "placeholder": 57, "parent": 3555, "position": 0, "language": "en", "plugin_type": "Bootstrap4GridColumnPlugin", "creation_date": "2020-05-31T21:54:30.971Z", "changed_date": "2020-10-06T17:18:22.031Z"}}, {"model": "cms.cmsplugin", "pk": 3557, "fields": {"path": "0061000100010001", "depth": 4, "numchild": 0, "placeholder": 57, "parent": 3556, "position": 1, "language": "en", "plugin_type": "Bootstrap4LinkPlugin", "creation_date": "2020-05-31T21:55:00.372Z", "changed_date": "2020-10-06T17:18:22.034Z"}}, {"model": "cms.cmsplugin", "pk": 3558, "fields": {"path": "0061000100010002", "depth": 4, "numchild": 1, "placeholder": 57, "parent": 3556, "position": 0, "language": "en", "plugin_type": "TextPlugin", "creation_date": "2020-05-31T21:59:18.875Z", "changed_date": "2020-10-06T17:18:22.055Z"}}, {"model": "cms.cmsplugin", "pk": 3559, "fields": {"path": "00610001000100020001", "depth": 5, "numchild": 0, "placeholder": 57, "parent": 3558, "position": 0, "language": "en", "plugin_type": "IconPlugin", "creation_date": "2020-06-12T23:12:22.883Z", "changed_date": "2020-10-06T17:18:22.044Z"}}, {"model": "cms.cmsplugin", "pk": 3560, "fields": {"path": "0061000100010003", "depth": 4, "numchild": 0, "placeholder": 57, "parent": 3556, "position": 2, "language": "en", "plugin_type": "TextPlugin", "creation_date": "2020-06-11T22:52:10.901Z", "changed_date": "2020-10-06T17:18:22.063Z"}}, {"model": "cms.cmsplugin", "pk": 3562, "fields": {"path": "00180001000200010002", "depth": 5, "numchild": 0, "placeholder": 4, "parent": 3341, "position": 1, "language": "en", "plugin_type": "Bootstrap4LinkPlugin", "creation_date": "2020-10-06T17:20:05.647Z", "changed_date": "2020-10-06T17:20:05.663Z"}}, {"model": "cms.cmsplugin", "pk": 3563, "fields": {"path": "0062", "depth": 1, "numchild": 5, "placeholder": 3, "parent": null, "position": 1, "language": "en", "plugin_type": "Bootstrap4GridContainerPlugin", "creation_date": "2020-05-16T08:30:43.899Z", "changed_date": "2020-10-06T17:20:27.423Z"}}, {"model": "cms.cmsplugin", "pk": 3564, "fields": {"path": "00620001", "depth": 2, "numchild": 2, "placeholder": 3, "parent": 3563, "position": 1, "language": "en", "plugin_type": "Bootstrap4GridRowPlugin", "creation_date": "2020-05-16T10:19:58.676Z", "changed_date": "2020-10-06T17:20:27.425Z"}}, {"model": "cms.cmsplugin", "pk": 3565, "fields": {"path": "006200010001", "depth": 3, "numchild": 2, "placeholder": 3, "parent": 3564, "position": 0, "language": "en", "plugin_type": "Bootstrap4GridColumnPlugin", "creation_date": "2020-05-16T10:23:37.425Z", "changed_date": "2020-10-06T17:20:27.427Z"}}, {"model": "cms.cmsplugin", "pk": 3566, "fields": {"path": "0062000100010001", "depth": 4, "numchild": 0, "placeholder": 3, "parent": 3565, "position": 1, "language": "en", "plugin_type": "TextPlugin", "creation_date": "2020-05-16T10:24:08.247Z", "changed_date": "2020-10-06T17:20:27.648Z"}}, {"model": "cms.cmsplugin", "pk": 3567, "fields": {"path": "0062000100010002", "depth": 4, "numchild": 0, "placeholder": 3, "parent": 3565, "position": 0, "language": "en", "plugin_type": "SnippetPlugin", "creation_date": "2020-05-19T23:12:52.586Z", "changed_date": "2020-10-06T17:20:27.438Z"}}, {"model": "cms.cmsplugin", "pk": 3568, "fields": {"path": "006200010002", "depth": 3, "numchild": 1, "placeholder": 3, "parent": 3564, "position": 1, "language": "en", "plugin_type": "Bootstrap4GridColumnPlugin", "creation_date": "2020-05-16T10:23:58.595Z", "changed_date": "2020-10-06T17:20:27.443Z"}}, {"model": "cms.cmsplugin", "pk": 3569, "fields": {"path": "0062000100020001", "depth": 4, "numchild": 0, "placeholder": 3, "parent": 3568, "position": 0, "language": "en", "plugin_type": "TextPlugin", "creation_date": "2020-05-16T10:55:28.090Z", "changed_date": "2020-10-06T17:20:27.657Z"}}, {"model": "cms.cmsplugin", "pk": 3570, "fields": {"path": "00620002", "depth": 2, "numchild": 4, "placeholder": 3, "parent": 3563, "position": 3, "language": "en", "plugin_type": "Bootstrap4GridRowPlugin", "creation_date": "2020-05-16T10:59:01.962Z", "changed_date": "2020-10-06T17:20:27.457Z"}}, {"model": "cms.cmsplugin", "pk": 3571, "fields": {"path": "006200020001", "depth": 3, "numchild": 1, "placeholder": 3, "parent": 3570, "position": 0, "language": "en", "plugin_type": "Bootstrap4GridColumnPlugin", "creation_date": "2020-05-16T10:59:01.967Z", "changed_date": "2020-10-06T17:20:27.460Z"}}, {"model": "cms.cmsplugin", "pk": 3572, "fields": {"path": "0062000200010001", "depth": 4, "numchild": 0, "placeholder": 3, "parent": 3571, "position": 0, "language": "en", "plugin_type": "TextPlugin", "creation_date": "2020-05-16T11:02:11.678Z", "changed_date": "2020-10-06T17:20:27.666Z"}}, {"model": "cms.cmsplugin", "pk": 3573, "fields": {"path": "006200020002", "depth": 3, "numchild": 1, "placeholder": 3, "parent": 3570, "position": 1, "language": "en", "plugin_type": "Bootstrap4GridColumnPlugin", "creation_date": "2020-05-16T10:59:01.969Z", "changed_date": "2020-10-06T17:20:27.473Z"}}, {"model": "cms.cmsplugin", "pk": 3574, "fields": {"path": "0062000200020001", "depth": 4, "numchild": 0, "placeholder": 3, "parent": 3573, "position": 0, "language": "en", "plugin_type": "TextPlugin", "creation_date": "2020-05-16T11:03:24.601Z", "changed_date": "2020-10-06T17:20:27.674Z"}}, {"model": "cms.cmsplugin", "pk": 3575, "fields": {"path": "006200020003", "depth": 3, "numchild": 1, "placeholder": 3, "parent": 3570, "position": 2, "language": "en", "plugin_type": "Bootstrap4GridColumnPlugin", "creation_date": "2020-05-16T10:59:01.971Z", "changed_date": "2020-10-06T17:20:27.485Z"}}, {"model": "cms.cmsplugin", "pk": 3576, "fields": {"path": "0062000200030001", "depth": 4, "numchild": 0, "placeholder": 3, "parent": 3575, "position": 0, "language": "en", "plugin_type": "TextPlugin", "creation_date": "2020-05-16T11:04:20.938Z", "changed_date": "2020-10-06T17:20:27.685Z"}}, {"model": "cms.cmsplugin", "pk": 3577, "fields": {"path": "006200020004", "depth": 3, "numchild": 1, "placeholder": 3, "parent": 3570, "position": 3, "language": "en", "plugin_type": "Bootstrap4GridColumnPlugin", "creation_date": "2020-05-19T21:32:30.209Z", "changed_date": "2020-10-06T17:20:27.495Z"}}, {"model": "cms.cmsplugin", "pk": 3578, "fields": {"path": "0062000200040001", "depth": 4, "numchild": 0, "placeholder": 3, "parent": 3577, "position": 0, "language": "en", "plugin_type": "TextPlugin", "creation_date": "2020-05-19T21:32:43.858Z", "changed_date": "2020-10-06T17:20:27.699Z"}}, {"model": "cms.cmsplugin", "pk": 3579, "fields": {"path": "00620003", "depth": 2, "numchild": 1, "placeholder": 3, "parent": 3563, "position": 0, "language": "en", "plugin_type": "Bootstrap4GridRowPlugin", "creation_date": "2020-05-16T11:31:46.559Z", "changed_date": "2020-10-06T17:20:27.506Z"}}, {"model": "cms.cmsplugin", "pk": 3580, "fields": {"path": "006200030001", "depth": 3, "numchild": 2, "placeholder": 3, "parent": 3579, "position": 0, "language": "en", "plugin_type": "Bootstrap4GridColumnPlugin", "creation_date": "2020-05-16T11:31:46.565Z", "changed_date": "2020-10-06T17:20:27.508Z"}}, {"model": "cms.cmsplugin", "pk": 3581, "fields": {"path": "0062000300010001", "depth": 4, "numchild": 0, "placeholder": 3, "parent": 3580, "position": 0, "language": "en", "plugin_type": "TextPlugin", "creation_date": "2020-05-16T11:33:03.958Z", "changed_date": "2020-10-06T17:20:27.707Z"}}, {"model": "cms.cmsplugin", "pk": 3582, "fields": {"path": "0062000300010002", "depth": 4, "numchild": 0, "placeholder": 3, "parent": 3580, "position": 1, "language": "en", "plugin_type": "TextPlugin", "creation_date": "2020-05-18T03:00:15.674Z", "changed_date": "2020-10-06T17:20:27.714Z"}}, {"model": "cms.cmsplugin", "pk": 3583, "fields": {"path": "00620004", "depth": 2, "numchild": 1, "placeholder": 3, "parent": 3563, "position": 5, "language": "en", "plugin_type": "Bootstrap4LinkPlugin", "creation_date": "2020-05-19T22:24:23.224Z", "changed_date": "2020-10-06T17:20:27.524Z"}}, {"model": "cms.cmsplugin", "pk": 3584, "fields": {"path": "006200040001", "depth": 3, "numchild": 1, "placeholder": 3, "parent": 3583, "position": 0, "language": "en", "plugin_type": "Bootstrap4GridRowPlugin", "creation_date": "2020-05-16T11:13:12.805Z", "changed_date": "2020-10-06T17:20:27.528Z"}}, {"model": "cms.cmsplugin", "pk": 3585, "fields": {"path": "0062000400010001", "depth": 4, "numchild": 1, "placeholder": 3, "parent": 3584, "position": 0, "language": "en", "plugin_type": "Bootstrap4GridColumnPlugin", "creation_date": "2020-05-16T11:20:26.328Z", "changed_date": "2020-10-06T17:20:27.531Z"}}, {"model": "cms.cmsplugin", "pk": 3586, "fields": {"path": "00620004000100010001", "depth": 5, "numchild": 0, "placeholder": 3, "parent": 3585, "position": 0, "language": "en", "plugin_type": "Bootstrap4PicturePlugin", "creation_date": "2020-05-16T11:31:10.099Z", "changed_date": "2020-10-06T17:20:27.534Z"}}, {"model": "cms.cmsplugin", "pk": 3587, "fields": {"path": "00620005", "depth": 2, "numchild": 1, "placeholder": 3, "parent": 3563, "position": 4, "language": "en", "plugin_type": "Bootstrap4LinkPlugin", "creation_date": "2020-05-19T22:28:08.898Z", "changed_date": "2020-10-06T17:20:27.542Z"}}, {"model": "cms.cmsplugin", "pk": 3588, "fields": {"path": "006200050001", "depth": 3, "numchild": 2, "placeholder": 3, "parent": 3587, "position": 0, "language": "en", "plugin_type": "Bootstrap4GridRowPlugin", "creation_date": "2020-05-16T11:12:17.558Z", "changed_date": "2020-10-06T17:20:27.544Z"}}, {"model": "cms.cmsplugin", "pk": 3589, "fields": {"path": "0062000500010001", "depth": 4, "numchild": 1, "placeholder": 3, "parent": 3588, "position": 0, "language": "en", "plugin_type": "Bootstrap4GridColumnPlugin", "creation_date": "2020-05-16T11:20:04.800Z", "changed_date": "2020-10-06T17:20:27.546Z"}}, {"model": "cms.cmsplugin", "pk": 3590, "fields": {"path": "00620005000100010001", "depth": 5, "numchild": 0, "placeholder": 3, "parent": 3589, "position": 0, "language": "en", "plugin_type": "Bootstrap4PicturePlugin", "creation_date": "2020-05-16T11:23:20.853Z", "changed_date": "2020-10-06T17:20:27.550Z"}}, {"model": "cms.cmsplugin", "pk": 3591, "fields": {"path": "0062000500010002", "depth": 4, "numchild": 1, "placeholder": 3, "parent": 3588, "position": 1, "language": "en", "plugin_type": "Bootstrap4GridColumnPlugin", "creation_date": "2020-05-16T11:20:04.803Z", "changed_date": "2020-10-06T17:20:27.558Z"}}, {"model": "cms.cmsplugin", "pk": 3592, "fields": {"path": "00620005000100020001", "depth": 5, "numchild": 0, "placeholder": 3, "parent": 3591, "position": 0, "language": "en", "plugin_type": "TextPlugin", "creation_date": "2020-05-16T11:26:05.387Z", "changed_date": "2020-10-06T17:20:27.722Z"}}, {"model": "cms.cmsplugin", "pk": 3593, "fields": {"path": "0063", "depth": 1, "numchild": 3, "placeholder": 3, "parent": null, "position": 0, "language": "en", "plugin_type": "Bootstrap4GridContainerPlugin", "creation_date": "2020-05-19T02:47:53.795Z", "changed_date": "2020-10-06T17:20:27.568Z"}}, {"model": "cms.cmsplugin", "pk": 3594, "fields": {"path": "00630001", "depth": 2, "numchild": 5, "placeholder": 3, "parent": 3593, "position": 1, "language": "en", "plugin_type": "Bootstrap4CarouselPlugin", "creation_date": "2020-05-16T08:32:06.270Z", "changed_date": "2020-10-06T17:20:27.570Z"}}, {"model": "cms.cmsplugin", "pk": 3595, "fields": {"path": "006300010001", "depth": 3, "numchild": 0, "placeholder": 3, "parent": 3594, "position": 0, "language": "en", "plugin_type": "Bootstrap4CarouselSlidePlugin", "creation_date": "2020-05-16T08:43:19.355Z", "changed_date": "2020-10-06T17:20:27.574Z"}}, {"model": "cms.cmsplugin", "pk": 3596, "fields": {"path": "006300010002", "depth": 3, "numchild": 0, "placeholder": 3, "parent": 3594, "position": 1, "language": "en", "plugin_type": "Bootstrap4CarouselSlidePlugin", "creation_date": "2020-05-16T08:45:55.891Z", "changed_date": "2020-10-06T17:20:27.579Z"}}, {"model": "cms.cmsplugin", "pk": 3597, "fields": {"path": "006300010003", "depth": 3, "numchild": 0, "placeholder": 3, "parent": 3594, "position": 2, "language": "en", "plugin_type": "Bootstrap4CarouselSlidePlugin", "creation_date": "2020-05-16T08:46:11.472Z", "changed_date": "2020-10-06T17:20:27.583Z"}}, {"model": "cms.cmsplugin", "pk": 3598, "fields": {"path": "006300010004", "depth": 3, "numchild": 0, "placeholder": 3, "parent": 3594, "position": 3, "language": "en", "plugin_type": "Bootstrap4CarouselSlidePlugin", "creation_date": "2020-05-16T08:46:35.592Z", "changed_date": "2020-10-06T17:20:27.587Z"}}, {"model": "cms.cmsplugin", "pk": 3599, "fields": {"path": "006300010005", "depth": 3, "numchild": 0, "placeholder": 3, "parent": 3594, "position": 4, "language": "en", "plugin_type": "Bootstrap4CarouselSlidePlugin", "creation_date": "2020-05-16T08:46:49.607Z", "changed_date": "2020-10-06T17:20:27.593Z"}}, {"model": "cms.cmsplugin", "pk": 3600, "fields": {"path": "00630002", "depth": 2, "numchild": 1, "placeholder": 3, "parent": 3593, "position": 2, "language": "en", "plugin_type": "Bootstrap4GridContainerPlugin", "creation_date": "2020-05-21T03:52:20.109Z", "changed_date": "2020-10-06T17:20:27.598Z"}}, {"model": "cms.cmsplugin", "pk": 3601, "fields": {"path": "006300020001", "depth": 3, "numchild": 1, "placeholder": 3, "parent": 3600, "position": 0, "language": "en", "plugin_type": "Bootstrap4GridRowPlugin", "creation_date": "2020-05-21T04:29:21.270Z", "changed_date": "2020-10-06T17:20:27.601Z"}}, {"model": "cms.cmsplugin", "pk": 3602, "fields": {"path": "0063000200010001", "depth": 4, "numchild": 2, "placeholder": 3, "parent": 3601, "position": 0, "language": "en", "plugin_type": "Bootstrap4GridColumnPlugin", "creation_date": "2020-05-21T04:29:21.276Z", "changed_date": "2020-10-06T17:20:27.604Z"}}, {"model": "cms.cmsplugin", "pk": 3603, "fields": {"path": "00630002000100010001", "depth": 5, "numchild": 0, "placeholder": 3, "parent": 3602, "position": 0, "language": "en", "plugin_type": "TextPlugin", "creation_date": "2020-05-21T03:54:56.977Z", "changed_date": "2020-10-06T17:20:27.731Z"}}, {"model": "cms.cmsplugin", "pk": 3604, "fields": {"path": "00630002000100010002", "depth": 5, "numchild": 0, "placeholder": 3, "parent": 3602, "position": 1, "language": "en", "plugin_type": "Bootstrap4PicturePlugin", "creation_date": "2020-05-21T03:56:31.302Z", "changed_date": "2020-10-06T17:20:27.614Z"}}, {"model": "cms.cmsplugin", "pk": 3605, "fields": {"path": "00630003", "depth": 2, "numchild": 1, "placeholder": 3, "parent": 3593, "position": 0, "language": "en", "plugin_type": "Bootstrap4GridRowPlugin", "creation_date": "2020-10-06T15:39:49.079Z", "changed_date": "2020-10-06T17:20:27.620Z"}}, {"model": "cms.cmsplugin", "pk": 3606, "fields": {"path": "006300030001", "depth": 3, "numchild": 1, "placeholder": 3, "parent": 3605, "position": 0, "language": "en", "plugin_type": "Bootstrap4GridColumnPlugin", "creation_date": "2020-10-06T15:40:04.774Z", "changed_date": "2020-10-06T17:20:27.622Z"}}, {"model": "cms.cmsplugin", "pk": 3607, "fields": {"path": "0063000300010001", "depth": 4, "numchild": 2, "placeholder": 3, "parent": 3606, "position": 0, "language": "en", "plugin_type": "Bootstrap4JumbotronPlugin", "creation_date": "2020-10-06T15:40:28.016Z", "changed_date": "2020-10-06T17:20:27.625Z"}}, {"model": "cms.cmsplugin", "pk": 3608, "fields": {"path": "00630003000100010001", "depth": 5, "numchild": 0, "placeholder": 3, "parent": 3607, "position": 0, "language": "en", "plugin_type": "SnippetPlugin", "creation_date": "2020-10-06T15:43:59.336Z", "changed_date": "2020-10-06T17:20:27.627Z"}}, {"model": "cms.cmsplugin", "pk": 3609, "fields": {"path": "00630003000100010002", "depth": 5, "numchild": 1, "placeholder": 3, "parent": 3607, "position": 2, "language": "en", "plugin_type": "Bootstrap4GridRowPlugin", "creation_date": "2020-10-06T16:11:02.507Z", "changed_date": "2020-10-06T17:20:27.631Z"}}, {"model": "cms.cmsplugin", "pk": 3610, "fields": {"path": "006300030001000100020001", "depth": 6, "numchild": 1, "placeholder": 3, "parent": 3609, "position": 0, "language": "en", "plugin_type": "Bootstrap4GridColumnPlugin", "creation_date": "2020-10-06T16:11:02.519Z", "changed_date": "2020-10-06T17:20:27.633Z"}}, {"model": "cms.cmsplugin", "pk": 3611, "fields": {"path": "0063000300010001000200010001", "depth": 7, "numchild": 0, "placeholder": 3, "parent": 3610, "position": 0, "language": "en", "plugin_type": "TextPlugin", "creation_date": "2020-10-06T15:40:46.578Z", "changed_date": "2020-10-06T17:20:27.739Z"}}, {"model": "cms.cmsplugin", "pk": 3612, "fields": {"path": "0064", "depth": 1, "numchild": 0, "placeholder": 3, "parent": null, "position": 2, "language": "en", "plugin_type": "SnippetPlugin", "creation_date": "2020-06-11T21:42:14.850Z", "changed_date": "2020-10-06T17:20:27.644Z"}}, {"model": "cms.cmsplugin", "pk": 3622, "fields": {"path": "006C0001", "depth": 2, "numchild": 0, "placeholder": 102, "parent": 3632, "position": 0, "language": "en", "plugin_type": "SnippetPlugin", "creation_date": "2020-10-10T19:06:08.545Z", "changed_date": "2020-10-11T17:03:18.777Z"}}, {"model": "cms.cmsplugin", "pk": 3630, "fields": {"path": "006C0002", "depth": 2, "numchild": 0, "placeholder": 102, "parent": 3632, "position": 1, "language": "en", "plugin_type": "SnippetPlugin", "creation_date": "2020-10-10T19:07:51.093Z", "changed_date": "2020-10-10T19:36:39.195Z"}}, {"model": "cms.cmsplugin", "pk": 3632, "fields": {"path": "006C", "depth": 1, "numchild": 2, "placeholder": 102, "parent": null, "position": 0, "language": "en", "plugin_type": "Bootstrap4GridContainerPlugin", "creation_date": "2020-10-10T19:52:44.453Z", "changed_date": "2020-10-11T19:11:44.148Z"}}, {"model": "cms.cmsplugin", "pk": 3639, "fields": {"path": "006E", "depth": 1, "numchild": 1, "placeholder": 5, "parent": null, "position": 1, "language": "en", "plugin_type": "Bootstrap4GridContainerPlugin", "creation_date": "2020-05-19T22:17:21.254Z", "changed_date": "2020-10-10T21:55:56.392Z"}}, {"model": "cms.cmsplugin", "pk": 3640, "fields": {"path": "006E0001", "depth": 2, "numchild": 1, "placeholder": 5, "parent": 3639, "position": 0, "language": "en", "plugin_type": "Bootstrap4GridRowPlugin", "creation_date": "2020-05-19T22:17:54.410Z", "changed_date": "2020-10-10T21:55:56.403Z"}}, {"model": "cms.cmsplugin", "pk": 3641, "fields": {"path": "006E00010001", "depth": 3, "numchild": 1, "placeholder": 5, "parent": 3640, "position": 0, "language": "en", "plugin_type": "Bootstrap4GridColumnPlugin", "creation_date": "2020-05-19T22:18:12.797Z", "changed_date": "2020-10-10T21:55:56.416Z"}}, {"model": "cms.cmsplugin", "pk": 3642, "fields": {"path": "006E000100010001", "depth": 4, "numchild": 2, "placeholder": 5, "parent": 3641, "position": 0, "language": "en", "plugin_type": "TextPlugin", "creation_date": "2020-07-27T14:29:55.120Z", "changed_date": "2020-10-10T21:55:56.477Z"}}, {"model": "cms.cmsplugin", "pk": 3643, "fields": {"path": "006E0001000100010001", "depth": 5, "numchild": 0, "placeholder": 5, "parent": 3642, "position": 0, "language": "en", "plugin_type": "Bootstrap4LinkPlugin", "creation_date": "2020-10-06T17:12:12.900Z", "changed_date": "2020-10-10T21:55:56.446Z"}}, {"model": "cms.cmsplugin", "pk": 3644, "fields": {"path": "006E0001000100010002", "depth": 5, "numchild": 0, "placeholder": 5, "parent": 3642, "position": 1, "language": "en", "plugin_type": "Bootstrap4LinkPlugin", "creation_date": "2020-10-06T17:20:05.647Z", "changed_date": "2020-10-10T21:55:56.458Z"}}, {"model": "cms.cmsplugin", "pk": 3659, "fields": {"path": "006F", "depth": 1, "numchild": 2, "placeholder": 104, "parent": null, "position": 0, "language": "en", "plugin_type": "Bootstrap4GridContainerPlugin", "creation_date": "2020-10-10T19:52:44.453Z", "changed_date": "2020-10-11T19:12:20.672Z"}}, {"model": "cms.cmsplugin", "pk": 3660, "fields": {"path": "006F0001", "depth": 2, "numchild": 0, "placeholder": 104, "parent": 3659, "position": 0, "language": "en", "plugin_type": "SnippetPlugin", "creation_date": "2020-10-10T19:06:08.545Z", "changed_date": "2020-10-11T19:12:20.674Z"}}, {"model": "cms.cmsplugin", "pk": 3661, "fields": {"path": "006F0002", "depth": 2, "numchild": 0, "placeholder": 104, "parent": 3659, "position": 1, "language": "en", "plugin_type": "SnippetPlugin", "creation_date": "2020-10-10T19:07:51.093Z", "changed_date": "2020-10-11T19:12:20.679Z"}}, {"model": "cms.title", "pk": 1, "fields": {"language": "en", "title": "Bridge Hospice: Uniting the Patient and Family", "page_title": "", "menu_title": "Home", "meta_description": "Bridge Hospice Lubbock, Tx offers the following: Pre-Admission Consultation, Hospice Aides for Personal Care, Trained Volunteers, Medical Equipment and Supplies, Continuous Care Requiring Intense Intervention, Hospice Nursing Care, Social Work and Pastoral Care, Pain and Symptom Management, Available 24 hours", "slug": "home", "path": "", "has_url_overwrite": false, "redirect": null, "page": 1, "creation_date": "2020-05-16T08:19:51.386Z", "published": true, "publisher_is_draft": true, "publisher_public": 2, "publisher_state": 0}}, {"model": "cms.title", "pk": 2, "fields": {"language": "en", "title": "Bridge Hospice: Uniting the Patient and Family", "page_title": "", "menu_title": "Home", "meta_description": "Bridge Hospice Lubbock, Tx offers the following: Pre-Admission Consultation, Hospice Aides for Personal Care, Trained Volunteers, Medical Equipment and Supplies, Continuous Care Requiring Intense Intervention, Hospice Nursing Care, Social Work and Pastoral Care, Pain and Symptom Management, Available 24 hours", "slug": "home", "path": "", "has_url_overwrite": false, "redirect": null, "page": 2, "creation_date": "2020-05-16T08:19:51.386Z", "published": true, "publisher_is_draft": false, "publisher_public": 1, "publisher_state": 0}}, {"model": "cms.title", "pk": 3, "fields": {"language": "en", "title": "Contact Us - Address, Phone, & Email | Bridge Hospice", "page_title": "Contact Us", "menu_title": "Contact", "meta_description": "Bridge Hospice Contact Information 8212 Ithaca Suite W2 Lubbock, Tx 79423, 8069933900, support@bridge-hospice.com, Hours of Operation, Office Hours, Availability, Inquiries", "slug": "contact", "path": "contact", "has_url_overwrite": false, "redirect": null, "page": 3, "creation_date": "2020-05-16T08:20:12.068Z", "published": true, "publisher_is_draft": true, "publisher_public": 4, "publisher_state": 0}}, {"model": "cms.title", "pk": 4, "fields": {"language": "en", "title": "Contact Us - Address, Phone, & Email | Bridge Hospice", "page_title": "Contact Us", "menu_title": "Contact", "meta_description": "Bridge Hospice Contact Information 8212 Ithaca Suite W2 Lubbock, Tx 79423, 8069933900, support@bridge-hospice.com, Hours of Operation, Office Hours, Availability, Inquiries", "slug": "contact", "path": "contact", "has_url_overwrite": false, "redirect": null, "page": 4, "creation_date": "2020-05-16T08:20:12.068Z", "published": true, "publisher_is_draft": false, "publisher_public": 3, "publisher_state": 0}}, {"model": "cms.title", "pk": 7, "fields": {"language": "en", "title": "Valor - Military & Public Safety | Bridge Hospice", "page_title": "Valor - Military & Public Safety", "menu_title": "Valor", "meta_description": "Our admiration for veterans in the military and public safety branches and providing community events for appreciation.", "slug": "valor", "path": "valor", "has_url_overwrite": false, "redirect": null, "page": 7, "creation_date": "2020-05-21T04:13:16.325Z", "published": true, "publisher_is_draft": true, "publisher_public": 10, "publisher_state": 0}}, {"model": "cms.title", "pk": 8, "fields": {"language": "en", "title": "Donations - Dave's Wish | Bridge Hospice", "page_title": "Donations and Dave's Wish", "menu_title": "Donation", "meta_description": "Providing for patients can be expensive and connecting patients with their community is our goal. Please help by providing donations to ensure that patients get the best experience.", "slug": "donation", "path": "donation", "has_url_overwrite": false, "redirect": null, "page": 8, "creation_date": "2020-05-21T04:13:52.498Z", "published": true, "publisher_is_draft": true, "publisher_public": 9, "publisher_state": 0}}, {"model": "cms.title", "pk": 9, "fields": {"language": "en", "title": "Donations - Dave's Wish | Bridge Hospice", "page_title": "Donations and Dave's Wish", "menu_title": "Donation", "meta_description": "Providing for patients can be expensive and connecting patients with their community is our goal. Please help by providing donations to ensure that patients get the best experience.", "slug": "donation", "path": "donation", "has_url_overwrite": false, "redirect": null, "page": 9, "creation_date": "2020-05-21T04:13:52.498Z", "published": true, "publisher_is_draft": false, "publisher_public": 8, "publisher_state": 0}}, {"model": "cms.title", "pk": 10, "fields": {"language": "en", "title": "Valor - Military & Public Safety | Bridge Hospice", "page_title": "Valor - Military & Public Safety", "menu_title": "Valor", "meta_description": "Our admiration for veterans in the military and public safety branches and providing community events for appreciation.", "slug": "valor", "path": "valor", "has_url_overwrite": false, "redirect": null, "page": 10, "creation_date": "2020-05-21T04:13:16.325Z", "published": true, "publisher_is_draft": false, "publisher_public": 7, "publisher_state": 0}}, {"model": "cms.title", "pk": 11, "fields": {"language": "en", "title": "Social Media - Community Information | Bridge Hospice", "page_title": "Social Media", "menu_title": "Social", "meta_description": "Information about the work we accomplish with patients, the responses from family, and the volunteer events in the community.", "slug": "social", "path": "social", "has_url_overwrite": false, "redirect": null, "page": 11, "creation_date": "2020-05-22T15:38:14.009Z", "published": true, "publisher_is_draft": true, "publisher_public": 27, "publisher_state": 0}}, {"model": "cms.title", "pk": 25, "fields": {"language": "en", "title": "Volunteer - Community Development | Bridge Hospice", "page_title": "Volunteer Opportunities", "menu_title": "Volunteer", "meta_description": "Assist our staff and the community in providing excellent care to patients and their family.", "slug": "volunteer", "path": "volunteer", "has_url_overwrite": false, "redirect": null, "page": 25, "creation_date": "2020-05-31T21:58:18.454Z", "published": true, "publisher_is_draft": true, "publisher_public": 26, "publisher_state": 0}}, {"model": "cms.title", "pk": 26, "fields": {"language": "en", "title": "Volunteer - Community Development | Bridge Hospice", "page_title": "Volunteer Opportunities", "menu_title": "Volunteer", "meta_description": "Assist our staff and the community in providing excellent care to patients and their family.", "slug": "volunteer", "path": "volunteer", "has_url_overwrite": false, "redirect": null, "page": 26, "creation_date": "2020-05-31T21:58:18.454Z", "published": true, "publisher_is_draft": false, "publisher_public": 25, "publisher_state": 0}}, {"model": "cms.title", "pk": 27, "fields": {"language": "en", "title": "Social Media - Community Information | Bridge Hospice", "page_title": "Social Media", "menu_title": "Social", "meta_description": "Information about the work we accomplish with patients, the responses from family, and the volunteer events in the community.", "slug": "social", "path": "social", "has_url_overwrite": false, "redirect": null, "page": 27, "creation_date": "2020-05-22T15:38:14.009Z", "published": true, "publisher_is_draft": false, "publisher_public": 11, "publisher_state": 0}}, {"model": "cms.title", "pk": 33, "fields": {"language": "en", "title": "Dashboard", "page_title": "", "menu_title": "", "meta_description": "", "slug": "dashboard", "path": "dashboard", "has_url_overwrite": false, "redirect": null, "page": 33, "creation_date": "2020-06-17T02:52:00.332Z", "published": false, "publisher_is_draft": true, "publisher_public": 34, "publisher_state": 1}}, {"model": "cms.title", "pk": 34, "fields": {"language": "en", "title": "Dashboard", "page_title": "", "menu_title": "", "meta_description": "", "slug": "dashboard", "path": "dashboard", "has_url_overwrite": false, "redirect": null, "page": 34, "creation_date": "2020-06-17T02:52:00.332Z", "published": false, "publisher_is_draft": false, "publisher_public": 33, "publisher_state": 0}}, {"model": "cms.title", "pk": 36, "fields": {"language": "en", "title": "Forms", "page_title": "", "menu_title": "", "meta_description": "", "slug": "forms", "path": "forms", "has_url_overwrite": false, "redirect": null, "page": 36, "creation_date": "2020-06-17T02:56:43.387Z", "published": true, "publisher_is_draft": true, "publisher_public": 39, "publisher_state": 0}}, {"model": "cms.title", "pk": 37, "fields": {"language": "en", "title": "Volunteer", "page_title": "", "menu_title": "", "meta_description": "", "slug": "volunteer", "path": "forms/volunteer", "has_url_overwrite": false, "redirect": null, "page": 37, "creation_date": "2020-06-17T02:57:06.220Z", "published": true, "publisher_is_draft": true, "publisher_public": 40, "publisher_state": 0}}, {"model": "cms.title", "pk": 38, "fields": {"language": "en", "title": "Signup", "page_title": "", "menu_title": "", "meta_description": "", "slug": "signup", "path": "forms/signup", "has_url_overwrite": false, "redirect": null, "page": 38, "creation_date": "2020-06-17T02:57:14.151Z", "published": false, "publisher_is_draft": true, "publisher_public": 41, "publisher_state": 1}}, {"model": "cms.title", "pk": 39, "fields": {"language": "en", "title": "Forms", "page_title": "", "menu_title": "", "meta_description": "", "slug": "forms", "path": "forms", "has_url_overwrite": false, "redirect": null, "page": 39, "creation_date": "2020-06-17T02:56:43.387Z", "published": true, "publisher_is_draft": false, "publisher_public": 36, "publisher_state": 0}}, {"model": "cms.title", "pk": 40, "fields": {"language": "en", "title": "Volunteer", "page_title": "", "menu_title": "", "meta_description": "", "slug": "volunteer", "path": "forms/volunteer", "has_url_overwrite": false, "redirect": null, "page": 40, "creation_date": "2020-06-17T02:57:06.220Z", "published": true, "publisher_is_draft": false, "publisher_public": 37, "publisher_state": 0}}, {"model": "cms.title", "pk": 41, "fields": {"language": "en", "title": "Signup", "page_title": "", "menu_title": "", "meta_description": "", "slug": "signup", "path": "forms/signup", "has_url_overwrite": false, "redirect": null, "page": 41, "creation_date": "2020-06-17T02:57:14.151Z", "published": false, "publisher_is_draft": false, "publisher_public": 38, "publisher_state": 0}}, {"model": "cms.title", "pk": 42, "fields": {"language": "en", "title": "Privacy Policy", "page_title": "", "menu_title": "", "meta_description": "", "slug": "privacy-policy", "path": "privacy-policy", "has_url_overwrite": false, "redirect": null, "page": 42, "creation_date": "2020-10-06T17:09:02.191Z", "published": true, "publisher_is_draft": true, "publisher_public": 43, "publisher_state": 0}}, {"model": "cms.title", "pk": 43, "fields": {"language": "en", "title": "Privacy Policy", "page_title": "", "menu_title": "", "meta_description": "", "slug": "privacy-policy", "path": "privacy-policy", "has_url_overwrite": false, "redirect": null, "page": 43, "creation_date": "2020-10-06T17:09:02.191Z", "published": true, "publisher_is_draft": false, "publisher_public": 42, "publisher_state": 0}}, {"model": "cms.title", "pk": 44, "fields": {"language": "en", "title": "Terms of Service", "page_title": "", "menu_title": "", "meta_description": "", "slug": "terms-of-service", "path": "terms-of-service", "has_url_overwrite": false, "redirect": null, "page": 44, "creation_date": "2020-10-06T17:17:04.598Z", "published": true, "publisher_is_draft": true, "publisher_public": 45, "publisher_state": 0}}, {"model": "cms.title", "pk": 45, "fields": {"language": "en", "title": "Terms of Service", "page_title": "", "menu_title": "", "meta_description": "", "slug": "terms-of-service", "path": "terms-of-service", "has_url_overwrite": false, "redirect": null, "page": 45, "creation_date": "2020-10-06T17:17:04.598Z", "published": true, "publisher_is_draft": false, "publisher_public": 44, "publisher_state": 0}}, {"model": "cms.title", "pk": 48, "fields": {"language": "en", "title": "Social Media Development Page", "page_title": "", "menu_title": "", "meta_description": "", "slug": "social-media-dev", "path": "social-media-dev", "has_url_overwrite": false, "redirect": null, "page": 48, "creation_date": "2020-10-10T19:06:27.538Z", "published": true, "publisher_is_draft": true, "publisher_public": 49, "publisher_state": 0}}, {"model": "cms.title", "pk": 49, "fields": {"language": "en", "title": "Social Media Development Page", "page_title": "", "menu_title": "", "meta_description": "", "slug": "social-media-dev", "path": "social-media-dev", "has_url_overwrite": false, "redirect": null, "page": 49, "creation_date": "2020-10-10T19:06:27.538Z", "published": true, "publisher_is_draft": false, "publisher_public": 48, "publisher_state": 0}}, {"model": "cms.staticplaceholder", "pk": 1, "fields": {"name": "", "code": "Footer", "draft": 4, "public": 5, "dirty": false, "creation_method": "template", "site": null}}, {"model": "cms.urlconfrevision", "pk": 1, "fields": {"revision": "e2eaf16c-fdb5-47c3-b10c-acd55583a292"}}, {"model": "menus.cachekey", "pk": 434, "fields": {"language": "en", "site": 1, "key": "cms_3.7.2_menu_nodes_en_1_2_user:public"}}, {"model": "menus.cachekey", "pk": 435, "fields": {"language": "en", "site": 1, "key": "cms_3.7.2_menu_nodes_en_1:public"}}, {"model": "djangocms_text_ckeditor.text", "pk": 58, "fields": {"body": "<h5>Address</h5>\n\n<h6>3409 19th Street</h6>\n\n<h6>Lubbock, TX 79410</h6>"}}, {"model": "djangocms_text_ckeditor.text", "pk": 60, "fields": {"body": "<h6>Phone: <a href=\"tel:18069933900\">(806) 993-3900</a></h6>\n\n<h6>Fax: <a href=\"tel:18069933899\">\u00a0\u00a0\u00a0\u00a0(806) 993-3899</a></h6>\n\n<h6>Email: <a href=\"mailto:support@bridge-hospice.com\">support@bridge-hospice.com</a></h6>"}}, {"model": "djangocms_text_ckeditor.text", "pk": 62, "fields": {"body": "<h5>Hours of Operations</h5>\n\n<h6>24 hours / 7 days a week</h6>"}}, {"model": "djangocms_text_ckeditor.text", "pk": 64, "fields": {"body": "<h5>Office Hours</h5>\n\n<h6>Monday to Friday</h6>\n\n<h6>9:00 AM - 5:00 PM</h6>"}}, {"model": "djangocms_text_ckeditor.text", "pk": 66, "fields": {"body": "<h5>Website Related Inquiries</h5>\n\n<h6>Email: <a href=\"mailto:webmaster@bridge-hospice.com\">webservices@bridge-hospice.com</a></h6>"}}, {"model": "djangocms_text_ckeditor.text", "pk": 757, "fields": {"body": "<h1 class=\"text-shadow\">5</h1>\n\n<h4 class=\"text-shadow\">REASONS</h4>\n\n<h4 class=\"text-shadow\">FOR CHOOSING</h4>\n\n<h4 class=\"text-shadow\">HOSPICE</h4>"}}, {"model": "djangocms_text_ckeditor.text", "pk": 759, "fields": {"body": "<ol class=\"pt-1 five-list\" style=\"line-height: 1.8;\">\n\t<li class=\"text-shadow\">Medicare pays for all hospice services.</li>\n\t<li class=\"text-shadow\">Hospice can improve your quality of life.</li>\n\t<li class=\"text-shadow\">Hospice puts your wishes front and center.</li>\n\t<li class=\"text-shadow\">Hospice helps you communicate with doctors.</li>\n\t<li class=\"text-shadow\">Hospice gives your family much-needed support.</li>\n</ol>"}}, {"model": "djangocms_text_ckeditor.text", "pk": 762, "fields": {"body": "<ul class=\"text-shadow\">\n\t<li>Pre-Admission Consultation</li>\n\t<li>Hospice Aides for Personal Care</li>\n\t<li>Trained Volunteers</li>\n\t<li>Medical Equipment and Supplies</li>\n\t<li>Continuous Care Requiring Intense Intervention*</li>\n</ul>"}}, {"model": "djangocms_text_ckeditor.text", "pk": 764, "fields": {"body": "<ul class=\"text-shadow\">\n\t<li>Hospice Nursing Care</li>\n\t<li>Social Work and Pastoral Care</li>\n\t<li>Pain and Symptom Management</li>\n\t<li>Available 24 Hours, 7 Days a Week</li>\n\t<li>Respite or Inpatient Care if needed*</li>\n</ul>"}}, {"model": "djangocms_text_ckeditor.text", "pk": 766, "fields": {"body": "<ul class=\"text-shadow\">\n\t<li>Hospice Physician/Medical Director</li>\n\t<li>Therapists and Counseling</li>\n\t<li>Pharmacy Consultation/Services</li>\n\t<li>Bereavement Program offered for 13 months after death</li>\n</ul>"}}, {"model": "djangocms_text_ckeditor.text", "pk": 768, "fields": {"body": "<div class=\"ml-4\">* Eligibility required</div>"}}, {"model": "djangocms_text_ckeditor.text", "pk": 773, "fields": {"body": "<h1>VALOR</h1>\n\n<h6>THE VETERANS DIVISION OF BRIDGE HOSPICE</h6>\n\n<h3>HONORING THOSE WHO SERVED</h3>"}}, {"model": "djangocms_text_ckeditor.text", "pk": 776, "fields": {"body": "<p class=\"text-shadow\" style=\"text-align: center;\">In 2019 the Founder and Administrator of BRIDGE Hospice, Tammie Ware, discovered herself wanting more out of the hospice experience for the patient and family. She put together a team of individuals who specialize in different areas, but all carried the same desire to make the hospice experience about the patient and family. BRIDGE Hospice is committed to extending love, comfort, and care to our patients and their loved ones, because every patient's need is unique, our caring staff offers specialized care individually for each patient and family.</p>"}}, {"model": "djangocms_text_ckeditor.text", "pk": 777, "fields": {"body": "<h4 class=\"text-shadow-1\" style=\"text-align: center;\">To BRIDGE Hospice, you are family.</h4>"}}, {"model": "djangocms_text_ckeditor.text", "pk": 1118, "fields": {"body": "<div class=\"hero-caption text-light d-flex\">\n<p class=\"bg bg-secondary-opaque rounded px-3 mx-auto\">EXTENDING LOVE, COMFORT, AND CARE</p>\n</div>"}}, {"model": "djangocms_text_ckeditor.text", "pk": 1351, "fields": {"body": "<h5>Would you like to help the community in improving the care of of hospice patients?</h5>\n\n<p>\u00a0</p>\n\n<p>At Bridge Hospice, were committed to bringing patients and families together by providing excellent care. However, our staff can always use help with us around the clock services we provide daily. Support patients by helping nurses with hospice care, providing administrative support within our business, or assist at events coordinated by Bridge Hospice and other members of the community. To get started please fill out a volunteer application to allow use to ensure only quality care if provided to our patients and their families.</p>\n\n<p>\u00a0</p>"}}, {"model": "djangocms_text_ckeditor.text", "pk": 1853, "fields": {"body": ""}}, {"model": "djangocms_text_ckeditor.text", "pk": 3341, "fields": {"body": "<h5 class=\"py-5\" style=\"text-align: center;\">To Bridge Hospice, you are family.</h5>\n\n<p style=\"text-align: center;\"><cms-plugin alt=\"Link / Button - 3482 \" title=\"Link / Button - 3482\" id=\"3482\"></cms-plugin>\u00a0 \u00a0\u00a0<cms-plugin alt=\"Link / Button - 3562 \" title=\"Link / Button - 3562\" id=\"3562\"></cms-plugin></p>"}}, {"model": "djangocms_text_ckeditor.text", "pk": 3396, "fields": {"body": "<h5>Address</h5>\n\n<h6>3409 19th Street</h6>\n\n<h6>Lubbock, TX 79410</h6>"}}, {"model": "djangocms_text_ckeditor.text", "pk": 3398, "fields": {"body": "<h6>Phone: <a href=\"tel:18069933900\">(806) 993-3900</a></h6>\n\n<h6>Fax: <a href=\"tel:18069933899\">\u00a0\u00a0\u00a0\u00a0(806) 993-3899</a></h6>\n\n<h6>Email: <a href=\"mailto:support@bridge-hospice.com\">support@bridge-hospice.com</a></h6>"}}, {"model": "djangocms_text_ckeditor.text", "pk": 3403, "fields": {"body": "<h5>Hours of Operations</h5>\n\n<h6>24 hours / 7 days a week</h6>"}}, {"model": "djangocms_text_ckeditor.text", "pk": 3406, "fields": {"body": "<h5>Office Hours</h5>\n\n<h6>Monday to Friday</h6>\n\n<h6>9:00 AM - 5:00 PM</h6>"}}, {"model": "djangocms_text_ckeditor.text", "pk": 3409, "fields": {"body": "<h5>Website Related Inquiries</h5>\n\n<h6>Email: <a href=\"mailto:webmaster@bridge-hospice.com\">webservices@bridge-hospice.com</a></h6>"}}, {"model": "djangocms_text_ckeditor.text", "pk": 3416, "fields": {"body": "<h3 style=\"text-align: center;\">Latest News</h3>\n\n<h4 style=\"text-align: center;\">Bridge Hospice treats your loved ones like their own</h4>\n\n<p style=\"text-align: center;\">LUBBOCK, Texas \u2013 Hospice is something most people think of as a bad thing, a place where people go when they are dying. Well at Bridge Hospice they do not do that. They want to help make them feel better and get better. Their promise, treating their patients like they are their loved ones. Their first family to come there speaks out about what this place has done for them.</p>\n\n<p style=\"text-align: center;\">Posted:\u00a0<time datetime=\"2020-10-05T17:53:54-05:00\">Oct 5, 2020 / 05:53 PM CDT</time>\u00a0/\u00a0Updated:\u00a0<time datetime=\"2020-10-05T17:53:56-05:00\">Oct 5, 2020 / 05:53 PM CDT</time></p>\n\n<p style=\"text-align: center;\"><a href=\"https://www.everythinglubbock.com/news/trends-and-friends/bridge-hospice-treats-your-loved-ones-like-their-own/\" style=\"text-align: center;\">everythinglubbock.com</a></p>"}}, {"model": "djangocms_text_ckeditor.text", "pk": 3473, "fields": {"body": "<h1>Privacy Policy</h1>\n\n<p>Last updated: October 06, 2020</p>\n\n<p>This Privacy Policy describes Our policies and procedures on the collection, use and disclosure of Your information when You use the Service and tells You about Your privacy rights and how the law protects You.</p>\n\n<p>We use Your Personal data to provide and improve the Service. By using the Service, You agree to the collection and use of information in accordance with this Privacy Policy.</p>\n\n<h1>Interpretation and Definitions</h1>\n\n<h2>Interpretation</h2>\n\n<p>The words of which the initial letter is capitalized have meanings defined under the following conditions. The following definitions shall have the same meaning regardless of whether they appear in singular or in plural.</p>\n\n<h2>Definitions</h2>\n\n<p>For the purposes of this Privacy Policy:</p>\n\n<ul>\n\t<li>\n\t<p><strong>Account</strong> means a unique account created for You to access our Service or parts of our Service.</p>\n\t</li>\n\t<li>\n\t<p><strong>Company</strong> (referred to as either \"the Company\", \"We\", \"Us\" or \"Our\" in this Agreement) refers to BRIDGE Hospice LLC, 3409 19th Street Lubbock, TX 79410.</p>\n\t</li>\n\t<li>\n\t<p><strong>Cookies</strong> are small files that are placed on Your computer, mobile device or any other device by a website, containing the details of Your browsing history on that website among its many uses.</p>\n\t</li>\n\t<li>\n\t<p><strong>Country</strong> refers to: Texas, United States</p>\n\t</li>\n\t<li>\n\t<p><strong>Device</strong> means any device that can access the Service such as a computer, a cellphone or a digital tablet.</p>\n\t</li>\n\t<li>\n\t<p><strong>Personal Data</strong> is any information that relates to an identified or identifiable individual.</p>\n\t</li>\n\t<li>\n\t<p><strong>Service</strong> refers to the Website.</p>\n\t</li>\n\t<li>\n\t<p><strong>Service Provider</strong> means any natural or legal person who processes the data on behalf of the Company. It refers to third-party companies or individuals employed by the Company to facilitate the Service, to provide the Service on behalf of the Company, to perform services related to the Service or to assist the Company in analyzing how the Service is used.</p>\n\t</li>\n\t<li>\n\t<p><strong>Third-party Social Media Service</strong> refers to any website or any social network website through which a User can log in or create an account to use the Service.</p>\n\t</li>\n\t<li>\n\t<p><strong>Usage Data</strong> refers to data collected automatically, either generated by the use of the Service or from the Service infrastructure itself (for example, the duration of a page visit).</p>\n\t</li>\n\t<li>\n\t<p><strong>Website</strong> refers to BRIDGE Hospice, accessible from <a href=\"https://bridge-hospice.com\" rel=\"external nofollow noopener\" target=\"_blank\">https://bridge-hospice.com</a></p>\n\t</li>\n\t<li>\n\t<p><strong>You</strong> means the individual accessing or using the Service, or the company, or other legal entity on behalf of which such individual is accessing or using the Service, as applicable.</p>\n\t</li>\n</ul>\n\n<h1>Collecting and Using Your Personal Data</h1>\n\n<h2>Types of Data Collected</h2>\n\n<h3>Personal Data</h3>\n\n<p>While using Our Service, We may ask You to provide Us with certain personally identifiable information that can be used to contact or identify You. Personally identifiable information may include, but is not limited to:</p>\n\n<ul>\n\t<li>\n\t<p>Email address</p>\n\t</li>\n\t<li>\n\t<p>First name and last name</p>\n\t</li>\n\t<li>\n\t<p>Phone number</p>\n\t</li>\n\t<li>\n\t<p>Address, State, Province, ZIP/Postal code, City</p>\n\t</li>\n\t<li>\n\t<p>Usage Data</p>\n\t</li>\n</ul>\n\n<h3>Usage Data</h3>\n\n<p>Usage Data is collected automatically when using the Service.</p>\n\n<p>Usage Data may include information such as Your Device's Internet Protocol address (e.g. IP address), browser type, browser version, the pages of our Service that You visit, the time and date of Your visit, the time spent on those pages, unique device identifiers and other diagnostic data.</p>\n\n<p>When You access the Service by or through a mobile device, We may collect certain information automatically, including, but not limited to, the type of mobile device You use, Your mobile device unique ID, the IP address of Your mobile device, Your mobile operating system, the type of mobile Internet browser You use, unique device identifiers and other diagnostic data.</p>\n\n<p>We may also collect information that Your browser sends whenever You visit our Service or when You access the Service by or through a mobile device.</p>\n\n<h3>Tracking Technologies and Cookies</h3>\n\n<p>We use Cookies and similar tracking technologies to track the activity on Our Service and store certain information. Tracking technologies used are beacons, tags, and scripts to collect and track information and to improve and analyze Our Service. The technologies We use may include:</p>\n\n<ul>\n\t<li><strong>Cookies or Browser Cookies.</strong> A cookie is a small file placed on Your Device. You can instruct Your browser to refuse all Cookies or to indicate when a Cookie is being sent. However, if You do not accept Cookies, You may not be able to use some parts of our Service. Unless you have adjusted Your browser setting so that it will refuse Cookies, our Service may use Cookies.</li>\n\t<li><strong>Flash Cookies.</strong> Certain features of our Service may use local stored objects (or Flash Cookies) to collect and store information about Your preferences or Your activity on our Service. Flash Cookies are not managed by the same browser settings as those used for Browser Cookies. For more information on how You can delete Flash Cookies, please read \"Where can I change the settings for disabling, or deleting local shared objects?\" available at <a href=\"https://helpx.adobe.com/flash-player/kb/disable-local-shared-objects-flash.html#main_Where_can_I_change_the_settings_for_disabling__or_deleting_local_shared_objects_\" rel=\"external nofollow noopener\" target=\"_blank\">https://helpx.adobe.com/flash-player/kb/disable-local-shared-objects-flash.html#main_Where_can_I_change_the_settings_for_disabling__or_deleting_local_shared_objects_</a></li>\n\t<li><strong>Web Beacons.</strong> Certain sections of our Service and our emails may contain small electronic files known as web beacons (also referred to as clear gifs, pixel tags, and single-pixel gifs) that permit the Company, for example, to count users who have visited those pages or opened an email and for other related website statistics (for example, recording the popularity of a certain section and verifying system and server integrity).</li>\n</ul>\n\n<p>Cookies can be \"Persistent\" or \"Session\" Cookies. Persistent Cookies remain on Your personal computer or mobile device when You go offline, while Session Cookies are deleted as soon as You close Your web browser. Learn more about cookies: <a href=\"https://www.privacypolicies.com/blog/cookies/\" target=\"_blank\">What Are Cookies?</a>.</p>\n\n<p>We use both Session and Persistent Cookies for the purposes set out below:</p>\n\n<ul>\n\t<li>\n\t<p><strong>Necessary / Essential Cookies</strong></p>\n\n\t<p>Type: Session Cookies</p>\n\n\t<p>Administered by: Us</p>\n\n\t<p>Purpose: These Cookies are essential to provide You with services available through the Website and to enable You to use some of its features. They help to authenticate users and prevent fraudulent use of user accounts. Without these Cookies, the services that You have asked for cannot be provided, and We only use these Cookies to provide You with those services.</p>\n\t</li>\n\t<li>\n\t<p><strong>Cookies Policy / Notice Acceptance Cookies</strong></p>\n\n\t<p>Type: Persistent Cookies</p>\n\n\t<p>Administered by: Us</p>\n\n\t<p>Purpose: These Cookies identify if users have accepted the use of cookies on the Website.</p>\n\t</li>\n\t<li>\n\t<p><strong>Functionality Cookies</strong></p>\n\n\t<p>Type: Persistent Cookies</p>\n\n\t<p>Administered by: Us</p>\n\n\t<p>Purpose: These Cookies allow us to remember choices You make when You use the Website, such as remembering your login details or language preference. The purpose of these Cookies is to provide You with a more personal experience and to avoid You having to re-enter your preferences every time You use the Website.</p>\n\t</li>\n</ul>\n\n<p>For more information about the cookies we use and your choices regarding cookies, please visit our Cookies Policy or the Cookies section of our Privacy Policy.</p>\n\n<h2>Use of Your Personal Data</h2>\n\n<p>The Company may use Personal Data for the following purposes:</p>\n\n<ul>\n\t<li>\n\t<p><strong>To provide and maintain our Service</strong>, including to monitor the usage of our Service.</p>\n\t</li>\n\t<li>\n\t<p><strong>To manage Your Account:</strong> to manage Your registration as a user of the Service. The Personal Data You provide can give You access to different functionalities of the Service that are available to You as a registered user.</p>\n\t</li>\n\t<li>\n\t<p><strong>For the performance of a contract:</strong> the development, compliance and undertaking of the purchase contract for the products, items or services You have purchased or of any other contract with Us through the Service.</p>\n\t</li>\n\t<li>\n\t<p><strong>To contact You:</strong> To contact You by email, telephone calls, SMS, or other equivalent forms of electronic communication, such as a mobile application's push notifications regarding updates or informative communications related to the functionalities, products or contracted services, including the security updates, when necessary or reasonable for their implementation.</p>\n\t</li>\n\t<li>\n\t<p><strong>To provide You</strong> with news, special offers and general information about other goods, services and events which we offer that are similar to those that you have already purchased or enquired about unless You have opted not to receive such information.</p>\n\t</li>\n\t<li>\n\t<p><strong>To manage Your requests:</strong> To attend and manage Your requests to Us.</p>\n\t</li>\n\t<li>\n\t<p><strong>For business transfers:</strong> We may use Your information to evaluate or conduct a merger, divestiture, restructuring, reorganization, dissolution, or other sale or transfer of some or all of Our assets, whether as a going concern or as part of bankruptcy, liquidation, or similar proceeding, in which Personal Data held by Us about our Service users is among the assets transferred.</p>\n\t</li>\n\t<li>\n\t<p><strong>For other purposes</strong>: We may use Your information for other purposes, such as data analysis, identifying usage trends, determining the effectiveness of our promotional campaigns and to evaluate and improve our Service, products, services, marketing and your experience.</p>\n\t</li>\n</ul>\n\n<p>We may share Your personal information in the following situations:</p>\n\n<ul>\n\t<li><strong>With Service Providers:</strong> We may share Your personal information with Service Providers to monitor and analyze the use of our Service, to contact You.</li>\n\t<li><strong>For business transfers:</strong> We may share or transfer Your personal information in connection with, or during negotiations of, any merger, sale of Company assets, financing, or acquisition of all or a portion of Our business to another company.</li>\n\t<li><strong>With Affiliates:</strong> We may share Your information with Our affiliates, in which case we will require those affiliates to honor this Privacy Policy. Affiliates include Our parent company and any other subsidiaries, joint venture partners or other companies that We control or that are under common control with Us.</li>\n\t<li><strong>With business partners:</strong> We may share Your information with Our business partners to offer You certain products, services or promotions.</li>\n\t<li><strong>With other users:</strong> when You share personal information or otherwise interact in the public areas with other users, such information may be viewed by all users and may be publicly distributed outside. If You interact with other users or register through a Third-Party Social Media Service, Your contacts on the Third-Party Social Media Service may see Your name, profile, pictures and description of Your activity. Similarly, other users will be able to view descriptions of Your activity, communicate with You and view Your profile.</li>\n\t<li><strong>With Your consent</strong>: We may disclose Your personal information for any other purpose with Your consent.</li>\n</ul>\n\n<h2>Retention of Your Personal Data</h2>\n\n<p>The Company will retain Your Personal Data only for as long as is necessary for the purposes set out in this Privacy Policy. We will retain and use Your Personal Data to the extent necessary to comply with our legal obligations (for example, if we are required to retain your data to comply with applicable laws), resolve disputes, and enforce our legal agreements and policies.</p>\n\n<p>The Company will also retain Usage Data for internal analysis purposes. Usage Data is generally retained for a shorter period of time, except when this data is used to strengthen the security or to improve the functionality of Our Service, or We are legally obligated to retain this data for longer time periods.</p>\n\n<h2>Transfer of Your Personal Data</h2>\n\n<p>Your information, including Personal Data, is processed at the Company's operating offices and in any other places where the parties involved in the processing are located. It means that this information may be transferred to \u2014 and maintained on \u2014 computers located outside of Your state, province, country or other governmental jurisdiction where the data protection laws may differ than those from Your jurisdiction.</p>\n\n<p>Your consent to this Privacy Policy followed by Your submission of such information represents Your agreement to that transfer.</p>\n\n<p>The Company will take all steps reasonably necessary to ensure that Your data is treated securely and in accordance with this Privacy Policy and no transfer of Your Personal Data will take place to an organization or a country unless there are adequate controls in place including the security of Your data and other personal information.</p>\n\n<h2>Disclosure of Your Personal Data</h2>\n\n<h3>Business Transactions</h3>\n\n<p>If the Company is involved in a merger, acquisition or asset sale, Your Personal Data may be transferred. We will provide notice before Your Personal Data is transferred and becomes subject to a different Privacy Policy.</p>\n\n<h3>Law enforcement</h3>\n\n<p>Under certain circumstances, the Company may be required to disclose Your Personal Data if required to do so by law or in response to valid requests by public authorities (e.g. a court or a government agency).</p>\n\n<h3>Other legal requirements</h3>\n\n<p>The Company may disclose Your Personal Data in the good faith belief that such action is necessary to:</p>\n\n<ul>\n\t<li>Comply with a legal obligation</li>\n\t<li>Protect and defend the rights or property of the Company</li>\n\t<li>Prevent or investigate possible wrongdoing in connection with the Service</li>\n\t<li>Protect the personal safety of Users of the Service or the public</li>\n\t<li>Protect against legal liability</li>\n</ul>\n\n<h2>Security of Your Personal Data</h2>\n\n<p>The security of Your Personal Data is important to Us, but remember that no method of transmission over the Internet, or method of electronic storage is 100% secure. While We strive to use commercially acceptable means to protect Your Personal Data, We cannot guarantee its absolute security.</p>\n\n<h1>Your California Privacy Rights (California's Shine the Light law)</h1>\n\n<p>Under California Civil Code Section 1798 (California's Shine the Light law), California residents with an established business relationship with us can request information once a year about sharing their Personal Data with third parties for the third parties' direct marketing purposes.</p>\n\n<p>If you'd like to request more information under the California Shine the Light law, and if You are a California resident, You can contact Us using the contact information provided below.</p>\n\n<h1>California Privacy Rights for Minor Users (California Business and Professions Code Section 22581)</h1>\n\n<p>California Business and Professions Code section 22581 allow California residents under the age of 18 who are registered users of online sites, services or applications to request and obtain removal of content or information they have publicly posted.</p>\n\n<p>To request removal of such data, and if You are a California resident, You can contact Us using the contact information provided below, and include the email address associated with Your account.</p>\n\n<p>Be aware that Your request does not guarantee complete or comprehensive removal of content or information posted online and that the law may not permit or require removal in certain circumstances.</p>\n\n<h1>Links to Other Websites</h1>\n\n<p>Our Service may contain links to other websites that are not operated by Us. If You click on a third party link, You will be directed to that third party's site. We strongly advise You to review the Privacy Policy of every site You visit.</p>\n\n<p>We have no control over and assume no responsibility for the content, privacy policies or practices of any third party sites or services.</p>\n\n<h1>Changes to this Privacy Policy</h1>\n\n<p>We may update Our Privacy Policy from time to time. We will notify You of any changes by posting the new Privacy Policy on this page.</p>\n\n<p>We will let You know via email and/or a prominent notice on Our Service, prior to the change becoming effective and update the \"Last updated\" date at the top of this Privacy Policy.</p>\n\n<p>You are advised to review this Privacy Policy periodically for any changes. Changes to this Privacy Policy are effective when they are posted on this page.</p>\n\n<h1>Contact Us</h1>\n\n<p>If you have any questions about this Privacy Policy, You can contact us:</p>\n\n<ul>\n\t<li>\n\t<p>By email: support@bridge-hospice.com</p>\n\t</li>\n\t<li>\n\t<p>By phone number: 806 993.3900</p>\n\t</li>\n</ul>"}}, {"model": "djangocms_text_ckeditor.text", "pk": 3481, "fields": {"body": "<h1>Privacy Policy</h1>\n\n<p>Last updated: October 06, 2020</p>\n\n<p>This Privacy Policy describes Our policies and procedures on the collection, use and disclosure of Your information when You use the Service and tells You about Your privacy rights and how the law protects You.</p>\n\n<p>We use Your Personal data to provide and improve the Service. By using the Service, You agree to the collection and use of information in accordance with this Privacy Policy.</p>\n\n<h1>Interpretation and Definitions</h1>\n\n<h2>Interpretation</h2>\n\n<p>The words of which the initial letter is capitalized have meanings defined under the following conditions. The following definitions shall have the same meaning regardless of whether they appear in singular or in plural.</p>\n\n<h2>Definitions</h2>\n\n<p>For the purposes of this Privacy Policy:</p>\n\n<ul>\n\t<li>\n\t<p><strong>Account</strong> means a unique account created for You to access our Service or parts of our Service.</p>\n\t</li>\n\t<li>\n\t<p><strong>Company</strong> (referred to as either \"the Company\", \"We\", \"Us\" or \"Our\" in this Agreement) refers to BRIDGE Hospice LLC, 3409 19th Street Lubbock, TX 79410.</p>\n\t</li>\n\t<li>\n\t<p><strong>Cookies</strong> are small files that are placed on Your computer, mobile device or any other device by a website, containing the details of Your browsing history on that website among its many uses.</p>\n\t</li>\n\t<li>\n\t<p><strong>Country</strong> refers to: Texas, United States</p>\n\t</li>\n\t<li>\n\t<p><strong>Device</strong> means any device that can access the Service such as a computer, a cellphone or a digital tablet.</p>\n\t</li>\n\t<li>\n\t<p><strong>Personal Data</strong> is any information that relates to an identified or identifiable individual.</p>\n\t</li>\n\t<li>\n\t<p><strong>Service</strong> refers to the Website.</p>\n\t</li>\n\t<li>\n\t<p><strong>Service Provider</strong> means any natural or legal person who processes the data on behalf of the Company. It refers to third-party companies or individuals employed by the Company to facilitate the Service, to provide the Service on behalf of the Company, to perform services related to the Service or to assist the Company in analyzing how the Service is used.</p>\n\t</li>\n\t<li>\n\t<p><strong>Third-party Social Media Service</strong> refers to any website or any social network website through which a User can log in or create an account to use the Service.</p>\n\t</li>\n\t<li>\n\t<p><strong>Usage Data</strong> refers to data collected automatically, either generated by the use of the Service or from the Service infrastructure itself (for example, the duration of a page visit).</p>\n\t</li>\n\t<li>\n\t<p><strong>Website</strong> refers to BRIDGE Hospice, accessible from <a href=\"https://bridge-hospice.com\" rel=\"external nofollow noopener\" target=\"_blank\">https://bridge-hospice.com</a></p>\n\t</li>\n\t<li>\n\t<p><strong>You</strong> means the individual accessing or using the Service, or the company, or other legal entity on behalf of which such individual is accessing or using the Service, as applicable.</p>\n\t</li>\n</ul>\n\n<h1>Collecting and Using Your Personal Data</h1>\n\n<h2>Types of Data Collected</h2>\n\n<h3>Personal Data</h3>\n\n<p>While using Our Service, We may ask You to provide Us with certain personally identifiable information that can be used to contact or identify You. Personally identifiable information may include, but is not limited to:</p>\n\n<ul>\n\t<li>\n\t<p>Email address</p>\n\t</li>\n\t<li>\n\t<p>First name and last name</p>\n\t</li>\n\t<li>\n\t<p>Phone number</p>\n\t</li>\n\t<li>\n\t<p>Address, State, Province, ZIP/Postal code, City</p>\n\t</li>\n\t<li>\n\t<p>Usage Data</p>\n\t</li>\n</ul>\n\n<h3>Usage Data</h3>\n\n<p>Usage Data is collected automatically when using the Service.</p>\n\n<p>Usage Data may include information such as Your Device's Internet Protocol address (e.g. IP address), browser type, browser version, the pages of our Service that You visit, the time and date of Your visit, the time spent on those pages, unique device identifiers and other diagnostic data.</p>\n\n<p>When You access the Service by or through a mobile device, We may collect certain information automatically, including, but not limited to, the type of mobile device You use, Your mobile device unique ID, the IP address of Your mobile device, Your mobile operating system, the type of mobile Internet browser You use, unique device identifiers and other diagnostic data.</p>\n\n<p>We may also collect information that Your browser sends whenever You visit our Service or when You access the Service by or through a mobile device.</p>\n\n<h3>Tracking Technologies and Cookies</h3>\n\n<p>We use Cookies and similar tracking technologies to track the activity on Our Service and store certain information. Tracking technologies used are beacons, tags, and scripts to collect and track information and to improve and analyze Our Service. The technologies We use may include:</p>\n\n<ul>\n\t<li><strong>Cookies or Browser Cookies.</strong> A cookie is a small file placed on Your Device. You can instruct Your browser to refuse all Cookies or to indicate when a Cookie is being sent. However, if You do not accept Cookies, You may not be able to use some parts of our Service. Unless you have adjusted Your browser setting so that it will refuse Cookies, our Service may use Cookies.</li>\n\t<li><strong>Flash Cookies.</strong> Certain features of our Service may use local stored objects (or Flash Cookies) to collect and store information about Your preferences or Your activity on our Service. Flash Cookies are not managed by the same browser settings as those used for Browser Cookies. For more information on how You can delete Flash Cookies, please read \"Where can I change the settings for disabling, or deleting local shared objects?\" available at <a href=\"https://helpx.adobe.com/flash-player/kb/disable-local-shared-objects-flash.html#main_Where_can_I_change_the_settings_for_disabling__or_deleting_local_shared_objects_\" rel=\"external nofollow noopener\" target=\"_blank\">https://helpx.adobe.com/flash-player/kb/disable-local-shared-objects-flash.html#main_Where_can_I_change_the_settings_for_disabling__or_deleting_local_shared_objects_</a></li>\n\t<li><strong>Web Beacons.</strong> Certain sections of our Service and our emails may contain small electronic files known as web beacons (also referred to as clear gifs, pixel tags, and single-pixel gifs) that permit the Company, for example, to count users who have visited those pages or opened an email and for other related website statistics (for example, recording the popularity of a certain section and verifying system and server integrity).</li>\n</ul>\n\n<p>Cookies can be \"Persistent\" or \"Session\" Cookies. Persistent Cookies remain on Your personal computer or mobile device when You go offline, while Session Cookies are deleted as soon as You close Your web browser. Learn more about cookies: <a href=\"https://www.privacypolicies.com/blog/cookies/\" target=\"_blank\">What Are Cookies?</a>.</p>\n\n<p>We use both Session and Persistent Cookies for the purposes set out below:</p>\n\n<ul>\n\t<li>\n\t<p><strong>Necessary / Essential Cookies</strong></p>\n\n\t<p>Type: Session Cookies</p>\n\n\t<p>Administered by: Us</p>\n\n\t<p>Purpose: These Cookies are essential to provide You with services available through the Website and to enable You to use some of its features. They help to authenticate users and prevent fraudulent use of user accounts. Without these Cookies, the services that You have asked for cannot be provided, and We only use these Cookies to provide You with those services.</p>\n\t</li>\n\t<li>\n\t<p><strong>Cookies Policy / Notice Acceptance Cookies</strong></p>\n\n\t<p>Type: Persistent Cookies</p>\n\n\t<p>Administered by: Us</p>\n\n\t<p>Purpose: These Cookies identify if users have accepted the use of cookies on the Website.</p>\n\t</li>\n\t<li>\n\t<p><strong>Functionality Cookies</strong></p>\n\n\t<p>Type: Persistent Cookies</p>\n\n\t<p>Administered by: Us</p>\n\n\t<p>Purpose: These Cookies allow us to remember choices You make when You use the Website, such as remembering your login details or language preference. The purpose of these Cookies is to provide You with a more personal experience and to avoid You having to re-enter your preferences every time You use the Website.</p>\n\t</li>\n</ul>\n\n<p>For more information about the cookies we use and your choices regarding cookies, please visit our Cookies Policy or the Cookies section of our Privacy Policy.</p>\n\n<h2>Use of Your Personal Data</h2>\n\n<p>The Company may use Personal Data for the following purposes:</p>\n\n<ul>\n\t<li>\n\t<p><strong>To provide and maintain our Service</strong>, including to monitor the usage of our Service.</p>\n\t</li>\n\t<li>\n\t<p><strong>To manage Your Account:</strong> to manage Your registration as a user of the Service. The Personal Data You provide can give You access to different functionalities of the Service that are available to You as a registered user.</p>\n\t</li>\n\t<li>\n\t<p><strong>For the performance of a contract:</strong> the development, compliance and undertaking of the purchase contract for the products, items or services You have purchased or of any other contract with Us through the Service.</p>\n\t</li>\n\t<li>\n\t<p><strong>To contact You:</strong> To contact You by email, telephone calls, SMS, or other equivalent forms of electronic communication, such as a mobile application's push notifications regarding updates or informative communications related to the functionalities, products or contracted services, including the security updates, when necessary or reasonable for their implementation.</p>\n\t</li>\n\t<li>\n\t<p><strong>To provide You</strong> with news, special offers and general information about other goods, services and events which we offer that are similar to those that you have already purchased or enquired about unless You have opted not to receive such information.</p>\n\t</li>\n\t<li>\n\t<p><strong>To manage Your requests:</strong> To attend and manage Your requests to Us.</p>\n\t</li>\n\t<li>\n\t<p><strong>For business transfers:</strong> We may use Your information to evaluate or conduct a merger, divestiture, restructuring, reorganization, dissolution, or other sale or transfer of some or all of Our assets, whether as a going concern or as part of bankruptcy, liquidation, or similar proceeding, in which Personal Data held by Us about our Service users is among the assets transferred.</p>\n\t</li>\n\t<li>\n\t<p><strong>For other purposes</strong>: We may use Your information for other purposes, such as data analysis, identifying usage trends, determining the effectiveness of our promotional campaigns and to evaluate and improve our Service, products, services, marketing and your experience.</p>\n\t</li>\n</ul>\n\n<p>We may share Your personal information in the following situations:</p>\n\n<ul>\n\t<li><strong>With Service Providers:</strong> We may share Your personal information with Service Providers to monitor and analyze the use of our Service, to contact You.</li>\n\t<li><strong>For business transfers:</strong> We may share or transfer Your personal information in connection with, or during negotiations of, any merger, sale of Company assets, financing, or acquisition of all or a portion of Our business to another company.</li>\n\t<li><strong>With Affiliates:</strong> We may share Your information with Our affiliates, in which case we will require those affiliates to honor this Privacy Policy. Affiliates include Our parent company and any other subsidiaries, joint venture partners or other companies that We control or that are under common control with Us.</li>\n\t<li><strong>With business partners:</strong> We may share Your information with Our business partners to offer You certain products, services or promotions.</li>\n\t<li><strong>With other users:</strong> when You share personal information or otherwise interact in the public areas with other users, such information may be viewed by all users and may be publicly distributed outside. If You interact with other users or register through a Third-Party Social Media Service, Your contacts on the Third-Party Social Media Service may see Your name, profile, pictures and description of Your activity. Similarly, other users will be able to view descriptions of Your activity, communicate with You and view Your profile.</li>\n\t<li><strong>With Your consent</strong>: We may disclose Your personal information for any other purpose with Your consent.</li>\n</ul>\n\n<h2>Retention of Your Personal Data</h2>\n\n<p>The Company will retain Your Personal Data only for as long as is necessary for the purposes set out in this Privacy Policy. We will retain and use Your Personal Data to the extent necessary to comply with our legal obligations (for example, if we are required to retain your data to comply with applicable laws), resolve disputes, and enforce our legal agreements and policies.</p>\n\n<p>The Company will also retain Usage Data for internal analysis purposes. Usage Data is generally retained for a shorter period of time, except when this data is used to strengthen the security or to improve the functionality of Our Service, or We are legally obligated to retain this data for longer time periods.</p>\n\n<h2>Transfer of Your Personal Data</h2>\n\n<p>Your information, including Personal Data, is processed at the Company's operating offices and in any other places where the parties involved in the processing are located. It means that this information may be transferred to \u2014 and maintained on \u2014 computers located outside of Your state, province, country or other governmental jurisdiction where the data protection laws may differ than those from Your jurisdiction.</p>\n\n<p>Your consent to this Privacy Policy followed by Your submission of such information represents Your agreement to that transfer.</p>\n\n<p>The Company will take all steps reasonably necessary to ensure that Your data is treated securely and in accordance with this Privacy Policy and no transfer of Your Personal Data will take place to an organization or a country unless there are adequate controls in place including the security of Your data and other personal information.</p>\n\n<h2>Disclosure of Your Personal Data</h2>\n\n<h3>Business Transactions</h3>\n\n<p>If the Company is involved in a merger, acquisition or asset sale, Your Personal Data may be transferred. We will provide notice before Your Personal Data is transferred and becomes subject to a different Privacy Policy.</p>\n\n<h3>Law enforcement</h3>\n\n<p>Under certain circumstances, the Company may be required to disclose Your Personal Data if required to do so by law or in response to valid requests by public authorities (e.g. a court or a government agency).</p>\n\n<h3>Other legal requirements</h3>\n\n<p>The Company may disclose Your Personal Data in the good faith belief that such action is necessary to:</p>\n\n<ul>\n\t<li>Comply with a legal obligation</li>\n\t<li>Protect and defend the rights or property of the Company</li>\n\t<li>Prevent or investigate possible wrongdoing in connection with the Service</li>\n\t<li>Protect the personal safety of Users of the Service or the public</li>\n\t<li>Protect against legal liability</li>\n</ul>\n\n<h2>Security of Your Personal Data</h2>\n\n<p>The security of Your Personal Data is important to Us, but remember that no method of transmission over the Internet, or method of electronic storage is 100% secure. While We strive to use commercially acceptable means to protect Your Personal Data, We cannot guarantee its absolute security.</p>\n\n<h1>Your California Privacy Rights (California's Shine the Light law)</h1>\n\n<p>Under California Civil Code Section 1798 (California's Shine the Light law), California residents with an established business relationship with us can request information once a year about sharing their Personal Data with third parties for the third parties' direct marketing purposes.</p>\n\n<p>If you'd like to request more information under the California Shine the Light law, and if You are a California resident, You can contact Us using the contact information provided below.</p>\n\n<h1>California Privacy Rights for Minor Users (California Business and Professions Code Section 22581)</h1>\n\n<p>California Business and Professions Code section 22581 allow California residents under the age of 18 who are registered users of online sites, services or applications to request and obtain removal of content or information they have publicly posted.</p>\n\n<p>To request removal of such data, and if You are a California resident, You can contact Us using the contact information provided below, and include the email address associated with Your account.</p>\n\n<p>Be aware that Your request does not guarantee complete or comprehensive removal of content or information posted online and that the law may not permit or require removal in certain circumstances.</p>\n\n<h1>Links to Other Websites</h1>\n\n<p>Our Service may contain links to other websites that are not operated by Us. If You click on a third party link, You will be directed to that third party's site. We strongly advise You to review the Privacy Policy of every site You visit.</p>\n\n<p>We have no control over and assume no responsibility for the content, privacy policies or practices of any third party sites or services.</p>\n\n<h1>Changes to this Privacy Policy</h1>\n\n<p>We may update Our Privacy Policy from time to time. We will notify You of any changes by posting the new Privacy Policy on this page.</p>\n\n<p>We will let You know via email and/or a prominent notice on Our Service, prior to the change becoming effective and update the \"Last updated\" date at the top of this Privacy Policy.</p>\n\n<p>You are advised to review this Privacy Policy periodically for any changes. Changes to this Privacy Policy are effective when they are posted on this page.</p>\n\n<h1>Contact Us</h1>\n\n<p>If you have any questions about this Privacy Policy, You can contact us:</p>\n\n<ul>\n\t<li>\n\t<p>By email: support@bridge-hospice.com</p>\n\t</li>\n\t<li>\n\t<p>By phone number: 806 993.3900</p>\n\t</li>\n</ul>"}}, {"model": "djangocms_text_ckeditor.text", "pk": 3545, "fields": {"body": "<h1>Terms and Conditions</h1>\n\n<p>Last updated: October 06, 2020</p>\n\n<p>Please read these terms and conditions carefully before using Our Service.</p>\n\n<h1>Interpretation and Definitions</h1>\n\n<h2>Interpretation</h2>\n\n<p>The words of which the initial letter is capitalized have meanings defined under the following conditions. The following definitions shall have the same meaning regardless of whether they appear in singular or in plural.</p>\n\n<h2>Definitions</h2>\n\n<p>For the purposes of these Terms and Conditions:</p>\n\n<ul>\n\t<li>\n\t<p><strong>Affiliate</strong> means an entity that controls, is controlled by or is under common control with a party, where \"control\" means ownership of 50% or more of the shares, equity interest or other securities entitled to vote for election of directors or other managing authority.</p>\n\t</li>\n\t<li>\n\t<p><strong>Country</strong> refers to: Texas, United States</p>\n\t</li>\n\t<li>\n\t<p><strong>Company</strong> (referred to as either \"the Company\", \"We\", \"Us\" or \"Our\" in this Agreement) refers to BRIDGE Hospice LLC, 3409 19th Street Lubbock, TX 79410.</p>\n\t</li>\n\t<li>\n\t<p><strong>Device</strong> means any device that can access the Service such as a computer, a cellphone or a digital tablet.</p>\n\t</li>\n\t<li>\n\t<p><strong>Service</strong> refers to the Website.</p>\n\t</li>\n\t<li>\n\t<p><strong>Terms and Conditions</strong> (also referred as \"Terms\") mean these Terms and Conditions that form the entire agreement between You and the Company regarding the use of the Service. This Terms and Conditions agreement has been created with the help of the <a href=\"https://www.termsfeed.com/terms-conditions-generator/\" target=\"_blank\">Terms and Conditions Generator</a>.</p>\n\t</li>\n\t<li>\n\t<p><strong>Third-party Social Media Service</strong> means any services or content (including data, information, products or services) provided by a third-party that may be displayed, included or made available by the Service.</p>\n\t</li>\n\t<li>\n\t<p><strong>Website</strong> refers to BRIDGE Hospice, accessible from <a href=\"https://bridge-hospice.com\" rel=\"external nofollow noopener\" target=\"_blank\">https://bridge-hospice.com</a></p>\n\t</li>\n\t<li>\n\t<p><strong>You</strong> means the individual accessing or using the Service, or the company, or other legal entity on behalf of which such individual is accessing or using the Service, as applicable.</p>\n\t</li>\n</ul>\n\n<h1>Acknowledgment</h1>\n\n<p>These are the Terms and Conditions governing the use of this Service and the agreement that operates between You and the Company. These Terms and Conditions set out the rights and obligations of all users regarding the use of the Service.</p>\n\n<p>Your access to and use of the Service is conditioned on Your acceptance of and compliance with these Terms and Conditions. These Terms and Conditions apply to all visitors, users and others who access or use the Service.</p>\n\n<p>By accessing or using the Service You agree to be bound by these Terms and Conditions. If You disagree with any part of these Terms and Conditions then You may not access the Service.</p>\n\n<p>You represent that you are over the age of 18. The Company does not permit those under 18 to use the Service.</p>\n\n<p>Your access to and use of the Service is also conditioned on Your acceptance of and compliance with the Privacy Policy of the Company. Our Privacy Policy describes Our policies and procedures on the collection, use and disclosure of Your personal information when You use the Application or the Website and tells You about Your privacy rights and how the law protects You. Please read Our Privacy Policy carefully before using Our Service.</p>\n\n<h1>Links to Other Websites</h1>\n\n<p>Our Service may contain links to third-party web sites or services that are not owned or controlled by the Company.</p>\n\n<p>The Company has no control over, and assumes no responsibility for, the content, privacy policies, or practices of any third party web sites or services. You further acknowledge and agree that the Company shall not be responsible or liable, directly or indirectly, for any damage or loss caused or alleged to be caused by or in connection with the use of or reliance on any such content, goods or services available on or through any such web sites or services.</p>\n\n<p>We strongly advise You to read the terms and conditions and privacy policies of any third-party web sites or services that You visit.</p>\n\n<h1>Termination</h1>\n\n<p>We may terminate or suspend Your access immediately, without prior notice or liability, for any reason whatsoever, including without limitation if You breach these Terms and Conditions.</p>\n\n<p>Upon termination, Your right to use the Service will cease immediately.</p>\n\n<h1>Limitation of Liability</h1>\n\n<p>Notwithstanding any damages that You might incur, the entire liability of the Company and any of its suppliers under any provision of this Terms and Your exclusive remedy for all of the foregoing shall be limited to the amount actually paid by You through the Service or 100 USD if You haven't purchased anything through the Service.</p>\n\n<p>To the maximum extent permitted by applicable law, in no event shall the Company or its suppliers be liable for any special, incidental, indirect, or consequential damages whatsoever (including, but not limited to, damages for loss of profits, loss of data or other information, for business interruption, for personal injury, loss of privacy arising out of or in any way related to the use of or inability to use the Service, third-party software and/or third-party hardware used with the Service, or otherwise in connection with any provision of this Terms), even if the Company or any supplier has been advised of the possibility of such damages and even if the remedy fails of its essential purpose.</p>\n\n<p>Some states do not allow the exclusion of implied warranties or limitation of liability for incidental or consequential damages, which means that some of the above limitations may not apply. In these states, each party's liability will be limited to the greatest extent permitted by law.</p>\n\n<h1>\"AS IS\" and \"AS AVAILABLE\" Disclaimer</h1>\n\n<p>The Service is provided to You \"AS IS\" and \"AS AVAILABLE\" and with all faults and defects without warranty of any kind. To the maximum extent permitted under applicable law, the Company, on its own behalf and on behalf of its Affiliates and its and their respective licensors and service providers, expressly disclaims all warranties, whether express, implied, statutory or otherwise, with respect to the Service, including all implied warranties of merchantability, fitness for a particular purpose, title and non-infringement, and warranties that may arise out of course of dealing, course of performance, usage or trade practice. Without limitation to the foregoing, the Company provides no warranty or undertaking, and makes no representation of any kind that the Service will meet Your requirements, achieve any intended results, be compatible or work with any other software, applications, systems or services, operate without interruption, meet any performance or reliability standards or be error free or that any errors or defects can or will be corrected.</p>\n\n<p>Without limiting the foregoing, neither the Company nor any of the company's provider makes any representation or warranty of any kind, express or implied: (i) as to the operation or availability of the Service, or the information, content, and materials or products included thereon; (ii) that the Service will be uninterrupted or error-free; (iii) as to the accuracy, reliability, or currency of any information or content provided through the Service; or (iv) that the Service, its servers, the content, or e-mails sent from or on behalf of the Company are free of viruses, scripts, trojan horses, worms, malware, timebombs or other harmful components.</p>\n\n<p>Some jurisdictions do not allow the exclusion of certain types of warranties or limitations on applicable statutory rights of a consumer, so some or all of the above exclusions and limitations may not apply to You. But in such a case the exclusions and limitations set forth in this section shall be applied to the greatest extent enforceable under applicable law.</p>\n\n<h1>Governing Law</h1>\n\n<p>The laws of the Country, excluding its conflicts of law rules, shall govern this Terms and Your use of the Service. Your use of the Application may also be subject to other local, state, national, or international laws.</p>\n\n<h1>Disputes Resolution</h1>\n\n<p>If You have any concern or dispute about the Service, You agree to first try to resolve the dispute informally by contacting the Company.</p>\n\n<h1>For European Union (EU) Users</h1>\n\n<p>If You are a European Union consumer, you will benefit from any mandatory provisions of the law of the country in which you are resident in.</p>\n\n<h1>United States Legal Compliance</h1>\n\n<p>You represent and warrant that (i) You are not located in a country that is subject to the United States government embargo, or that has been designated by the United States government as a \"terrorist supporting\" country, and (ii) You are not listed on any United States government list of prohibited or restricted parties.</p>\n\n<h1>Severability and Waiver</h1>\n\n<h2>Severability</h2>\n\n<p>If any provision of these Terms is held to be unenforceable or invalid, such provision will be changed and interpreted to accomplish the objectives of such provision to the greatest extent possible under applicable law and the remaining provisions will continue in full force and effect.</p>\n\n<h2>Waiver</h2>\n\n<p>Except as provided herein, the failure to exercise a right or to require performance of an obligation under this Terms shall not effect a party's ability to exercise such right or require such performance at any time thereafter nor shall be the waiver of a breach constitute a waiver of any subsequent breach.</p>\n\n<h1>Translation Interpretation</h1>\n\n<p>These Terms and Conditions may have been translated if We have made them available to You on our Service. You agree that the original English text shall prevail in the case of a dispute.</p>\n\n<h1>Changes to These Terms and Conditions</h1>\n\n<p>We reserve the right, at Our sole discretion, to modify or replace these Terms at any time. If a revision is material We will make reasonable efforts to provide at least 30 days' notice prior to any new terms taking effect. What constitutes a material change will be determined at Our sole discretion.</p>\n\n<p>By continuing to access or use Our Service after those revisions become effective, You agree to be bound by the revised terms. If You do not agree to the new terms, in whole or in part, please stop using the website and the Service.</p>\n\n<h1>Contact Us</h1>\n\n<p>If you have any questions about these Terms and Conditions, You can contact us:</p>\n\n<ul>\n\t<li>\n\t<p>By email: support@bridge-hospice.com</p>\n\t</li>\n\t<li>\n\t<p>By phone number: 806 993.3900</p>\n\t</li>\n</ul>"}}, {"model": "djangocms_text_ckeditor.text", "pk": 3553, "fields": {"body": "<h1>Terms and Conditions</h1>\n\n<p>Last updated: October 06, 2020</p>\n\n<p>Please read these terms and conditions carefully before using Our Service.</p>\n\n<h1>Interpretation and Definitions</h1>\n\n<h2>Interpretation</h2>\n\n<p>The words of which the initial letter is capitalized have meanings defined under the following conditions. The following definitions shall have the same meaning regardless of whether they appear in singular or in plural.</p>\n\n<h2>Definitions</h2>\n\n<p>For the purposes of these Terms and Conditions:</p>\n\n<ul>\n\t<li>\n\t<p><strong>Affiliate</strong> means an entity that controls, is controlled by or is under common control with a party, where \"control\" means ownership of 50% or more of the shares, equity interest or other securities entitled to vote for election of directors or other managing authority.</p>\n\t</li>\n\t<li>\n\t<p><strong>Country</strong> refers to: Texas, United States</p>\n\t</li>\n\t<li>\n\t<p><strong>Company</strong> (referred to as either \"the Company\", \"We\", \"Us\" or \"Our\" in this Agreement) refers to BRIDGE Hospice LLC, 3409 19th Street Lubbock, TX 79410.</p>\n\t</li>\n\t<li>\n\t<p><strong>Device</strong> means any device that can access the Service such as a computer, a cellphone or a digital tablet.</p>\n\t</li>\n\t<li>\n\t<p><strong>Service</strong> refers to the Website.</p>\n\t</li>\n\t<li>\n\t<p><strong>Terms and Conditions</strong> (also referred as \"Terms\") mean these Terms and Conditions that form the entire agreement between You and the Company regarding the use of the Service. This Terms and Conditions agreement has been created with the help of the <a href=\"https://www.termsfeed.com/terms-conditions-generator/\" target=\"_blank\">Terms and Conditions Generator</a>.</p>\n\t</li>\n\t<li>\n\t<p><strong>Third-party Social Media Service</strong> means any services or content (including data, information, products or services) provided by a third-party that may be displayed, included or made available by the Service.</p>\n\t</li>\n\t<li>\n\t<p><strong>Website</strong> refers to BRIDGE Hospice, accessible from <a href=\"https://bridge-hospice.com\" rel=\"external nofollow noopener\" target=\"_blank\">https://bridge-hospice.com</a></p>\n\t</li>\n\t<li>\n\t<p><strong>You</strong> means the individual accessing or using the Service, or the company, or other legal entity on behalf of which such individual is accessing or using the Service, as applicable.</p>\n\t</li>\n</ul>\n\n<h1>Acknowledgment</h1>\n\n<p>These are the Terms and Conditions governing the use of this Service and the agreement that operates between You and the Company. These Terms and Conditions set out the rights and obligations of all users regarding the use of the Service.</p>\n\n<p>Your access to and use of the Service is conditioned on Your acceptance of and compliance with these Terms and Conditions. These Terms and Conditions apply to all visitors, users and others who access or use the Service.</p>\n\n<p>By accessing or using the Service You agree to be bound by these Terms and Conditions. If You disagree with any part of these Terms and Conditions then You may not access the Service.</p>\n\n<p>You represent that you are over the age of 18. The Company does not permit those under 18 to use the Service.</p>\n\n<p>Your access to and use of the Service is also conditioned on Your acceptance of and compliance with the Privacy Policy of the Company. Our Privacy Policy describes Our policies and procedures on the collection, use and disclosure of Your personal information when You use the Application or the Website and tells You about Your privacy rights and how the law protects You. Please read Our Privacy Policy carefully before using Our Service.</p>\n\n<h1>Links to Other Websites</h1>\n\n<p>Our Service may contain links to third-party web sites or services that are not owned or controlled by the Company.</p>\n\n<p>The Company has no control over, and assumes no responsibility for, the content, privacy policies, or practices of any third party web sites or services. You further acknowledge and agree that the Company shall not be responsible or liable, directly or indirectly, for any damage or loss caused or alleged to be caused by or in connection with the use of or reliance on any such content, goods or services available on or through any such web sites or services.</p>\n\n<p>We strongly advise You to read the terms and conditions and privacy policies of any third-party web sites or services that You visit.</p>\n\n<h1>Termination</h1>\n\n<p>We may terminate or suspend Your access immediately, without prior notice or liability, for any reason whatsoever, including without limitation if You breach these Terms and Conditions.</p>\n\n<p>Upon termination, Your right to use the Service will cease immediately.</p>\n\n<h1>Limitation of Liability</h1>\n\n<p>Notwithstanding any damages that You might incur, the entire liability of the Company and any of its suppliers under any provision of this Terms and Your exclusive remedy for all of the foregoing shall be limited to the amount actually paid by You through the Service or 100 USD if You haven't purchased anything through the Service.</p>\n\n<p>To the maximum extent permitted by applicable law, in no event shall the Company or its suppliers be liable for any special, incidental, indirect, or consequential damages whatsoever (including, but not limited to, damages for loss of profits, loss of data or other information, for business interruption, for personal injury, loss of privacy arising out of or in any way related to the use of or inability to use the Service, third-party software and/or third-party hardware used with the Service, or otherwise in connection with any provision of this Terms), even if the Company or any supplier has been advised of the possibility of such damages and even if the remedy fails of its essential purpose.</p>\n\n<p>Some states do not allow the exclusion of implied warranties or limitation of liability for incidental or consequential damages, which means that some of the above limitations may not apply. In these states, each party's liability will be limited to the greatest extent permitted by law.</p>\n\n<h1>\"AS IS\" and \"AS AVAILABLE\" Disclaimer</h1>\n\n<p>The Service is provided to You \"AS IS\" and \"AS AVAILABLE\" and with all faults and defects without warranty of any kind. To the maximum extent permitted under applicable law, the Company, on its own behalf and on behalf of its Affiliates and its and their respective licensors and service providers, expressly disclaims all warranties, whether express, implied, statutory or otherwise, with respect to the Service, including all implied warranties of merchantability, fitness for a particular purpose, title and non-infringement, and warranties that may arise out of course of dealing, course of performance, usage or trade practice. Without limitation to the foregoing, the Company provides no warranty or undertaking, and makes no representation of any kind that the Service will meet Your requirements, achieve any intended results, be compatible or work with any other software, applications, systems or services, operate without interruption, meet any performance or reliability standards or be error free or that any errors or defects can or will be corrected.</p>\n\n<p>Without limiting the foregoing, neither the Company nor any of the company's provider makes any representation or warranty of any kind, express or implied: (i) as to the operation or availability of the Service, or the information, content, and materials or products included thereon; (ii) that the Service will be uninterrupted or error-free; (iii) as to the accuracy, reliability, or currency of any information or content provided through the Service; or (iv) that the Service, its servers, the content, or e-mails sent from or on behalf of the Company are free of viruses, scripts, trojan horses, worms, malware, timebombs or other harmful components.</p>\n\n<p>Some jurisdictions do not allow the exclusion of certain types of warranties or limitations on applicable statutory rights of a consumer, so some or all of the above exclusions and limitations may not apply to You. But in such a case the exclusions and limitations set forth in this section shall be applied to the greatest extent enforceable under applicable law.</p>\n\n<h1>Governing Law</h1>\n\n<p>The laws of the Country, excluding its conflicts of law rules, shall govern this Terms and Your use of the Service. Your use of the Application may also be subject to other local, state, national, or international laws.</p>\n\n<h1>Disputes Resolution</h1>\n\n<p>If You have any concern or dispute about the Service, You agree to first try to resolve the dispute informally by contacting the Company.</p>\n\n<h1>For European Union (EU) Users</h1>\n\n<p>If You are a European Union consumer, you will benefit from any mandatory provisions of the law of the country in which you are resident in.</p>\n\n<h1>United States Legal Compliance</h1>\n\n<p>You represent and warrant that (i) You are not located in a country that is subject to the United States government embargo, or that has been designated by the United States government as a \"terrorist supporting\" country, and (ii) You are not listed on any United States government list of prohibited or restricted parties.</p>\n\n<h1>Severability and Waiver</h1>\n\n<h2>Severability</h2>\n\n<p>If any provision of these Terms is held to be unenforceable or invalid, such provision will be changed and interpreted to accomplish the objectives of such provision to the greatest extent possible under applicable law and the remaining provisions will continue in full force and effect.</p>\n\n<h2>Waiver</h2>\n\n<p>Except as provided herein, the failure to exercise a right or to require performance of an obligation under this Terms shall not effect a party's ability to exercise such right or require such performance at any time thereafter nor shall be the waiver of a breach constitute a waiver of any subsequent breach.</p>\n\n<h1>Translation Interpretation</h1>\n\n<p>These Terms and Conditions may have been translated if We have made them available to You on our Service. You agree that the original English text shall prevail in the case of a dispute.</p>\n\n<h1>Changes to These Terms and Conditions</h1>\n\n<p>We reserve the right, at Our sole discretion, to modify or replace these Terms at any time. If a revision is material We will make reasonable efforts to provide at least 30 days' notice prior to any new terms taking effect. What constitutes a material change will be determined at Our sole discretion.</p>\n\n<p>By continuing to access or use Our Service after those revisions become effective, You agree to be bound by the revised terms. If You do not agree to the new terms, in whole or in part, please stop using the website and the Service.</p>\n\n<h1>Contact Us</h1>\n\n<p>If you have any questions about these Terms and Conditions, You can contact us:</p>\n\n<ul>\n\t<li>\n\t<p>By email: support@bridge-hospice.com</p>\n\t</li>\n\t<li>\n\t<p>By phone number: 806 993.3900</p>\n\t</li>\n</ul>"}}, {"model": "djangocms_text_ckeditor.text", "pk": 3558, "fields": {"body": "<h5>Would you like to help the community in improving the care of of hospice patients?</h5>\n\n<p>\u00a0</p>\n\n<p>At Bridge Hospice, were committed to bringing patients and families together by providing excellent care. However, our staff can always use help with us around the clock services we provide daily. Support patients by helping nurses with hospice care, providing administrative support within our business, or assist at events coordinated by Bridge Hospice and other members of the community. To get started please fill out a volunteer application to allow use to ensure only quality care if provided to our patients and their families.</p>\n\n<p>\u00a0</p>"}}, {"model": "djangocms_text_ckeditor.text", "pk": 3560, "fields": {"body": ""}}, {"model": "djangocms_text_ckeditor.text", "pk": 3566, "fields": {"body": "<h1 class=\"text-shadow\">5</h1>\n\n<h4 class=\"text-shadow\">REASONS</h4>\n\n<h4 class=\"text-shadow\">FOR CHOOSING</h4>\n\n<h4 class=\"text-shadow\">HOSPICE</h4>"}}, {"model": "djangocms_text_ckeditor.text", "pk": 3569, "fields": {"body": "<ol class=\"pt-1 five-list\" style=\"line-height: 1.8;\">\n\t<li class=\"text-shadow\">Medicare pays for all hospice services.</li>\n\t<li class=\"text-shadow\">Hospice can improve your quality of life.</li>\n\t<li class=\"text-shadow\">Hospice puts your wishes front and center.</li>\n\t<li class=\"text-shadow\">Hospice helps you communicate with doctors.</li>\n\t<li class=\"text-shadow\">Hospice gives your family much-needed support.</li>\n</ol>"}}, {"model": "djangocms_text_ckeditor.text", "pk": 3572, "fields": {"body": "<ul class=\"text-shadow\">\n\t<li>Pre-Admission Consultation</li>\n\t<li>Hospice Aides for Personal Care</li>\n\t<li>Trained Volunteers</li>\n\t<li>Medical Equipment and Supplies</li>\n\t<li>Continuous Care Requiring Intense Intervention*</li>\n</ul>"}}, {"model": "djangocms_text_ckeditor.text", "pk": 3574, "fields": {"body": "<ul class=\"text-shadow\">\n\t<li>Hospice Nursing Care</li>\n\t<li>Social Work and Pastoral Care</li>\n\t<li>Pain and Symptom Management</li>\n\t<li>Available 24 Hours, 7 Days a Week</li>\n\t<li>Respite or Inpatient Care if needed*</li>\n</ul>"}}, {"model": "djangocms_text_ckeditor.text", "pk": 3576, "fields": {"body": "<ul class=\"text-shadow\">\n\t<li>Hospice Physician/Medical Director</li>\n\t<li>Therapists and Counseling</li>\n\t<li>Pharmacy Consultation/Services</li>\n\t<li>Bereavement Program offered for 13 months after death</li>\n</ul>"}}, {"model": "djangocms_text_ckeditor.text", "pk": 3578, "fields": {"body": "<div class=\"ml-4\">* Eligibility required</div>"}}, {"model": "djangocms_text_ckeditor.text", "pk": 3581, "fields": {"body": "<p class=\"text-shadow\" style=\"text-align: center;\">In 2019 the Founder and Administrator of BRIDGE Hospice, Tammie Ware, discovered herself wanting more out of the hospice experience for the patient and family. She put together a team of individuals who specialize in different areas, but all carried the same desire to make the hospice experience about the patient and family. BRIDGE Hospice is committed to extending love, comfort, and care to our patients and their loved ones, because every patient's need is unique, our caring staff offers specialized care individually for each patient and family.</p>"}}, {"model": "djangocms_text_ckeditor.text", "pk": 3582, "fields": {"body": "<h4 class=\"text-shadow-1\" style=\"text-align: center;\">To BRIDGE Hospice, you are family.</h4>"}}, {"model": "djangocms_text_ckeditor.text", "pk": 3592, "fields": {"body": "<h1>VALOR</h1>\n\n<h6>THE VETERANS DIVISION OF BRIDGE HOSPICE</h6>\n\n<h3>HONORING THOSE WHO SERVED</h3>"}}, {"model": "djangocms_text_ckeditor.text", "pk": 3603, "fields": {"body": "<div class=\"hero-caption text-light d-flex\">\n<p class=\"bg bg-secondary-opaque rounded px-3 mx-auto\">EXTENDING LOVE, COMFORT, AND CARE</p>\n</div>"}}, {"model": "djangocms_text_ckeditor.text", "pk": 3611, "fields": {"body": "<h3 style=\"text-align: center;\">Latest News</h3>\n\n<h4 style=\"text-align: center;\">Bridge Hospice treats your loved ones like their own</h4>\n\n<p style=\"text-align: center;\">LUBBOCK, Texas \u2013 Hospice is something most people think of as a bad thing, a place where people go when they are dying. Well at Bridge Hospice they do not do that. They want to help make them feel better and get better. Their promise, treating their patients like they are their loved ones. Their first family to come there speaks out about what this place has done for them.</p>\n\n<p style=\"text-align: center;\">Posted:\u00a0<time datetime=\"2020-10-05T17:53:54-05:00\">Oct 5, 2020 / 05:53 PM CDT</time>\u00a0/\u00a0Updated:\u00a0<time datetime=\"2020-10-05T17:53:56-05:00\">Oct 5, 2020 / 05:53 PM CDT</time></p>\n\n<p style=\"text-align: center;\"><a href=\"https://www.everythinglubbock.com/news/trends-and-friends/bridge-hospice-treats-your-loved-ones-like-their-own/\" style=\"text-align: center;\">everythinglubbock.com</a></p>"}}, {"model": "djangocms_text_ckeditor.text", "pk": 3642, "fields": {"body": "<h5 class=\"py-5\" style=\"text-align: center;\">To Bridge Hospice, you are family.</h5>\n\n<p style=\"text-align: center;\"><cms-plugin alt=\"Link / Button - 3643 \" title=\"Link / Button - 3643\" id=\"3643\"></cms-plugin>\u00a0 \u00a0\u00a0<cms-plugin alt=\"Link / Button - 3644 \" title=\"Link / Button - 3644\" id=\"3644\"></cms-plugin></p>"}}, {"model": "easy_thumbnails.source", "pk": 1, "fields": {"storage_hash": "f9bde26a1556cd667f742bd34ec7c55e", "name": "filer_public/4b/e8/4be8120d-23c8-4abe-ad9c-8ec90c76c495/home01.jpg", "modified": "2020-05-16T08:43:20.018Z"}}, {"model": "easy_thumbnails.source", "pk": 2, "fields": {"storage_hash": "f9bde26a1556cd667f742bd34ec7c55e", "name": "filer_public/7c/9f/7c9fb8b1-feda-4c6b-b2c4-9aa3735c2813/home05.jpg", "modified": "2020-05-16T08:46:50.185Z"}}, {"model": "easy_thumbnails.source", "pk": 3, "fields": {"storage_hash": "f9bde26a1556cd667f742bd34ec7c55e", "name": "filer_public/08/bc/08bca602-c1fb-4583-bf70-717f1cb6662f/home03.jpg", "modified": "2020-05-16T08:46:12.103Z"}}, {"model": "easy_thumbnails.source", "pk": 4, "fields": {"storage_hash": "f9bde26a1556cd667f742bd34ec7c55e", "name": "filer_public/ba/51/ba5148d6-b923-4457-b236-8057e63497b5/home04.jpg", "modified": "2020-05-16T08:46:36.405Z"}}, {"model": "easy_thumbnails.source", "pk": 5, "fields": {"storage_hash": "f9bde26a1556cd667f742bd34ec7c55e", "name": "filer_public/2e/94/2e94ad5d-04af-4575-b0e0-d4f93e73d748/home02.jpg", "modified": "2020-05-16T08:45:56.380Z"}}, {"model": "easy_thumbnails.source", "pk": 6, "fields": {"storage_hash": "f9bde26a1556cd667f742bd34ec7c55e", "name": "filer_public/6f/cb/6fcbaba0-1ba6-4968-bb59-687768f49bd6/valor.png", "modified": "2020-05-16T11:23:21.247Z"}}, {"model": "easy_thumbnails.source", "pk": 7, "fields": {"storage_hash": "f9bde26a1556cd667f742bd34ec7c55e", "name": "filer_public/c1/3f/c13fd1e5-72d8-490b-bb70-31b8e6113a08/daveswish.png", "modified": "2020-05-16T11:31:10.538Z"}}, {"model": "easy_thumbnails.source", "pk": 10, "fields": {"storage_hash": "f9bde26a1556cd667f742bd34ec7c55e", "name": "filer_public/2f/89/2f89e80b-63e6-4bce-b0ce-1e0fbab2ffde/comingsoon.png", "modified": "2020-05-21T04:22:47.623Z"}}, {"model": "easy_thumbnails.source", "pk": 13, "fields": {"storage_hash": "f9bde26a1556cd667f742bd34ec7c55e", "name": "filer_public/12/e7/12e728b2-0b6c-496e-80bf-84485706c5ae/bridgehospicelogo.png", "modified": "2020-06-12T17:58:42.316Z"}}, {"model": "easy_thumbnails.thumbnail", "pk": 1, "fields": {"storage_hash": "f9bde26a1556cd667f742bd34ec7c55e", "name": "filer_public_thumbnails/filer_public/4b/e8/4be8120d-23c8-4abe-ad9c-8ec90c76c495/home01.jpg__16x16_q85_crop_subsampling-2_upscale.jpg", "modified": "2020-05-16T08:33:46.119Z", "source": 1}}, {"model": "easy_thumbnails.thumbnail", "pk": 2, "fields": {"storage_hash": "f9bde26a1556cd667f742bd34ec7c55e", "name": "filer_public_thumbnails/filer_public/4b/e8/4be8120d-23c8-4abe-ad9c-8ec90c76c495/home01.jpg__32x32_q85_crop_subsampling-2_upscale.jpg", "modified": "2020-05-16T08:33:46.292Z", "source": 1}}, {"model": "easy_thumbnails.thumbnail", "pk": 3, "fields": {"storage_hash": "f9bde26a1556cd667f742bd34ec7c55e", "name": "filer_public_thumbnails/filer_public/4b/e8/4be8120d-23c8-4abe-ad9c-8ec90c76c495/home01.jpg__48x48_q85_crop_subsampling-2_upscale.jpg", "modified": "2020-05-16T08:33:46.471Z", "source": 1}}, {"model": "easy_thumbnails.thumbnail", "pk": 4, "fields": {"storage_hash": "f9bde26a1556cd667f742bd34ec7c55e", "name": "filer_public_thumbnails/filer_public/4b/e8/4be8120d-23c8-4abe-ad9c-8ec90c76c495/home01.jpg__64x64_q85_crop_subsampling-2_upscale.jpg", "modified": "2020-05-16T08:33:46.653Z", "source": 1}}, {"model": "easy_thumbnails.thumbnail", "pk": 5, "fields": {"storage_hash": "f9bde26a1556cd667f742bd34ec7c55e", "name": "filer_public_thumbnails/filer_public/4b/e8/4be8120d-23c8-4abe-ad9c-8ec90c76c495/home01.jpg__180x180_q85_crop_subsampling-2_upscale.jpg", "modified": "2020-05-16T08:33:46.843Z", "source": 1}}, {"model": "easy_thumbnails.thumbnail", "pk": 6, "fields": {"storage_hash": "f9bde26a1556cd667f742bd34ec7c55e", "name": "filer_public_thumbnails/filer_public/4b/e8/4be8120d-23c8-4abe-ad9c-8ec90c76c495/home01.jpg__1024.0x768.0_q85_crop-10_subsampling-2_upscale.jpg", "modified": "2020-05-16T08:43:20.021Z", "source": 1}}, {"model": "easy_thumbnails.thumbnail", "pk": 7, "fields": {"storage_hash": "f9bde26a1556cd667f742bd34ec7c55e", "name": "filer_public_thumbnails/filer_public/7c/9f/7c9fb8b1-feda-4c6b-b2c4-9aa3735c2813/home05.jpg__16x16_q85_crop_subsampling-2_upscale.jpg", "modified": "2020-05-16T08:45:35.948Z", "source": 2}}, {"model": "easy_thumbnails.thumbnail", "pk": 8, "fields": {"storage_hash": "f9bde26a1556cd667f742bd34ec7c55e", "name": "filer_public_thumbnails/filer_public/08/bc/08bca602-c1fb-4583-bf70-717f1cb6662f/home03.jpg__16x16_q85_crop_subsampling-2_upscale.jpg", "modified": "2020-05-16T08:45:35.996Z", "source": 3}}, {"model": "easy_thumbnails.thumbnail", "pk": 9, "fields": {"storage_hash": "f9bde26a1556cd667f742bd34ec7c55e", "name": "filer_public_thumbnails/filer_public/7c/9f/7c9fb8b1-feda-4c6b-b2c4-9aa3735c2813/home05.jpg__32x32_q85_crop_subsampling-2_upscale.jpg", "modified": "2020-05-16T08:45:36.082Z", "source": 2}}, {"model": "easy_thumbnails.thumbnail", "pk": 10, "fields": {"storage_hash": "f9bde26a1556cd667f742bd34ec7c55e", "name": "filer_public_thumbnails/filer_public/ba/51/ba5148d6-b923-4457-b236-8057e63497b5/home04.jpg__16x16_q85_crop_subsampling-2_upscale.jpg", "modified": "2020-05-16T08:45:36.122Z", "source": 4}}, {"model": "easy_thumbnails.thumbnail", "pk": 11, "fields": {"storage_hash": "f9bde26a1556cd667f742bd34ec7c55e", "name": "filer_public_thumbnails/filer_public/08/bc/08bca602-c1fb-4583-bf70-717f1cb6662f/home03.jpg__32x32_q85_crop_subsampling-2_upscale.jpg", "modified": "2020-05-16T08:45:36.232Z", "source": 3}}, {"model": "easy_thumbnails.thumbnail", "pk": 12, "fields": {"storage_hash": "f9bde26a1556cd667f742bd34ec7c55e", "name": "filer_public_thumbnails/filer_public/7c/9f/7c9fb8b1-feda-4c6b-b2c4-9aa3735c2813/home05.jpg__48x48_q85_crop_subsampling-2_upscale.jpg", "modified": "2020-05-16T08:45:36.260Z", "source": 2}}, {"model": "easy_thumbnails.thumbnail", "pk": 13, "fields": {"storage_hash": "f9bde26a1556cd667f742bd34ec7c55e", "name": "filer_public_thumbnails/filer_public/7c/9f/7c9fb8b1-feda-4c6b-b2c4-9aa3735c2813/home05.jpg__64x64_q85_crop_subsampling-2_upscale.jpg", "modified": "2020-05-16T08:45:36.388Z", "source": 2}}, {"model": "easy_thumbnails.thumbnail", "pk": 14, "fields": {"storage_hash": "f9bde26a1556cd667f742bd34ec7c55e", "name": "filer_public_thumbnails/filer_public/08/bc/08bca602-c1fb-4583-bf70-717f1cb6662f/home03.jpg__48x48_q85_crop_subsampling-2_upscale.jpg", "modified": "2020-05-16T08:45:36.455Z", "source": 3}}, {"model": "easy_thumbnails.thumbnail", "pk": 15, "fields": {"storage_hash": "f9bde26a1556cd667f742bd34ec7c55e", "name": "filer_public_thumbnails/filer_public/ba/51/ba5148d6-b923-4457-b236-8057e63497b5/home04.jpg__32x32_q85_crop_subsampling-2_upscale.jpg", "modified": "2020-05-16T08:45:36.472Z", "source": 4}}, {"model": "easy_thumbnails.thumbnail", "pk": 16, "fields": {"storage_hash": "f9bde26a1556cd667f742bd34ec7c55e", "name": "filer_public_thumbnails/filer_public/7c/9f/7c9fb8b1-feda-4c6b-b2c4-9aa3735c2813/home05.jpg__180x180_q85_crop_subsampling-2_upscale.jpg", "modified": "2020-05-16T08:45:36.551Z", "source": 2}}, {"model": "easy_thumbnails.thumbnail", "pk": 17, "fields": {"storage_hash": "f9bde26a1556cd667f742bd34ec7c55e", "name": "filer_public_thumbnails/filer_public/08/bc/08bca602-c1fb-4583-bf70-717f1cb6662f/home03.jpg__64x64_q85_crop_subsampling-2_upscale.jpg", "modified": "2020-05-16T08:45:36.665Z", "source": 3}}, {"model": "easy_thumbnails.thumbnail", "pk": 18, "fields": {"storage_hash": "f9bde26a1556cd667f742bd34ec7c55e", "name": "filer_public_thumbnails/filer_public/ba/51/ba5148d6-b923-4457-b236-8057e63497b5/home04.jpg__48x48_q85_crop_subsampling-2_upscale.jpg", "modified": "2020-05-16T08:45:36.767Z", "source": 4}}, {"model": "easy_thumbnails.thumbnail", "pk": 19, "fields": {"storage_hash": "f9bde26a1556cd667f742bd34ec7c55e", "name": "filer_public_thumbnails/filer_public/08/bc/08bca602-c1fb-4583-bf70-717f1cb6662f/home03.jpg__180x180_q85_crop_subsampling-2_upscale.jpg", "modified": "2020-05-16T08:45:36.885Z", "source": 3}}, {"model": "easy_thumbnails.thumbnail", "pk": 20, "fields": {"storage_hash": "f9bde26a1556cd667f742bd34ec7c55e", "name": "filer_public_thumbnails/filer_public/ba/51/ba5148d6-b923-4457-b236-8057e63497b5/home04.jpg__64x64_q85_crop_subsampling-2_upscale.jpg", "modified": "2020-05-16T08:45:37.058Z", "source": 4}}, {"model": "easy_thumbnails.thumbnail", "pk": 21, "fields": {"storage_hash": "f9bde26a1556cd667f742bd34ec7c55e", "name": "filer_public_thumbnails/filer_public/ba/51/ba5148d6-b923-4457-b236-8057e63497b5/home04.jpg__180x180_q85_crop_subsampling-2_upscale.jpg", "modified": "2020-05-16T08:45:37.351Z", "source": 4}}, {"model": "easy_thumbnails.thumbnail", "pk": 22, "fields": {"storage_hash": "f9bde26a1556cd667f742bd34ec7c55e", "name": "filer_public_thumbnails/filer_public/2e/94/2e94ad5d-04af-4575-b0e0-d4f93e73d748/home02.jpg__16x16_q85_crop_subsampling-2_upscale.jpg", "modified": "2020-05-16T08:45:48.793Z", "source": 5}}, {"model": "easy_thumbnails.thumbnail", "pk": 23, "fields": {"storage_hash": "f9bde26a1556cd667f742bd34ec7c55e", "name": "filer_public_thumbnails/filer_public/2e/94/2e94ad5d-04af-4575-b0e0-d4f93e73d748/home02.jpg__32x32_q85_crop_subsampling-2_upscale.jpg", "modified": "2020-05-16T08:45:48.896Z", "source": 5}}, {"model": "easy_thumbnails.thumbnail", "pk": 24, "fields": {"storage_hash": "f9bde26a1556cd667f742bd34ec7c55e", "name": "filer_public_thumbnails/filer_public/2e/94/2e94ad5d-04af-4575-b0e0-d4f93e73d748/home02.jpg__48x48_q85_crop_subsampling-2_upscale.jpg", "modified": "2020-05-16T08:45:48.999Z", "source": 5}}, {"model": "easy_thumbnails.thumbnail", "pk": 25, "fields": {"storage_hash": "f9bde26a1556cd667f742bd34ec7c55e", "name": "filer_public_thumbnails/filer_public/2e/94/2e94ad5d-04af-4575-b0e0-d4f93e73d748/home02.jpg__64x64_q85_crop_subsampling-2_upscale.jpg", "modified": "2020-05-16T08:45:49.103Z", "source": 5}}, {"model": "easy_thumbnails.thumbnail", "pk": 26, "fields": {"storage_hash": "f9bde26a1556cd667f742bd34ec7c55e", "name": "filer_public_thumbnails/filer_public/2e/94/2e94ad5d-04af-4575-b0e0-d4f93e73d748/home02.jpg__180x180_q85_crop_subsampling-2_upscale.jpg", "modified": "2020-05-16T08:45:49.215Z", "source": 5}}, {"model": "easy_thumbnails.thumbnail", "pk": 27, "fields": {"storage_hash": "f9bde26a1556cd667f742bd34ec7c55e", "name": "filer_public_thumbnails/filer_public/2e/94/2e94ad5d-04af-4575-b0e0-d4f93e73d748/home02.jpg__1024.0x768.0_q85_crop-10_subsampling-2_upscale.jpg", "modified": "2020-05-16T08:45:56.383Z", "source": 5}}, {"model": "easy_thumbnails.thumbnail", "pk": 28, "fields": {"storage_hash": "f9bde26a1556cd667f742bd34ec7c55e", "name": "filer_public_thumbnails/filer_public/08/bc/08bca602-c1fb-4583-bf70-717f1cb6662f/home03.jpg__1024.0x768.0_q85_crop-10_subsampling-2_upscale.jpg", "modified": "2020-05-16T08:46:12.106Z", "source": 3}}, {"model": "easy_thumbnails.thumbnail", "pk": 29, "fields": {"storage_hash": "f9bde26a1556cd667f742bd34ec7c55e", "name": "filer_public_thumbnails/filer_public/ba/51/ba5148d6-b923-4457-b236-8057e63497b5/home04.jpg__1024.0x768.0_q85_crop-10_subsampling-2_upscale.jpg", "modified": "2020-05-16T08:46:36.408Z", "source": 4}}, {"model": "easy_thumbnails.thumbnail", "pk": 30, "fields": {"storage_hash": "f9bde26a1556cd667f742bd34ec7c55e", "name": "filer_public_thumbnails/filer_public/7c/9f/7c9fb8b1-feda-4c6b-b2c4-9aa3735c2813/home05.jpg__1024.0x768.0_q85_crop-10_subsampling-2_upscale.jpg", "modified": "2020-05-16T08:46:50.187Z", "source": 2}}, {"model": "easy_thumbnails.thumbnail", "pk": 31, "fields": {"storage_hash": "f9bde26a1556cd667f742bd34ec7c55e", "name": "filer_public_thumbnails/filer_public/6f/cb/6fcbaba0-1ba6-4968-bb59-687768f49bd6/valor.png__16x16_q85_crop_subsampling-2_upscale.png", "modified": "2020-05-16T11:21:31.935Z", "source": 6}}, {"model": "easy_thumbnails.thumbnail", "pk": 32, "fields": {"storage_hash": "f9bde26a1556cd667f742bd34ec7c55e", "name": "filer_public_thumbnails/filer_public/6f/cb/6fcbaba0-1ba6-4968-bb59-687768f49bd6/valor.png__32x32_q85_crop_subsampling-2_upscale.png", "modified": "2020-05-16T11:21:31.940Z", "source": 6}}, {"model": "easy_thumbnails.thumbnail", "pk": 33, "fields": {"storage_hash": "f9bde26a1556cd667f742bd34ec7c55e", "name": "filer_public_thumbnails/filer_public/6f/cb/6fcbaba0-1ba6-4968-bb59-687768f49bd6/valor.png__48x48_q85_crop_subsampling-2_upscale.png", "modified": "2020-05-16T11:21:31.946Z", "source": 6}}, {"model": "easy_thumbnails.thumbnail", "pk": 34, "fields": {"storage_hash": "f9bde26a1556cd667f742bd34ec7c55e", "name": "filer_public_thumbnails/filer_public/6f/cb/6fcbaba0-1ba6-4968-bb59-687768f49bd6/valor.png__64x64_q85_crop_subsampling-2_upscale.png", "modified": "2020-05-16T11:21:31.952Z", "source": 6}}, {"model": "easy_thumbnails.thumbnail", "pk": 35, "fields": {"storage_hash": "f9bde26a1556cd667f742bd34ec7c55e", "name": "filer_public_thumbnails/filer_public/6f/cb/6fcbaba0-1ba6-4968-bb59-687768f49bd6/valor.png__180x180_q85_crop_subsampling-2_upscale.png", "modified": "2020-05-16T11:21:31.963Z", "source": 6}}, {"model": "easy_thumbnails.thumbnail", "pk": 36, "fields": {"storage_hash": "f9bde26a1556cd667f742bd34ec7c55e", "name": "filer_public_thumbnails/filer_public/6f/cb/6fcbaba0-1ba6-4968-bb59-687768f49bd6/valor.png__181x179_q85_subsampling-2.png", "modified": "2020-05-16T11:23:21.260Z", "source": 6}}, {"model": "easy_thumbnails.thumbnail", "pk": 37, "fields": {"storage_hash": "f9bde26a1556cd667f742bd34ec7c55e", "name": "filer_public_thumbnails/filer_public/c1/3f/c13fd1e5-72d8-490b-bb70-31b8e6113a08/daveswish.png__16x16_q85_crop_subsampling-2_upscale.png", "modified": "2020-05-16T11:31:03.075Z", "source": 7}}, {"model": "easy_thumbnails.thumbnail", "pk": 38, "fields": {"storage_hash": "f9bde26a1556cd667f742bd34ec7c55e", "name": "filer_public_thumbnails/filer_public/c1/3f/c13fd1e5-72d8-490b-bb70-31b8e6113a08/daveswish.png__32x32_q85_crop_subsampling-2_upscale.png", "modified": "2020-05-16T11:31:03.084Z", "source": 7}}, {"model": "easy_thumbnails.thumbnail", "pk": 39, "fields": {"storage_hash": "f9bde26a1556cd667f742bd34ec7c55e", "name": "filer_public_thumbnails/filer_public/c1/3f/c13fd1e5-72d8-490b-bb70-31b8e6113a08/daveswish.png__48x48_q85_crop_subsampling-2_upscale.png", "modified": "2020-05-16T11:31:03.093Z", "source": 7}}, {"model": "easy_thumbnails.thumbnail", "pk": 40, "fields": {"storage_hash": "f9bde26a1556cd667f742bd34ec7c55e", "name": "filer_public_thumbnails/filer_public/c1/3f/c13fd1e5-72d8-490b-bb70-31b8e6113a08/daveswish.png__64x64_q85_crop_subsampling-2_upscale.png", "modified": "2020-05-16T11:31:03.103Z", "source": 7}}, {"model": "easy_thumbnails.thumbnail", "pk": 41, "fields": {"storage_hash": "f9bde26a1556cd667f742bd34ec7c55e", "name": "filer_public_thumbnails/filer_public/c1/3f/c13fd1e5-72d8-490b-bb70-31b8e6113a08/daveswish.png__180x180_q85_crop_subsampling-2_upscale.png", "modified": "2020-05-16T11:31:03.118Z", "source": 7}}, {"model": "easy_thumbnails.thumbnail", "pk": 42, "fields": {"storage_hash": "f9bde26a1556cd667f742bd34ec7c55e", "name": "filer_public_thumbnails/filer_public/c1/3f/c13fd1e5-72d8-490b-bb70-31b8e6113a08/daveswish.png__507x230_q85_subsampling-2.png", "modified": "2020-05-16T11:31:10.540Z", "source": 7}}, {"model": "easy_thumbnails.thumbnail", "pk": 55, "fields": {"storage_hash": "f9bde26a1556cd667f742bd34ec7c55e", "name": "filer_public_thumbnails/filer_public/2f/89/2f89e80b-63e6-4bce-b0ce-1e0fbab2ffde/comingsoon.png__16x16_q85_crop_subsampling-2_upscale.jpg", "modified": "2020-05-21T04:22:30.822Z", "source": 10}}, {"model": "easy_thumbnails.thumbnail", "pk": 56, "fields": {"storage_hash": "f9bde26a1556cd667f742bd34ec7c55e", "name": "filer_public_thumbnails/filer_public/2f/89/2f89e80b-63e6-4bce-b0ce-1e0fbab2ffde/comingsoon.png__32x32_q85_crop_subsampling-2_upscale.jpg", "modified": "2020-05-21T04:22:30.839Z", "source": 10}}, {"model": "easy_thumbnails.thumbnail", "pk": 57, "fields": {"storage_hash": "f9bde26a1556cd667f742bd34ec7c55e", "name": "filer_public_thumbnails/filer_public/2f/89/2f89e80b-63e6-4bce-b0ce-1e0fbab2ffde/comingsoon.png__48x48_q85_crop_subsampling-2_upscale.jpg", "modified": "2020-05-21T04:22:30.858Z", "source": 10}}, {"model": "easy_thumbnails.thumbnail", "pk": 58, "fields": {"storage_hash": "f9bde26a1556cd667f742bd34ec7c55e", "name": "filer_public_thumbnails/filer_public/2f/89/2f89e80b-63e6-4bce-b0ce-1e0fbab2ffde/comingsoon.png__64x64_q85_crop_subsampling-2_upscale.jpg", "modified": "2020-05-21T04:22:30.877Z", "source": 10}}, {"model": "easy_thumbnails.thumbnail", "pk": 59, "fields": {"storage_hash": "f9bde26a1556cd667f742bd34ec7c55e", "name": "filer_public_thumbnails/filer_public/2f/89/2f89e80b-63e6-4bce-b0ce-1e0fbab2ffde/comingsoon.png__180x180_q85_crop_subsampling-2_upscale.jpg", "modified": "2020-05-21T04:22:30.899Z", "source": 10}}, {"model": "easy_thumbnails.thumbnail", "pk": 60, "fields": {"storage_hash": "f9bde26a1556cd667f742bd34ec7c55e", "name": "filer_public_thumbnails/filer_public/2f/89/2f89e80b-63e6-4bce-b0ce-1e0fbab2ffde/comingsoon.png__960x540_q85_subsampling-2.jpg", "modified": "2020-05-21T04:22:47.626Z", "source": 10}}, {"model": "easy_thumbnails.thumbnail", "pk": 73, "fields": {"storage_hash": "f9bde26a1556cd667f742bd34ec7c55e", "name": "filer_public_thumbnails/filer_public/12/e7/12e728b2-0b6c-496e-80bf-84485706c5ae/bridgehospicelogo.png__16x16_q85_crop_subsampling-2_upscale.png", "modified": "2020-06-12T17:58:05.123Z", "source": 13}}, {"model": "easy_thumbnails.thumbnail", "pk": 74, "fields": {"storage_hash": "f9bde26a1556cd667f742bd34ec7c55e", "name": "filer_public_thumbnails/filer_public/12/e7/12e728b2-0b6c-496e-80bf-84485706c5ae/bridgehospicelogo.png__32x32_q85_crop_subsampling-2_upscale.png", "modified": "2020-06-12T17:58:05.131Z", "source": 13}}, {"model": "easy_thumbnails.thumbnail", "pk": 75, "fields": {"storage_hash": "f9bde26a1556cd667f742bd34ec7c55e", "name": "filer_public_thumbnails/filer_public/12/e7/12e728b2-0b6c-496e-80bf-84485706c5ae/bridgehospicelogo.png__48x48_q85_crop_subsampling-2_upscale.png", "modified": "2020-06-12T17:58:05.138Z", "source": 13}}, {"model": "easy_thumbnails.thumbnail", "pk": 76, "fields": {"storage_hash": "f9bde26a1556cd667f742bd34ec7c55e", "name": "filer_public_thumbnails/filer_public/12/e7/12e728b2-0b6c-496e-80bf-84485706c5ae/bridgehospicelogo.png__64x64_q85_crop_subsampling-2_upscale.png", "modified": "2020-06-12T17:58:05.145Z", "source": 13}}, {"model": "easy_thumbnails.thumbnail", "pk": 77, "fields": {"storage_hash": "f9bde26a1556cd667f742bd34ec7c55e", "name": "filer_public_thumbnails/filer_public/12/e7/12e728b2-0b6c-496e-80bf-84485706c5ae/bridgehospicelogo.png__180x180_q85_crop_subsampling-2_upscale.png", "modified": "2020-06-12T17:58:05.160Z", "source": 13}}, {"model": "easy_thumbnails.thumbnail", "pk": 78, "fields": {"storage_hash": "f9bde26a1556cd667f742bd34ec7c55e", "name": "filer_public_thumbnails/filer_public/12/e7/12e728b2-0b6c-496e-80bf-84485706c5ae/bridgehospicelogo.png__210x0_q85_subsampling-2_upscale.png", "modified": "2020-06-12T17:58:14.811Z", "source": 13}}, {"model": "easy_thumbnails.thumbnail", "pk": 79, "fields": {"storage_hash": "f9bde26a1556cd667f742bd34ec7c55e", "name": "filer_public_thumbnails/filer_public/12/e7/12e728b2-0b6c-496e-80bf-84485706c5ae/bridgehospicelogo.png__16x16_q85_crop_subject_location-196,185_subsampling-2_upscale.png", "modified": "2020-06-12T17:58:35.743Z", "source": 13}}, {"model": "easy_thumbnails.thumbnail", "pk": 80, "fields": {"storage_hash": "f9bde26a1556cd667f742bd34ec7c55e", "name": "filer_public_thumbnails/filer_public/12/e7/12e728b2-0b6c-496e-80bf-84485706c5ae/bridgehospicelogo.png__32x32_q85_crop_subject_location-196,185_subsampling-2_upscale.png", "modified": "2020-06-12T17:58:35.749Z", "source": 13}}, {"model": "easy_thumbnails.thumbnail", "pk": 81, "fields": {"storage_hash": "f9bde26a1556cd667f742bd34ec7c55e", "name": "filer_public_thumbnails/filer_public/12/e7/12e728b2-0b6c-496e-80bf-84485706c5ae/bridgehospicelogo.png__48x48_q85_crop_subject_location-196,185_subsampling-2_upscale.png", "modified": "2020-06-12T17:58:35.757Z", "source": 13}}, {"model": "easy_thumbnails.thumbnail", "pk": 82, "fields": {"storage_hash": "f9bde26a1556cd667f742bd34ec7c55e", "name": "filer_public_thumbnails/filer_public/12/e7/12e728b2-0b6c-496e-80bf-84485706c5ae/bridgehospicelogo.png__64x64_q85_crop_subject_location-196,185_subsampling-2_upscale.png", "modified": "2020-06-12T17:58:35.764Z", "source": 13}}, {"model": "easy_thumbnails.thumbnail", "pk": 83, "fields": {"storage_hash": "f9bde26a1556cd667f742bd34ec7c55e", "name": "filer_public_thumbnails/filer_public/12/e7/12e728b2-0b6c-496e-80bf-84485706c5ae/bridgehospicelogo.png__391x370_q85_subject_location-196,185_subsampling-2.png", "modified": "2020-06-12T17:58:42.320Z", "source": 13}}, {"model": "easy_thumbnails.thumbnail", "pk": 84, "fields": {"storage_hash": "f9bde26a1556cd667f742bd34ec7c55e", "name": "filer_public_thumbnails/filer_public/4b/e8/4be8120d-23c8-4abe-ad9c-8ec90c76c495/home01.jpg__1024.0x682.6666666666666_q85_crop-10_subsampling-2_upscale.jpg", "modified": "2020-06-13T03:10:09.942Z", "source": 1}}, {"model": "easy_thumbnails.thumbnail", "pk": 85, "fields": {"storage_hash": "f9bde26a1556cd667f742bd34ec7c55e", "name": "filer_public_thumbnails/filer_public/2e/94/2e94ad5d-04af-4575-b0e0-d4f93e73d748/home02.jpg__1024.0x682.6666666666666_q85_crop-10_subsampling-2_upscale.jpg", "modified": "2020-06-13T03:10:10.259Z", "source": 5}}, {"model": "easy_thumbnails.thumbnail", "pk": 89, "fields": {"storage_hash": "f9bde26a1556cd667f742bd34ec7c55e", "name": "filer_public_thumbnails/filer_public/08/bc/08bca602-c1fb-4583-bf70-717f1cb6662f/home03.jpg__1024.0x682.6666666666666_q85_crop-10_subsampling-2_upscale.jpg", "modified": "2020-06-13T03:10:10.672Z", "source": 3}}, {"model": "easy_thumbnails.thumbnail", "pk": 91, "fields": {"storage_hash": "f9bde26a1556cd667f742bd34ec7c55e", "name": "filer_public_thumbnails/filer_public/ba/51/ba5148d6-b923-4457-b236-8057e63497b5/home04.jpg__1024.0x682.6666666666666_q85_crop-10_subsampling-2_upscale.jpg", "modified": "2020-06-13T03:10:11.276Z", "source": 4}}, {"model": "easy_thumbnails.thumbnail", "pk": 93, "fields": {"storage_hash": "f9bde26a1556cd667f742bd34ec7c55e", "name": "filer_public_thumbnails/filer_public/7c/9f/7c9fb8b1-feda-4c6b-b2c4-9aa3735c2813/home05.jpg__1024.0x682.6666666666666_q85_crop-10_subsampling-2_upscale.jpg", "modified": "2020-06-13T03:10:11.668Z", "source": 2}}, {"model": "bootstrap4_carousel.bootstrap4carousel", "pk": 783, "fields": {"template": "default", "carousel_interval": 10000, "carousel_controls": false, "carousel_indicators": false, "carousel_keyboard": false, "carousel_pause": "false", "carousel_ride": "carousel", "carousel_wrap": true, "carousel_aspect_ratio": "", "tag_type": "div", "attributes": {"class": "p-0"}}}, {"model": "bootstrap4_carousel.bootstrap4carousel", "pk": 3594, "fields": {"template": "default", "carousel_interval": 10000, "carousel_controls": false, "carousel_indicators": false, "carousel_keyboard": false, "carousel_pause": "false", "carousel_ride": "carousel", "carousel_wrap": true, "carousel_aspect_ratio": "", "tag_type": "div", "attributes": {"class": "p-0"}}}, {"model": "bootstrap4_carousel.bootstrap4carouselslide", "pk": 784, "fields": {"template": "default", "name": "", "external_link": "", "internal_link": null, "file_link": null, "anchor": "", "mailto": "", "phone": "", "target": "", "attributes": {}, "carousel_image": 1, "carousel_content": "", "tag_type": "div"}}, {"model": "bootstrap4_carousel.bootstrap4carouselslide", "pk": 785, "fields": {"template": "default", "name": "", "external_link": "", "internal_link": null, "file_link": null, "anchor": "", "mailto": "", "phone": "", "target": "", "attributes": {}, "carousel_image": 5, "carousel_content": "", "tag_type": "div"}}, {"model": "bootstrap4_carousel.bootstrap4carouselslide", "pk": 786, "fields": {"template": "default", "name": "", "external_link": "", "internal_link": null, "file_link": null, "anchor": "", "mailto": "", "phone": "", "target": "", "attributes": {}, "carousel_image": 3, "carousel_content": "", "tag_type": "div"}}, {"model": "bootstrap4_carousel.bootstrap4carouselslide", "pk": 787, "fields": {"template": "default", "name": "", "external_link": "", "internal_link": null, "file_link": null, "anchor": "", "mailto": "", "phone": "", "target": "", "attributes": {}, "carousel_image": 4, "carousel_content": "", "tag_type": "div"}}, {"model": "bootstrap4_carousel.bootstrap4carouselslide", "pk": 788, "fields": {"template": "default", "name": "", "external_link": "", "internal_link": null, "file_link": null, "anchor": "", "mailto": "", "phone": "", "target": "", "attributes": {}, "carousel_image": 2, "carousel_content": "", "tag_type": "div"}}, {"model": "bootstrap4_carousel.bootstrap4carouselslide", "pk": 3595, "fields": {"template": "default", "name": "", "external_link": "", "internal_link": null, "file_link": null, "anchor": "", "mailto": "", "phone": "", "target": "", "attributes": {}, "carousel_image": 1, "carousel_content": "", "tag_type": "div"}}, {"model": "bootstrap4_carousel.bootstrap4carouselslide", "pk": 3596, "fields": {"template": "default", "name": "", "external_link": "", "internal_link": null, "file_link": null, "anchor": "", "mailto": "", "phone": "", "target": "", "attributes": {}, "carousel_image": 5, "carousel_content": "", "tag_type": "div"}}, {"model": "bootstrap4_carousel.bootstrap4carouselslide", "pk": 3597, "fields": {"template": "default", "name": "", "external_link": "", "internal_link": null, "file_link": null, "anchor": "", "mailto": "", "phone": "", "target": "", "attributes": {}, "carousel_image": 3, "carousel_content": "", "tag_type": "div"}}, {"model": "bootstrap4_carousel.bootstrap4carouselslide", "pk": 3598, "fields": {"template": "default", "name": "", "external_link": "", "internal_link": null, "file_link": null, "anchor": "", "mailto": "", "phone": "", "target": "", "attributes": {}, "carousel_image": 4, "carousel_content": "", "tag_type": "div"}}, {"model": "bootstrap4_carousel.bootstrap4carouselslide", "pk": 3599, "fields": {"template": "default", "name": "", "external_link": "", "internal_link": null, "file_link": null, "anchor": "", "mailto": "", "phone": "", "target": "", "attributes": {}, "carousel_image": 2, "carousel_content": "", "tag_type": "div"}}, {"model": "bootstrap4_grid.bootstrap4gridcontainer", "pk": 53, "fields": {"container_type": "container", "tag_type": "div", "attributes": {}}}, {"model": "bootstrap4_grid.bootstrap4gridcontainer", "pk": 480, "fields": {"container_type": "container", "tag_type": "div", "attributes": {"class": "d-none"}}}, {"model": "bootstrap4_grid.bootstrap4gridcontainer", "pk": 630, "fields": {"container_type": "container", "tag_type": "div", "attributes": {}}}, {"model": "bootstrap4_grid.bootstrap4gridcontainer", "pk": 753, "fields": {"container_type": "container", "tag_type": "div", "attributes": {"class": "shadow"}}}, {"model": "bootstrap4_grid.bootstrap4gridcontainer", "pk": 782, "fields": {"container_type": "container", "tag_type": "div", "attributes": {"class": "p-0"}}}, {"model": "bootstrap4_grid.bootstrap4gridcontainer", "pk": 1116, "fields": {"container_type": "container", "tag_type": "div", "attributes": {"class": "hero-container text-center"}}}, {"model": "bootstrap4_grid.bootstrap4gridcontainer", "pk": 1128, "fields": {"container_type": "container", "tag_type": "div", "attributes": {"class": ""}}}, {"model": "bootstrap4_grid.bootstrap4gridcontainer", "pk": 1136, "fields": {"container_type": "container", "tag_type": "div", "attributes": {"class": ""}}}, {"model": "bootstrap4_grid.bootstrap4gridcontainer", "pk": 1233, "fields": {"container_type": "container", "tag_type": "div", "attributes": {}}}, {"model": "bootstrap4_grid.bootstrap4gridcontainer", "pk": 1238, "fields": {"container_type": "container", "tag_type": "div", "attributes": {}}}, {"model": "bootstrap4_grid.bootstrap4gridcontainer", "pk": 1343, "fields": {"container_type": "container", "tag_type": "div", "attributes": {}}}, {"model": "bootstrap4_grid.bootstrap4gridcontainer", "pk": 1347, "fields": {"container_type": "container", "tag_type": "div", "attributes": {}}}, {"model": "bootstrap4_grid.bootstrap4gridcontainer", "pk": 3323, "fields": {"container_type": "container", "tag_type": "div", "attributes": {}}}, {"model": "bootstrap4_grid.bootstrap4gridcontainer", "pk": 3329, "fields": {"container_type": "container", "tag_type": "div", "attributes": {}}}, {"model": "bootstrap4_grid.bootstrap4gridcontainer", "pk": 3333, "fields": {"container_type": "container", "tag_type": "div", "attributes": {"class": ""}}}, {"model": "bootstrap4_grid.bootstrap4gridcontainer", "pk": 3337, "fields": {"container_type": "container", "tag_type": "div", "attributes": {"class": ""}}}, {"model": "bootstrap4_grid.bootstrap4gridcontainer", "pk": 3389, "fields": {"container_type": "container", "tag_type": "div", "attributes": {"class": "d-none"}}}, {"model": "bootstrap4_grid.bootstrap4gridcontainer", "pk": 3391, "fields": {"container_type": "container", "tag_type": "div", "attributes": {}}}, {"model": "bootstrap4_grid.bootstrap4gridcontainer", "pk": 3470, "fields": {"container_type": "container", "tag_type": "div", "attributes": {}}}, {"model": "bootstrap4_grid.bootstrap4gridcontainer", "pk": 3478, "fields": {"container_type": "container", "tag_type": "div", "attributes": {}}}, {"model": "bootstrap4_grid.bootstrap4gridcontainer", "pk": 3542, "fields": {"container_type": "container", "tag_type": "div", "attributes": {}}}, {"model": "bootstrap4_grid.bootstrap4gridcontainer", "pk": 3550, "fields": {"container_type": "container", "tag_type": "div", "attributes": {}}}, {"model": "bootstrap4_grid.bootstrap4gridcontainer", "pk": 3554, "fields": {"container_type": "container", "tag_type": "div", "attributes": {}}}, {"model": "bootstrap4_grid.bootstrap4gridcontainer", "pk": 3563, "fields": {"container_type": "container", "tag_type": "div", "attributes": {"class": "shadow"}}}, {"model": "bootstrap4_grid.bootstrap4gridcontainer", "pk": 3593, "fields": {"container_type": "container", "tag_type": "div", "attributes": {"class": "p-0"}}}, {"model": "bootstrap4_grid.bootstrap4gridcontainer", "pk": 3600, "fields": {"container_type": "container", "tag_type": "div", "attributes": {"class": "hero-container text-center"}}}, {"model": "bootstrap4_grid.bootstrap4gridcontainer", "pk": 3632, "fields": {"container_type": "container", "tag_type": "div", "attributes": {}}}, {"model": "bootstrap4_grid.bootstrap4gridcontainer", "pk": 3639, "fields": {"container_type": "container", "tag_type": "div", "attributes": {}}}, {"model": "bootstrap4_grid.bootstrap4gridcontainer", "pk": 3659, "fields": {"container_type": "container", "tag_type": "div", "attributes": {}}}, {"model": "bootstrap4_grid.bootstrap4gridrow", "pk": 54, "fields": {"vertical_alignment": "", "horizontal_alignment": "", "gutters": false, "tag_type": "div", "attributes": {"class": "py-3"}}}, {"model": "bootstrap4_grid.bootstrap4gridrow", "pk": 631, "fields": {"vertical_alignment": "align-items-center", "horizontal_alignment": "justify-content-center", "gutters": false, "tag_type": "div", "attributes": {}}}, {"model": "bootstrap4_grid.bootstrap4gridrow", "pk": 755, "fields": {"vertical_alignment": "", "horizontal_alignment": "justify-content-center", "gutters": false, "tag_type": "div", "attributes": {"class": "nav-box bg-purple"}}}, {"model": "bootstrap4_grid.bootstrap4gridrow", "pk": 760, "fields": {"vertical_alignment": "align-items-center", "horizontal_alignment": "justify-content-center", "gutters": false, "tag_type": "div", "attributes": {"class": "nav-box bg-cyan "}}}, {"model": "bootstrap4_grid.bootstrap4gridrow", "pk": 769, "fields": {"vertical_alignment": "align-items-center", "horizontal_alignment": "justify-content-center", "gutters": false, "tag_type": "div", "attributes": {"class": "nav-box bg-darkblue hover-dim"}}}, {"model": "bootstrap4_grid.bootstrap4gridrow", "pk": 774, "fields": {"vertical_alignment": "align-items-center", "horizontal_alignment": "justify-content-center", "gutters": false, "tag_type": "div", "attributes": {"class": "nav-box bg-orange"}}}, {"model": "bootstrap4_grid.bootstrap4gridrow", "pk": 779, "fields": {"vertical_alignment": "align-items-center", "horizontal_alignment": "justify-content-center", "gutters": false, "tag_type": "div", "attributes": {"class": "nav-box bg-yellow hover-dim"}}}, {"model": "bootstrap4_grid.bootstrap4gridrow", "pk": 1129, "fields": {"vertical_alignment": "align-items-center", "horizontal_alignment": "justify-content-center", "gutters": false, "tag_type": "div", "attributes": {}}}, {"model": "bootstrap4_grid.bootstrap4gridrow", "pk": 1137, "fields": {"vertical_alignment": "align-items-center", "horizontal_alignment": "justify-content-center", "gutters": false, "tag_type": "div", "attributes": {}}}, {"model": "bootstrap4_grid.bootstrap4gridrow", "pk": 1185, "fields": {"vertical_alignment": "", "horizontal_alignment": "", "gutters": false, "tag_type": "div", "attributes": {}}}, {"model": "bootstrap4_grid.bootstrap4gridrow", "pk": 1234, "fields": {"vertical_alignment": "", "horizontal_alignment": "", "gutters": false, "tag_type": "div", "attributes": {}}}, {"model": "bootstrap4_grid.bootstrap4gridrow", "pk": 1239, "fields": {"vertical_alignment": "", "horizontal_alignment": "", "gutters": false, "tag_type": "div", "attributes": {}}}, {"model": "bootstrap4_grid.bootstrap4gridrow", "pk": 1344, "fields": {"vertical_alignment": "", "horizontal_alignment": "", "gutters": false, "tag_type": "div", "attributes": {}}}, {"model": "bootstrap4_grid.bootstrap4gridrow", "pk": 1348, "fields": {"vertical_alignment": "", "horizontal_alignment": "", "gutters": false, "tag_type": "div", "attributes": {}}}, {"model": "bootstrap4_grid.bootstrap4gridrow", "pk": 3324, "fields": {"vertical_alignment": "", "horizontal_alignment": "", "gutters": false, "tag_type": "div", "attributes": {}}}, {"model": "bootstrap4_grid.bootstrap4gridrow", "pk": 3330, "fields": {"vertical_alignment": "", "horizontal_alignment": "", "gutters": false, "tag_type": "div", "attributes": {}}}, {"model": "bootstrap4_grid.bootstrap4gridrow", "pk": 3334, "fields": {"vertical_alignment": "align-items-center", "horizontal_alignment": "justify-content-center", "gutters": false, "tag_type": "div", "attributes": {}}}, {"model": "bootstrap4_grid.bootstrap4gridrow", "pk": 3338, "fields": {"vertical_alignment": "align-items-center", "horizontal_alignment": "justify-content-center", "gutters": false, "tag_type": "div", "attributes": {}}}, {"model": "bootstrap4_grid.bootstrap4gridrow", "pk": 3392, "fields": {"vertical_alignment": "", "horizontal_alignment": "", "gutters": false, "tag_type": "div", "attributes": {"class": "py-3"}}}, {"model": "bootstrap4_grid.bootstrap4gridrow", "pk": 3413, "fields": {"vertical_alignment": "", "horizontal_alignment": "", "gutters": false, "tag_type": "div", "attributes": {}}}, {"model": "bootstrap4_grid.bootstrap4gridrow", "pk": 3418, "fields": {"vertical_alignment": "", "horizontal_alignment": "", "gutters": false, "tag_type": "div", "attributes": {"class": "px-3"}}}, {"model": "bootstrap4_grid.bootstrap4gridrow", "pk": 3471, "fields": {"vertical_alignment": "", "horizontal_alignment": "", "gutters": false, "tag_type": "div", "attributes": {}}}, {"model": "bootstrap4_grid.bootstrap4gridrow", "pk": 3479, "fields": {"vertical_alignment": "", "horizontal_alignment": "", "gutters": false, "tag_type": "div", "attributes": {}}}, {"model": "bootstrap4_grid.bootstrap4gridrow", "pk": 3543, "fields": {"vertical_alignment": "", "horizontal_alignment": "", "gutters": false, "tag_type": "div", "attributes": {}}}, {"model": "bootstrap4_grid.bootstrap4gridrow", "pk": 3551, "fields": {"vertical_alignment": "", "horizontal_alignment": "", "gutters": false, "tag_type": "div", "attributes": {}}}, {"model": "bootstrap4_grid.bootstrap4gridrow", "pk": 3555, "fields": {"vertical_alignment": "", "horizontal_alignment": "", "gutters": false, "tag_type": "div", "attributes": {}}}, {"model": "bootstrap4_grid.bootstrap4gridrow", "pk": 3564, "fields": {"vertical_alignment": "", "horizontal_alignment": "justify-content-center", "gutters": false, "tag_type": "div", "attributes": {"class": "nav-box bg-purple"}}}, {"model": "bootstrap4_grid.bootstrap4gridrow", "pk": 3570, "fields": {"vertical_alignment": "align-items-center", "horizontal_alignment": "justify-content-center", "gutters": false, "tag_type": "div", "attributes": {"class": "nav-box bg-cyan "}}}, {"model": "bootstrap4_grid.bootstrap4gridrow", "pk": 3579, "fields": {"vertical_alignment": "align-items-center", "horizontal_alignment": "justify-content-center", "gutters": false, "tag_type": "div", "attributes": {"class": "nav-box bg-orange"}}}, {"model": "bootstrap4_grid.bootstrap4gridrow", "pk": 3584, "fields": {"vertical_alignment": "align-items-center", "horizontal_alignment": "justify-content-center", "gutters": false, "tag_type": "div", "attributes": {"class": "nav-box bg-yellow hover-dim"}}}, {"model": "bootstrap4_grid.bootstrap4gridrow", "pk": 3588, "fields": {"vertical_alignment": "align-items-center", "horizontal_alignment": "justify-content-center", "gutters": false, "tag_type": "div", "attributes": {"class": "nav-box bg-darkblue hover-dim"}}}, {"model": "bootstrap4_grid.bootstrap4gridrow", "pk": 3601, "fields": {"vertical_alignment": "", "horizontal_alignment": "", "gutters": false, "tag_type": "div", "attributes": {}}}, {"model": "bootstrap4_grid.bootstrap4gridrow", "pk": 3605, "fields": {"vertical_alignment": "", "horizontal_alignment": "", "gutters": false, "tag_type": "div", "attributes": {}}}, {"model": "bootstrap4_grid.bootstrap4gridrow", "pk": 3609, "fields": {"vertical_alignment": "", "horizontal_alignment": "", "gutters": false, "tag_type": "div", "attributes": {"class": "px-3"}}}, {"model": "bootstrap4_grid.bootstrap4gridrow", "pk": 3640, "fields": {"vertical_alignment": "align-items-center", "horizontal_alignment": "justify-content-center", "gutters": false, "tag_type": "div", "attributes": {}}}, {"model": "bootstrap4_grid.bootstrap4gridcolumn", "pk": 55, "fields": {"column_type": "col", "column_alignment": "", "tag_type": "div", "attributes": {}, "xs_col": 12, "xs_order": null, "xs_offset": null, "xs_ml": false, "xs_mr": false, "sm_col": null, "sm_order": null, "sm_offset": null, "sm_ml": false, "sm_mr": false, "md_col": 12, "md_order": null, "md_offset": null, "md_ml": false, "md_mr": false, "lg_col": null, "lg_order": null, "lg_offset": null, "lg_ml": false, "lg_mr": false, "xl_col": null, "xl_order": null, "xl_offset": null, "xl_ml": false, "xl_mr": false}}, {"model": "bootstrap4_grid.bootstrap4gridcolumn", "pk": 260, "fields": {"column_type": "col", "column_alignment": "align-self-center", "tag_type": "div", "attributes": {"class": "d-none"}, "xs_col": 12, "xs_order": null, "xs_offset": null, "xs_ml": false, "xs_mr": false, "sm_col": null, "sm_order": null, "sm_offset": null, "sm_ml": false, "sm_mr": false, "md_col": 6, "md_order": null, "md_offset": null, "md_ml": false, "md_mr": false, "lg_col": null, "lg_order": null, "lg_offset": null, "lg_ml": false, "lg_mr": false, "xl_col": null, "xl_order": null, "xl_offset": null, "xl_ml": false, "xl_mr": false}}, {"model": "bootstrap4_grid.bootstrap4gridcolumn", "pk": 633, "fields": {"column_type": "col", "column_alignment": "align-self-center", "tag_type": "div", "attributes": {}, "xs_col": null, "xs_order": null, "xs_offset": null, "xs_ml": false, "xs_mr": false, "sm_col": null, "sm_order": null, "sm_offset": null, "sm_ml": false, "sm_mr": false, "md_col": null, "md_order": null, "md_offset": null, "md_ml": false, "md_mr": false, "lg_col": null, "lg_order": null, "lg_offset": null, "lg_ml": false, "lg_mr": false, "xl_col": null, "xl_order": null, "xl_offset": null, "xl_ml": false, "xl_mr": false}}, {"model": "bootstrap4_grid.bootstrap4gridcolumn", "pk": 756, "fields": {"column_type": "col", "column_alignment": "align-self-center", "tag_type": "div", "attributes": {"style": "line-height: 1.0;", "class": "text-center my-auto pb-2"}, "xs_col": 12, "xs_order": null, "xs_offset": null, "xs_ml": false, "xs_mr": false, "sm_col": 12, "sm_order": null, "sm_offset": null, "sm_ml": false, "sm_mr": false, "md_col": 4, "md_order": null, "md_offset": null, "md_ml": false, "md_mr": false, "lg_col": 5, "lg_order": null, "lg_offset": null, "lg_ml": false, "lg_mr": false, "xl_col": null, "xl_order": null, "xl_offset": null, "xl_ml": false, "xl_mr": false}}, {"model": "bootstrap4_grid.bootstrap4gridcolumn", "pk": 758, "fields": {"column_type": "col", "column_alignment": "align-self-center", "tag_type": "div", "attributes": {"class": "p-0"}, "xs_col": 12, "xs_order": null, "xs_offset": null, "xs_ml": false, "xs_mr": false, "sm_col": 12, "sm_order": null, "sm_offset": null, "sm_ml": false, "sm_mr": false, "md_col": 8, "md_order": null, "md_offset": null, "md_ml": false, "md_mr": false, "lg_col": 7, "lg_order": null, "lg_offset": null, "lg_ml": false, "lg_mr": false, "xl_col": null, "xl_order": null, "xl_offset": null, "xl_ml": false, "xl_mr": false}}, {"model": "bootstrap4_grid.bootstrap4gridcolumn", "pk": 761, "fields": {"column_type": "col", "column_alignment": "align-self-center", "tag_type": "div", "attributes": {"class": "col-12 col-md"}, "xs_col": null, "xs_order": null, "xs_offset": null, "xs_ml": false, "xs_mr": false, "sm_col": null, "sm_order": null, "sm_offset": null, "sm_ml": false, "sm_mr": false, "md_col": null, "md_order": null, "md_offset": null, "md_ml": false, "md_mr": false, "lg_col": null, "lg_order": null, "lg_offset": null, "lg_ml": false, "lg_mr": false, "xl_col": null, "xl_order": null, "xl_offset": null, "xl_ml": false, "xl_mr": false}}, {"model": "bootstrap4_grid.bootstrap4gridcolumn", "pk": 763, "fields": {"column_type": "col", "column_alignment": "align-self-center", "tag_type": "div", "attributes": {"class": "col-12 col-md"}, "xs_col": null, "xs_order": null, "xs_offset": null, "xs_ml": false, "xs_mr": false, "sm_col": null, "sm_order": null, "sm_offset": null, "sm_ml": false, "sm_mr": false, "md_col": null, "md_order": null, "md_offset": null, "md_ml": false, "md_mr": false, "lg_col": null, "lg_order": null, "lg_offset": null, "lg_ml": false, "lg_mr": false, "xl_col": null, "xl_order": null, "xl_offset": null, "xl_ml": false, "xl_mr": false}}, {"model": "bootstrap4_grid.bootstrap4gridcolumn", "pk": 765, "fields": {"column_type": "col", "column_alignment": "align-self-center", "tag_type": "div", "attributes": {"class": "col-12 col-md"}, "xs_col": null, "xs_order": null, "xs_offset": null, "xs_ml": false, "xs_mr": false, "sm_col": null, "sm_order": null, "sm_offset": null, "sm_ml": false, "sm_mr": false, "md_col": null, "md_order": null, "md_offset": null, "md_ml": false, "md_mr": false, "lg_col": null, "lg_order": null, "lg_offset": null, "lg_ml": false, "lg_mr": false, "xl_col": null, "xl_order": null, "xl_offset": null, "xl_ml": false, "xl_mr": false}}, {"model": "bootstrap4_grid.bootstrap4gridcolumn", "pk": 767, "fields": {"column_type": "col", "column_alignment": "", "tag_type": "div", "attributes": {}, "xs_col": 12, "xs_order": null, "xs_offset": null, "xs_ml": false, "xs_mr": false, "sm_col": null, "sm_order": null, "sm_offset": null, "sm_ml": false, "sm_mr": false, "md_col": null, "md_order": null, "md_offset": null, "md_ml": false, "md_mr": false, "lg_col": null, "lg_order": null, "lg_offset": null, "lg_ml": false, "lg_mr": false, "xl_col": null, "xl_order": null, "xl_offset": null, "xl_ml": false, "xl_mr": false}}, {"model": "bootstrap4_grid.bootstrap4gridcolumn", "pk": 770, "fields": {"column_type": "col", "column_alignment": "", "tag_type": "div", "attributes": {"class": "text-right"}, "xs_col": 4, "xs_order": null, "xs_offset": null, "xs_ml": false, "xs_mr": false, "sm_col": null, "sm_order": null, "sm_offset": null, "sm_ml": false, "sm_mr": false, "md_col": null, "md_order": null, "md_offset": null, "md_ml": false, "md_mr": false, "lg_col": null, "lg_order": null, "lg_offset": null, "lg_ml": false, "lg_mr": false, "xl_col": null, "xl_order": null, "xl_offset": null, "xl_ml": false, "xl_mr": false}}, {"model": "bootstrap4_grid.bootstrap4gridcolumn", "pk": 772, "fields": {"column_type": "col", "column_alignment": "align-self-center", "tag_type": "div", "attributes": {"class": "text-light text-center text-lg-left mx-auto ml-lg-0", "style": "line-height: 1.1;"}, "xs_col": 8, "xs_order": null, "xs_offset": null, "xs_ml": false, "xs_mr": false, "sm_col": null, "sm_order": null, "sm_offset": null, "sm_ml": false, "sm_mr": false, "md_col": null, "md_order": null, "md_offset": null, "md_ml": false, "md_mr": false, "lg_col": null, "lg_order": null, "lg_offset": null, "lg_ml": false, "lg_mr": false, "xl_col": null, "xl_order": null, "xl_offset": null, "xl_ml": false, "xl_mr": false}}, {"model": "bootstrap4_grid.bootstrap4gridcolumn", "pk": 775, "fields": {"column_type": "col", "column_alignment": "", "tag_type": "div", "attributes": {}, "xs_col": null, "xs_order": null, "xs_offset": null, "xs_ml": false, "xs_mr": false, "sm_col": null, "sm_order": null, "sm_offset": null, "sm_ml": false, "sm_mr": false, "md_col": null, "md_order": null, "md_offset": null, "md_ml": false, "md_mr": false, "lg_col": null, "lg_order": null, "lg_offset": null, "lg_ml": false, "lg_mr": false, "xl_col": null, "xl_order": null, "xl_offset": null, "xl_ml": false, "xl_mr": false}}, {"model": "bootstrap4_grid.bootstrap4gridcolumn", "pk": 780, "fields": {"column_type": "col", "column_alignment": "align-self-center", "tag_type": "div", "attributes": {"class": "text-center"}, "xs_col": 8, "xs_order": null, "xs_offset": null, "xs_ml": false, "xs_mr": false, "sm_col": 7, "sm_order": null, "sm_offset": null, "sm_ml": false, "sm_mr": false, "md_col": 6, "md_order": null, "md_offset": null, "md_ml": false, "md_mr": false, "lg_col": 5, "lg_order": null, "lg_offset": null, "lg_ml": false, "lg_mr": false, "xl_col": null, "xl_order": null, "xl_offset": null, "xl_ml": false, "xl_mr": false}}, {"model": "bootstrap4_grid.bootstrap4gridcolumn", "pk": 1130, "fields": {"column_type": "col", "column_alignment": "align-self-center", "tag_type": "div", "attributes": {"class": "text-center"}, "xs_col": 12, "xs_order": null, "xs_offset": null, "xs_ml": false, "xs_mr": false, "sm_col": null, "sm_order": null, "sm_offset": null, "sm_ml": false, "sm_mr": false, "md_col": null, "md_order": null, "md_offset": null, "md_ml": false, "md_mr": false, "lg_col": null, "lg_order": null, "lg_offset": null, "lg_ml": false, "lg_mr": false, "xl_col": null, "xl_order": null, "xl_offset": null, "xl_ml": false, "xl_mr": false}}, {"model": "bootstrap4_grid.bootstrap4gridcolumn", "pk": 1138, "fields": {"column_type": "col", "column_alignment": "align-self-center", "tag_type": "div", "attributes": {"class": "text-center"}, "xs_col": 12, "xs_order": null, "xs_offset": null, "xs_ml": false, "xs_mr": false, "sm_col": null, "sm_order": null, "sm_offset": null, "sm_ml": false, "sm_mr": false, "md_col": null, "md_order": null, "md_offset": null, "md_ml": false, "md_mr": false, "lg_col": null, "lg_order": null, "lg_offset": null, "lg_ml": false, "lg_mr": false, "xl_col": null, "xl_order": null, "xl_offset": null, "xl_ml": false, "xl_mr": false}}, {"model": "bootstrap4_grid.bootstrap4gridcolumn", "pk": 1186, "fields": {"column_type": "col", "column_alignment": "", "tag_type": "div", "attributes": {}, "xs_col": null, "xs_order": null, "xs_offset": null, "xs_ml": false, "xs_mr": false, "sm_col": null, "sm_order": null, "sm_offset": null, "sm_ml": false, "sm_mr": false, "md_col": null, "md_order": null, "md_offset": null, "md_ml": false, "md_mr": false, "lg_col": null, "lg_order": null, "lg_offset": null, "lg_ml": false, "lg_mr": false, "xl_col": null, "xl_order": null, "xl_offset": null, "xl_ml": false, "xl_mr": false}}, {"model": "bootstrap4_grid.bootstrap4gridcolumn", "pk": 1235, "fields": {"column_type": "col", "column_alignment": "", "tag_type": "div", "attributes": {"class": "mt-3"}, "xs_col": 12, "xs_order": null, "xs_offset": null, "xs_ml": false, "xs_mr": false, "sm_col": null, "sm_order": null, "sm_offset": null, "sm_ml": false, "sm_mr": false, "md_col": 6, "md_order": null, "md_offset": null, "md_ml": false, "md_mr": false, "lg_col": null, "lg_order": null, "lg_offset": null, "lg_ml": false, "lg_mr": false, "xl_col": null, "xl_order": null, "xl_offset": null, "xl_ml": false, "xl_mr": false}}, {"model": "bootstrap4_grid.bootstrap4gridcolumn", "pk": 1240, "fields": {"column_type": "col", "column_alignment": "", "tag_type": "div", "attributes": {}, "xs_col": null, "xs_order": null, "xs_offset": null, "xs_ml": false, "xs_mr": false, "sm_col": null, "sm_order": null, "sm_offset": null, "sm_ml": false, "sm_mr": false, "md_col": null, "md_order": null, "md_offset": null, "md_ml": false, "md_mr": false, "lg_col": null, "lg_order": null, "lg_offset": null, "lg_ml": false, "lg_mr": false, "xl_col": null, "xl_order": null, "xl_offset": null, "xl_ml": false, "xl_mr": false}}, {"model": "bootstrap4_grid.bootstrap4gridcolumn", "pk": 1345, "fields": {"column_type": "col", "column_alignment": "", "tag_type": "div", "attributes": {"class": "p-5"}, "xs_col": 12, "xs_order": null, "xs_offset": null, "xs_ml": false, "xs_mr": false, "sm_col": null, "sm_order": null, "sm_offset": null, "sm_ml": false, "sm_mr": false, "md_col": null, "md_order": null, "md_offset": null, "md_ml": false, "md_mr": false, "lg_col": null, "lg_order": null, "lg_offset": null, "lg_ml": false, "lg_mr": false, "xl_col": null, "xl_order": null, "xl_offset": null, "xl_ml": false, "xl_mr": false}}, {"model": "bootstrap4_grid.bootstrap4gridcolumn", "pk": 1349, "fields": {"column_type": "col", "column_alignment": "", "tag_type": "div", "attributes": {"class": "p-5"}, "xs_col": 12, "xs_order": null, "xs_offset": null, "xs_ml": false, "xs_mr": false, "sm_col": null, "sm_order": null, "sm_offset": null, "sm_ml": false, "sm_mr": false, "md_col": null, "md_order": null, "md_offset": null, "md_ml": false, "md_mr": false, "lg_col": null, "lg_order": null, "lg_offset": null, "lg_ml": false, "lg_mr": false, "xl_col": null, "xl_order": null, "xl_offset": null, "xl_ml": false, "xl_mr": false}}, {"model": "bootstrap4_grid.bootstrap4gridcolumn", "pk": 1361, "fields": {"column_type": "col", "column_alignment": "", "tag_type": "div", "attributes": {"class": "mt-3"}, "xs_col": 12, "xs_order": null, "xs_offset": null, "xs_ml": false, "xs_mr": false, "sm_col": null, "sm_order": null, "sm_offset": null, "sm_ml": false, "sm_mr": false, "md_col": 6, "md_order": null, "md_offset": null, "md_ml": false, "md_mr": false, "lg_col": null, "lg_order": null, "lg_offset": null, "lg_ml": false, "lg_mr": false, "xl_col": null, "xl_order": null, "xl_offset": null, "xl_ml": false, "xl_mr": false}}, {"model": "bootstrap4_grid.bootstrap4gridcolumn", "pk": 3325, "fields": {"column_type": "col", "column_alignment": "", "tag_type": "div", "attributes": {"class": "mt-3"}, "xs_col": 12, "xs_order": null, "xs_offset": null, "xs_ml": false, "xs_mr": false, "sm_col": null, "sm_order": null, "sm_offset": null, "sm_ml": false, "sm_mr": false, "md_col": 6, "md_order": null, "md_offset": null, "md_ml": false, "md_mr": false, "lg_col": null, "lg_order": null, "lg_offset": null, "lg_ml": false, "lg_mr": false, "xl_col": null, "xl_order": null, "xl_offset": null, "xl_ml": false, "xl_mr": false}}, {"model": "bootstrap4_grid.bootstrap4gridcolumn", "pk": 3327, "fields": {"column_type": "col", "column_alignment": "", "tag_type": "div", "attributes": {"class": "mt-3"}, "xs_col": 12, "xs_order": null, "xs_offset": null, "xs_ml": false, "xs_mr": false, "sm_col": null, "sm_order": null, "sm_offset": null, "sm_ml": false, "sm_mr": false, "md_col": 6, "md_order": null, "md_offset": null, "md_ml": false, "md_mr": false, "lg_col": null, "lg_order": null, "lg_offset": null, "lg_ml": false, "lg_mr": false, "xl_col": null, "xl_order": null, "xl_offset": null, "xl_ml": false, "xl_mr": false}}, {"model": "bootstrap4_grid.bootstrap4gridcolumn", "pk": 3331, "fields": {"column_type": "col", "column_alignment": "", "tag_type": "div", "attributes": {}, "xs_col": null, "xs_order": null, "xs_offset": null, "xs_ml": false, "xs_mr": false, "sm_col": null, "sm_order": null, "sm_offset": null, "sm_ml": false, "sm_mr": false, "md_col": null, "md_order": null, "md_offset": null, "md_ml": false, "md_mr": false, "lg_col": null, "lg_order": null, "lg_offset": null, "lg_ml": false, "lg_mr": false, "xl_col": null, "xl_order": null, "xl_offset": null, "xl_ml": false, "xl_mr": false}}, {"model": "bootstrap4_grid.bootstrap4gridcolumn", "pk": 3335, "fields": {"column_type": "col", "column_alignment": "align-self-center", "tag_type": "div", "attributes": {"class": "text-center"}, "xs_col": 12, "xs_order": null, "xs_offset": null, "xs_ml": false, "xs_mr": false, "sm_col": null, "sm_order": null, "sm_offset": null, "sm_ml": false, "sm_mr": false, "md_col": null, "md_order": null, "md_offset": null, "md_ml": false, "md_mr": false, "lg_col": null, "lg_order": null, "lg_offset": null, "lg_ml": false, "lg_mr": false, "xl_col": null, "xl_order": null, "xl_offset": null, "xl_ml": false, "xl_mr": false}}, {"model": "bootstrap4_grid.bootstrap4gridcolumn", "pk": 3339, "fields": {"column_type": "col", "column_alignment": "align-self-center", "tag_type": "div", "attributes": {"class": "text-center"}, "xs_col": 12, "xs_order": null, "xs_offset": null, "xs_ml": false, "xs_mr": false, "sm_col": null, "sm_order": null, "sm_offset": null, "sm_ml": false, "sm_mr": false, "md_col": null, "md_order": null, "md_offset": null, "md_ml": false, "md_mr": false, "lg_col": null, "lg_order": null, "lg_offset": null, "lg_ml": false, "lg_mr": false, "xl_col": null, "xl_order": null, "xl_offset": null, "xl_ml": false, "xl_mr": false}}, {"model": "bootstrap4_grid.bootstrap4gridcolumn", "pk": 3393, "fields": {"column_type": "col", "column_alignment": "", "tag_type": "div", "attributes": {}, "xs_col": 12, "xs_order": null, "xs_offset": null, "xs_ml": false, "xs_mr": false, "sm_col": null, "sm_order": null, "sm_offset": null, "sm_ml": false, "sm_mr": false, "md_col": 12, "md_order": null, "md_offset": null, "md_ml": false, "md_mr": false, "lg_col": null, "lg_order": null, "lg_offset": null, "lg_ml": false, "lg_mr": false, "xl_col": null, "xl_order": null, "xl_offset": null, "xl_ml": false, "xl_mr": false}}, {"model": "bootstrap4_grid.bootstrap4gridcolumn", "pk": 3411, "fields": {"column_type": "col", "column_alignment": "align-self-center", "tag_type": "div", "attributes": {"class": "d-none"}, "xs_col": 12, "xs_order": null, "xs_offset": null, "xs_ml": false, "xs_mr": false, "sm_col": null, "sm_order": null, "sm_offset": null, "sm_ml": false, "sm_mr": false, "md_col": 6, "md_order": null, "md_offset": null, "md_ml": false, "md_mr": false, "lg_col": null, "lg_order": null, "lg_offset": null, "lg_ml": false, "lg_mr": false, "xl_col": null, "xl_order": null, "xl_offset": null, "xl_ml": false, "xl_mr": false}}, {"model": "bootstrap4_grid.bootstrap4gridcolumn", "pk": 3414, "fields": {"column_type": "col", "column_alignment": "align-self-center", "tag_type": "div", "attributes": {}, "xs_col": 12, "xs_order": null, "xs_offset": null, "xs_ml": false, "xs_mr": false, "sm_col": null, "sm_order": null, "sm_offset": null, "sm_ml": false, "sm_mr": false, "md_col": null, "md_order": null, "md_offset": null, "md_ml": false, "md_mr": false, "lg_col": null, "lg_order": null, "lg_offset": null, "lg_ml": false, "lg_mr": false, "xl_col": null, "xl_order": null, "xl_offset": null, "xl_ml": false, "xl_mr": false}}, {"model": "bootstrap4_grid.bootstrap4gridcolumn", "pk": 3419, "fields": {"column_type": "col", "column_alignment": "", "tag_type": "div", "attributes": {}, "xs_col": null, "xs_order": null, "xs_offset": null, "xs_ml": false, "xs_mr": false, "sm_col": null, "sm_order": null, "sm_offset": null, "sm_ml": false, "sm_mr": false, "md_col": null, "md_order": null, "md_offset": null, "md_ml": false, "md_mr": false, "lg_col": null, "lg_order": null, "lg_offset": null, "lg_ml": false, "lg_mr": false, "xl_col": null, "xl_order": null, "xl_offset": null, "xl_ml": false, "xl_mr": false}}, {"model": "bootstrap4_grid.bootstrap4gridcolumn", "pk": 3472, "fields": {"column_type": "col", "column_alignment": "", "tag_type": "div", "attributes": {}, "xs_col": null, "xs_order": null, "xs_offset": null, "xs_ml": false, "xs_mr": false, "sm_col": null, "sm_order": null, "sm_offset": null, "sm_ml": false, "sm_mr": false, "md_col": null, "md_order": null, "md_offset": null, "md_ml": false, "md_mr": false, "lg_col": null, "lg_order": null, "lg_offset": null, "lg_ml": false, "lg_mr": false, "xl_col": null, "xl_order": null, "xl_offset": null, "xl_ml": false, "xl_mr": false}}, {"model": "bootstrap4_grid.bootstrap4gridcolumn", "pk": 3480, "fields": {"column_type": "col", "column_alignment": "", "tag_type": "div", "attributes": {}, "xs_col": null, "xs_order": null, "xs_offset": null, "xs_ml": false, "xs_mr": false, "sm_col": null, "sm_order": null, "sm_offset": null, "sm_ml": false, "sm_mr": false, "md_col": null, "md_order": null, "md_offset": null, "md_ml": false, "md_mr": false, "lg_col": null, "lg_order": null, "lg_offset": null, "lg_ml": false, "lg_mr": false, "xl_col": null, "xl_order": null, "xl_offset": null, "xl_ml": false, "xl_mr": false}}, {"model": "bootstrap4_grid.bootstrap4gridcolumn", "pk": 3544, "fields": {"column_type": "col", "column_alignment": "", "tag_type": "div", "attributes": {}, "xs_col": null, "xs_order": null, "xs_offset": null, "xs_ml": false, "xs_mr": false, "sm_col": null, "sm_order": null, "sm_offset": null, "sm_ml": false, "sm_mr": false, "md_col": null, "md_order": null, "md_offset": null, "md_ml": false, "md_mr": false, "lg_col": null, "lg_order": null, "lg_offset": null, "lg_ml": false, "lg_mr": false, "xl_col": null, "xl_order": null, "xl_offset": null, "xl_ml": false, "xl_mr": false}}, {"model": "bootstrap4_grid.bootstrap4gridcolumn", "pk": 3552, "fields": {"column_type": "col", "column_alignment": "", "tag_type": "div", "attributes": {}, "xs_col": null, "xs_order": null, "xs_offset": null, "xs_ml": false, "xs_mr": false, "sm_col": null, "sm_order": null, "sm_offset": null, "sm_ml": false, "sm_mr": false, "md_col": null, "md_order": null, "md_offset": null, "md_ml": false, "md_mr": false, "lg_col": null, "lg_order": null, "lg_offset": null, "lg_ml": false, "lg_mr": false, "xl_col": null, "xl_order": null, "xl_offset": null, "xl_ml": false, "xl_mr": false}}, {"model": "bootstrap4_grid.bootstrap4gridcolumn", "pk": 3556, "fields": {"column_type": "col", "column_alignment": "", "tag_type": "div", "attributes": {"class": "p-5"}, "xs_col": 12, "xs_order": null, "xs_offset": null, "xs_ml": false, "xs_mr": false, "sm_col": null, "sm_order": null, "sm_offset": null, "sm_ml": false, "sm_mr": false, "md_col": null, "md_order": null, "md_offset": null, "md_ml": false, "md_mr": false, "lg_col": null, "lg_order": null, "lg_offset": null, "lg_ml": false, "lg_mr": false, "xl_col": null, "xl_order": null, "xl_offset": null, "xl_ml": false, "xl_mr": false}}, {"model": "bootstrap4_grid.bootstrap4gridcolumn", "pk": 3565, "fields": {"column_type": "col", "column_alignment": "align-self-center", "tag_type": "div", "attributes": {"style": "line-height: 1.0;", "class": "text-center my-auto pb-2"}, "xs_col": 12, "xs_order": null, "xs_offset": null, "xs_ml": false, "xs_mr": false, "sm_col": 12, "sm_order": null, "sm_offset": null, "sm_ml": false, "sm_mr": false, "md_col": 4, "md_order": null, "md_offset": null, "md_ml": false, "md_mr": false, "lg_col": 5, "lg_order": null, "lg_offset": null, "lg_ml": false, "lg_mr": false, "xl_col": null, "xl_order": null, "xl_offset": null, "xl_ml": false, "xl_mr": false}}, {"model": "bootstrap4_grid.bootstrap4gridcolumn", "pk": 3568, "fields": {"column_type": "col", "column_alignment": "align-self-center", "tag_type": "div", "attributes": {"class": "p-0"}, "xs_col": 12, "xs_order": null, "xs_offset": null, "xs_ml": false, "xs_mr": false, "sm_col": 12, "sm_order": null, "sm_offset": null, "sm_ml": false, "sm_mr": false, "md_col": 8, "md_order": null, "md_offset": null, "md_ml": false, "md_mr": false, "lg_col": 7, "lg_order": null, "lg_offset": null, "lg_ml": false, "lg_mr": false, "xl_col": null, "xl_order": null, "xl_offset": null, "xl_ml": false, "xl_mr": false}}, {"model": "bootstrap4_grid.bootstrap4gridcolumn", "pk": 3571, "fields": {"column_type": "col", "column_alignment": "align-self-center", "tag_type": "div", "attributes": {"class": "col-12 col-md"}, "xs_col": null, "xs_order": null, "xs_offset": null, "xs_ml": false, "xs_mr": false, "sm_col": null, "sm_order": null, "sm_offset": null, "sm_ml": false, "sm_mr": false, "md_col": null, "md_order": null, "md_offset": null, "md_ml": false, "md_mr": false, "lg_col": null, "lg_order": null, "lg_offset": null, "lg_ml": false, "lg_mr": false, "xl_col": null, "xl_order": null, "xl_offset": null, "xl_ml": false, "xl_mr": false}}, {"model": "bootstrap4_grid.bootstrap4gridcolumn", "pk": 3573, "fields": {"column_type": "col", "column_alignment": "align-self-center", "tag_type": "div", "attributes": {"class": "col-12 col-md"}, "xs_col": null, "xs_order": null, "xs_offset": null, "xs_ml": false, "xs_mr": false, "sm_col": null, "sm_order": null, "sm_offset": null, "sm_ml": false, "sm_mr": false, "md_col": null, "md_order": null, "md_offset": null, "md_ml": false, "md_mr": false, "lg_col": null, "lg_order": null, "lg_offset": null, "lg_ml": false, "lg_mr": false, "xl_col": null, "xl_order": null, "xl_offset": null, "xl_ml": false, "xl_mr": false}}, {"model": "bootstrap4_grid.bootstrap4gridcolumn", "pk": 3575, "fields": {"column_type": "col", "column_alignment": "align-self-center", "tag_type": "div", "attributes": {"class": "col-12 col-md"}, "xs_col": null, "xs_order": null, "xs_offset": null, "xs_ml": false, "xs_mr": false, "sm_col": null, "sm_order": null, "sm_offset": null, "sm_ml": false, "sm_mr": false, "md_col": null, "md_order": null, "md_offset": null, "md_ml": false, "md_mr": false, "lg_col": null, "lg_order": null, "lg_offset": null, "lg_ml": false, "lg_mr": false, "xl_col": null, "xl_order": null, "xl_offset": null, "xl_ml": false, "xl_mr": false}}, {"model": "bootstrap4_grid.bootstrap4gridcolumn", "pk": 3577, "fields": {"column_type": "col", "column_alignment": "", "tag_type": "div", "attributes": {}, "xs_col": 12, "xs_order": null, "xs_offset": null, "xs_ml": false, "xs_mr": false, "sm_col": null, "sm_order": null, "sm_offset": null, "sm_ml": false, "sm_mr": false, "md_col": null, "md_order": null, "md_offset": null, "md_ml": false, "md_mr": false, "lg_col": null, "lg_order": null, "lg_offset": null, "lg_ml": false, "lg_mr": false, "xl_col": null, "xl_order": null, "xl_offset": null, "xl_ml": false, "xl_mr": false}}, {"model": "bootstrap4_grid.bootstrap4gridcolumn", "pk": 3580, "fields": {"column_type": "col", "column_alignment": "", "tag_type": "div", "attributes": {}, "xs_col": null, "xs_order": null, "xs_offset": null, "xs_ml": false, "xs_mr": false, "sm_col": null, "sm_order": null, "sm_offset": null, "sm_ml": false, "sm_mr": false, "md_col": null, "md_order": null, "md_offset": null, "md_ml": false, "md_mr": false, "lg_col": null, "lg_order": null, "lg_offset": null, "lg_ml": false, "lg_mr": false, "xl_col": null, "xl_order": null, "xl_offset": null, "xl_ml": false, "xl_mr": false}}, {"model": "bootstrap4_grid.bootstrap4gridcolumn", "pk": 3585, "fields": {"column_type": "col", "column_alignment": "align-self-center", "tag_type": "div", "attributes": {"class": "text-center"}, "xs_col": 8, "xs_order": null, "xs_offset": null, "xs_ml": false, "xs_mr": false, "sm_col": 7, "sm_order": null, "sm_offset": null, "sm_ml": false, "sm_mr": false, "md_col": 6, "md_order": null, "md_offset": null, "md_ml": false, "md_mr": false, "lg_col": 5, "lg_order": null, "lg_offset": null, "lg_ml": false, "lg_mr": false, "xl_col": null, "xl_order": null, "xl_offset": null, "xl_ml": false, "xl_mr": false}}, {"model": "bootstrap4_grid.bootstrap4gridcolumn", "pk": 3589, "fields": {"column_type": "col", "column_alignment": "", "tag_type": "div", "attributes": {"class": "text-right"}, "xs_col": 4, "xs_order": null, "xs_offset": null, "xs_ml": false, "xs_mr": false, "sm_col": null, "sm_order": null, "sm_offset": null, "sm_ml": false, "sm_mr": false, "md_col": null, "md_order": null, "md_offset": null, "md_ml": false, "md_mr": false, "lg_col": null, "lg_order": null, "lg_offset": null, "lg_ml": false, "lg_mr": false, "xl_col": null, "xl_order": null, "xl_offset": null, "xl_ml": false, "xl_mr": false}}, {"model": "bootstrap4_grid.bootstrap4gridcolumn", "pk": 3591, "fields": {"column_type": "col", "column_alignment": "align-self-center", "tag_type": "div", "attributes": {"class": "text-light text-center text-lg-left mx-auto ml-lg-0", "style": "line-height: 1.1;"}, "xs_col": 8, "xs_order": null, "xs_offset": null, "xs_ml": false, "xs_mr": false, "sm_col": null, "sm_order": null, "sm_offset": null, "sm_ml": false, "sm_mr": false, "md_col": null, "md_order": null, "md_offset": null, "md_ml": false, "md_mr": false, "lg_col": null, "lg_order": null, "lg_offset": null, "lg_ml": false, "lg_mr": false, "xl_col": null, "xl_order": null, "xl_offset": null, "xl_ml": false, "xl_mr": false}}, {"model": "bootstrap4_grid.bootstrap4gridcolumn", "pk": 3602, "fields": {"column_type": "col", "column_alignment": "", "tag_type": "div", "attributes": {}, "xs_col": null, "xs_order": null, "xs_offset": null, "xs_ml": false, "xs_mr": false, "sm_col": null, "sm_order": null, "sm_offset": null, "sm_ml": false, "sm_mr": false, "md_col": null, "md_order": null, "md_offset": null, "md_ml": false, "md_mr": false, "lg_col": null, "lg_order": null, "lg_offset": null, "lg_ml": false, "lg_mr": false, "xl_col": null, "xl_order": null, "xl_offset": null, "xl_ml": false, "xl_mr": false}}, {"model": "bootstrap4_grid.bootstrap4gridcolumn", "pk": 3606, "fields": {"column_type": "col", "column_alignment": "align-self-center", "tag_type": "div", "attributes": {}, "xs_col": 12, "xs_order": null, "xs_offset": null, "xs_ml": false, "xs_mr": false, "sm_col": null, "sm_order": null, "sm_offset": null, "sm_ml": false, "sm_mr": false, "md_col": null, "md_order": null, "md_offset": null, "md_ml": false, "md_mr": false, "lg_col": null, "lg_order": null, "lg_offset": null, "lg_ml": false, "lg_mr": false, "xl_col": null, "xl_order": null, "xl_offset": null, "xl_ml": false, "xl_mr": false}}, {"model": "bootstrap4_grid.bootstrap4gridcolumn", "pk": 3610, "fields": {"column_type": "col", "column_alignment": "", "tag_type": "div", "attributes": {}, "xs_col": null, "xs_order": null, "xs_offset": null, "xs_ml": false, "xs_mr": false, "sm_col": null, "sm_order": null, "sm_offset": null, "sm_ml": false, "sm_mr": false, "md_col": null, "md_order": null, "md_offset": null, "md_ml": false, "md_mr": false, "lg_col": null, "lg_order": null, "lg_offset": null, "lg_ml": false, "lg_mr": false, "xl_col": null, "xl_order": null, "xl_offset": null, "xl_ml": false, "xl_mr": false}}, {"model": "bootstrap4_grid.bootstrap4gridcolumn", "pk": 3641, "fields": {"column_type": "col", "column_alignment": "align-self-center", "tag_type": "div", "attributes": {}, "xs_col": null, "xs_order": null, "xs_offset": null, "xs_ml": false, "xs_mr": false, "sm_col": null, "sm_order": null, "sm_offset": null, "sm_ml": false, "sm_mr": false, "md_col": null, "md_order": null, "md_offset": null, "md_ml": false, "md_mr": false, "lg_col": null, "lg_order": null, "lg_offset": null, "lg_ml": false, "lg_mr": false, "xl_col": null, "xl_order": null, "xl_offset": null, "xl_ml": false, "xl_mr": false}}, {"model": "bootstrap4_jumbotron.bootstrap4jumbotron", "pk": 3415, "fields": {"fluid": true, "tag_type": "div", "attributes": {"class": "bg-secondary text-white mb-0 pt-0 pb-3", "id": "motd"}}}, {"model": "bootstrap4_jumbotron.bootstrap4jumbotron", "pk": 3607, "fields": {"fluid": true, "tag_type": "div", "attributes": {"class": "bg-secondary text-white mb-0 pt-0 pb-3", "id": "motd"}}}, {"model": "bootstrap4_link.bootstrap4link", "pk": 778, "fields": {"template": "default", "name": "", "external_link": "", "internal_link": 8, "file_link": null, "anchor": "", "mailto": "", "phone": "", "target": "", "attributes": {}, "link_type": "link", "link_context": "", "link_size": "", "link_outline": false, "link_block": false, "icon_left": "", "icon_right": ""}}, {"model": "bootstrap4_link.bootstrap4link", "pk": 789, "fields": {"template": "default", "name": "", "external_link": "", "internal_link": 7, "file_link": null, "anchor": "", "mailto": "", "phone": "", "target": "", "attributes": {}, "link_type": "link", "link_context": "", "link_size": "", "link_outline": false, "link_block": false, "icon_left": "", "icon_right": ""}}, {"model": "bootstrap4_link.bootstrap4link", "pk": 1346, "fields": {"template": "default", "name": "Click here to apply to be a Volunteer", "external_link": "", "internal_link": null, "file_link": null, "anchor": "", "mailto": "", "phone": "", "target": "", "attributes": {}, "link_type": "link", "link_context": "", "link_size": "", "link_outline": false, "link_block": false, "icon_left": "", "icon_right": ""}}, {"model": "bootstrap4_link.bootstrap4link", "pk": 1350, "fields": {"template": "default", "name": "Click here to apply", "external_link": "", "internal_link": 37, "file_link": null, "anchor": "", "mailto": "", "phone": "", "target": "", "attributes": {}, "link_type": "btn", "link_context": "primary", "link_size": "", "link_outline": false, "link_block": false, "icon_left": "", "icon_right": ""}}, {"model": "bootstrap4_link.bootstrap4link", "pk": 3482, "fields": {"template": "default", "name": "Privacy Policy", "external_link": "", "internal_link": 42, "file_link": null, "anchor": "", "mailto": "", "phone": "", "target": "", "attributes": {}, "link_type": "link", "link_context": "", "link_size": "", "link_outline": false, "link_block": false, "icon_left": "", "icon_right": ""}}, {"model": "bootstrap4_link.bootstrap4link", "pk": 3557, "fields": {"template": "default", "name": "Click here to apply", "external_link": "", "internal_link": 37, "file_link": null, "anchor": "", "mailto": "", "phone": "", "target": "", "attributes": {}, "link_type": "btn", "link_context": "primary", "link_size": "", "link_outline": false, "link_block": false, "icon_left": "", "icon_right": ""}}, {"model": "bootstrap4_link.bootstrap4link", "pk": 3562, "fields": {"template": "default", "name": "Terms of Service", "external_link": "", "internal_link": 44, "file_link": null, "anchor": "", "mailto": "", "phone": "", "target": "", "attributes": {}, "link_type": "link", "link_context": "", "link_size": "", "link_outline": false, "link_block": false, "icon_left": "", "icon_right": ""}}, {"model": "bootstrap4_link.bootstrap4link", "pk": 3583, "fields": {"template": "default", "name": "", "external_link": "", "internal_link": 8, "file_link": null, "anchor": "", "mailto": "", "phone": "", "target": "", "attributes": {}, "link_type": "link", "link_context": "", "link_size": "", "link_outline": false, "link_block": false, "icon_left": "", "icon_right": ""}}, {"model": "bootstrap4_link.bootstrap4link", "pk": 3587, "fields": {"template": "default", "name": "", "external_link": "", "internal_link": 7, "file_link": null, "anchor": "", "mailto": "", "phone": "", "target": "", "attributes": {}, "link_type": "link", "link_context": "", "link_size": "", "link_outline": false, "link_block": false, "icon_left": "", "icon_right": ""}}, {"model": "bootstrap4_link.bootstrap4link", "pk": 3643, "fields": {"template": "default", "name": "Privacy Policy", "external_link": "", "internal_link": 42, "file_link": null, "anchor": "", "mailto": "", "phone": "", "target": "", "attributes": {}, "link_type": "link", "link_context": "", "link_size": "", "link_outline": false, "link_block": false, "icon_left": "", "icon_right": ""}}, {"model": "bootstrap4_link.bootstrap4link", "pk": 3644, "fields": {"template": "default", "name": "Terms of Service", "external_link": "", "internal_link": 44, "file_link": null, "anchor": "", "mailto": "", "phone": "", "target": "", "attributes": {}, "link_type": "link", "link_context": "", "link_size": "", "link_outline": false, "link_block": false, "icon_left": "", "icon_right": ""}}, {"model": "bootstrap4_listgroup.bootstrap4listgroup", "pk": 56, "fields": {"list_group_flush": false, "tag_type": "div", "attributes": {}}}, {"model": "bootstrap4_listgroup.bootstrap4listgroup", "pk": 3394, "fields": {"list_group_flush": false, "tag_type": "div", "attributes": {}}}, {"model": "bootstrap4_listgroup.bootstrap4listgroupitem", "pk": 57, "fields": {"list_context": "", "list_state": "", "tag_type": "div", "attributes": {}}}, {"model": "bootstrap4_listgroup.bootstrap4listgroupitem", "pk": 59, "fields": {"list_context": "", "list_state": "", "tag_type": "div", "attributes": {}}}, {"model": "bootstrap4_listgroup.bootstrap4listgroupitem", "pk": 61, "fields": {"list_context": "", "list_state": "", "tag_type": "div", "attributes": {}}}, {"model": "bootstrap4_listgroup.bootstrap4listgroupitem", "pk": 63, "fields": {"list_context": "", "list_state": "", "tag_type": "div", "attributes": {}}}, {"model": "bootstrap4_listgroup.bootstrap4listgroupitem", "pk": 65, "fields": {"list_context": "", "list_state": "", "tag_type": "div", "attributes": {}}}, {"model": "bootstrap4_listgroup.bootstrap4listgroupitem", "pk": 3395, "fields": {"list_context": "", "list_state": "", "tag_type": "div", "attributes": {}}}, {"model": "bootstrap4_listgroup.bootstrap4listgroupitem", "pk": 3397, "fields": {"list_context": "", "list_state": "", "tag_type": "div", "attributes": {}}}, {"model": "bootstrap4_listgroup.bootstrap4listgroupitem", "pk": 3402, "fields": {"list_context": "", "list_state": "", "tag_type": "div", "attributes": {}}}, {"model": "bootstrap4_listgroup.bootstrap4listgroupitem", "pk": 3405, "fields": {"list_context": "", "list_state": "", "tag_type": "div", "attributes": {}}}, {"model": "bootstrap4_listgroup.bootstrap4listgroupitem", "pk": 3408, "fields": {"list_context": "", "list_state": "", "tag_type": "div", "attributes": {}}}, {"model": "bootstrap4_picture.bootstrap4picture", "pk": 771, "fields": {"template": "default", "picture": 6, "external_picture": null, "width": null, "height": null, "alignment": "", "caption_text": "", "attributes": {"alt": "Valor", "class": ""}, "link_url": null, "link_page": null, "link_target": "", "link_attributes": {}, "use_automatic_scaling": true, "use_no_cropping": false, "use_crop": false, "use_upscale": false, "use_responsive_image": "inherit", "thumbnail_options": null, "picture_fluid": true, "picture_rounded": false, "picture_thumbnail": false}}, {"model": "bootstrap4_picture.bootstrap4picture", "pk": 781, "fields": {"template": "default", "picture": 7, "external_picture": null, "width": null, "height": null, "alignment": "", "caption_text": "", "attributes": {}, "link_url": null, "link_page": null, "link_target": "", "link_attributes": {}, "use_automatic_scaling": true, "use_no_cropping": false, "use_crop": false, "use_upscale": false, "use_responsive_image": "inherit", "thumbnail_options": null, "picture_fluid": true, "picture_rounded": false, "picture_thumbnail": false}}, {"model": "bootstrap4_picture.bootstrap4picture", "pk": 1119, "fields": {"template": "default", "picture": 13, "external_picture": null, "width": null, "height": null, "alignment": "", "caption_text": "", "attributes": {"alt": "Bridge Hospice", "style": "width: 30%; max-width: 500px;"}, "link_url": null, "link_page": null, "link_target": "", "link_attributes": {}, "use_automatic_scaling": true, "use_no_cropping": false, "use_crop": false, "use_upscale": false, "use_responsive_image": "inherit", "thumbnail_options": null, "picture_fluid": true, "picture_rounded": false, "picture_thumbnail": false}}, {"model": "bootstrap4_picture.bootstrap4picture", "pk": 1131, "fields": {"template": "default", "picture": 10, "external_picture": null, "width": null, "height": null, "alignment": "center", "caption_text": "", "attributes": {"class": "text-center"}, "link_url": null, "link_page": null, "link_target": "", "link_attributes": {}, "use_automatic_scaling": true, "use_no_cropping": false, "use_crop": false, "use_upscale": false, "use_responsive_image": "inherit", "thumbnail_options": null, "picture_fluid": true, "picture_rounded": false, "picture_thumbnail": false}}, {"model": "bootstrap4_picture.bootstrap4picture", "pk": 1139, "fields": {"template": "default", "picture": 10, "external_picture": null, "width": null, "height": null, "alignment": "center", "caption_text": "", "attributes": {"class": "text-center"}, "link_url": null, "link_page": null, "link_target": "", "link_attributes": {}, "use_automatic_scaling": true, "use_no_cropping": false, "use_crop": false, "use_upscale": false, "use_responsive_image": "inherit", "thumbnail_options": null, "picture_fluid": true, "picture_rounded": false, "picture_thumbnail": false}}, {"model": "bootstrap4_picture.bootstrap4picture", "pk": 3336, "fields": {"template": "default", "picture": 10, "external_picture": null, "width": null, "height": null, "alignment": "center", "caption_text": "", "attributes": {"class": "text-center"}, "link_url": null, "link_page": null, "link_target": "", "link_attributes": {}, "use_automatic_scaling": true, "use_no_cropping": false, "use_crop": false, "use_upscale": false, "use_responsive_image": "inherit", "thumbnail_options": null, "picture_fluid": true, "picture_rounded": false, "picture_thumbnail": false}}, {"model": "bootstrap4_picture.bootstrap4picture", "pk": 3340, "fields": {"template": "default", "picture": 10, "external_picture": null, "width": null, "height": null, "alignment": "center", "caption_text": "", "attributes": {"class": "text-center"}, "link_url": null, "link_page": null, "link_target": "", "link_attributes": {}, "use_automatic_scaling": true, "use_no_cropping": false, "use_crop": false, "use_upscale": false, "use_responsive_image": "inherit", "thumbnail_options": null, "picture_fluid": true, "picture_rounded": false, "picture_thumbnail": false}}, {"model": "bootstrap4_picture.bootstrap4picture", "pk": 3586, "fields": {"template": "default", "picture": 7, "external_picture": null, "width": null, "height": null, "alignment": "", "caption_text": "", "attributes": {}, "link_url": null, "link_page": null, "link_target": "", "link_attributes": {}, "use_automatic_scaling": true, "use_no_cropping": false, "use_crop": false, "use_upscale": false, "use_responsive_image": "inherit", "thumbnail_options": null, "picture_fluid": true, "picture_rounded": false, "picture_thumbnail": false}}, {"model": "bootstrap4_picture.bootstrap4picture", "pk": 3590, "fields": {"template": "default", "picture": 6, "external_picture": null, "width": null, "height": null, "alignment": "", "caption_text": "", "attributes": {"alt": "Valor", "class": ""}, "link_url": null, "link_page": null, "link_target": "", "link_attributes": {}, "use_automatic_scaling": true, "use_no_cropping": false, "use_crop": false, "use_upscale": false, "use_responsive_image": "inherit", "thumbnail_options": null, "picture_fluid": true, "picture_rounded": false, "picture_thumbnail": false}}, {"model": "bootstrap4_picture.bootstrap4picture", "pk": 3604, "fields": {"template": "default", "picture": 13, "external_picture": null, "width": null, "height": null, "alignment": "", "caption_text": "", "attributes": {"alt": "Bridge Hospice", "style": "width: 30%; max-width: 500px;"}, "link_url": null, "link_page": null, "link_target": "", "link_attributes": {}, "use_automatic_scaling": true, "use_no_cropping": false, "use_crop": false, "use_upscale": false, "use_responsive_image": "inherit", "thumbnail_options": null, "picture_fluid": true, "picture_rounded": false, "picture_thumbnail": false}}, {"model": "djangocms_icon.icon", "pk": 1999, "fields": {"icon": "fas fa-phone", "template": "default", "label": "", "attributes": {}}}, {"model": "djangocms_icon.icon", "pk": 2000, "fields": {"icon": "fas fa-fax", "template": "default", "label": "", "attributes": {}}}, {"model": "djangocms_icon.icon", "pk": 2001, "fields": {"icon": "fas fa-envelope", "template": "default", "label": "", "attributes": {}}}, {"model": "djangocms_icon.icon", "pk": 2002, "fields": {"icon": "far fa-clock", "template": "default", "label": "", "attributes": {}}}, {"model": "djangocms_icon.icon", "pk": 2003, "fields": {"icon": "fas fa-building", "template": "default", "label": "", "attributes": {}}}, {"model": "djangocms_icon.icon", "pk": 2004, "fields": {"icon": "fas fa-laptop-code", "template": "default", "label": "", "attributes": {}}}, {"model": "djangocms_icon.icon", "pk": 2030, "fields": {"icon": "fas fa-hands-helping", "template": "default", "label": "", "attributes": {}}}, {"model": "djangocms_icon.icon", "pk": 3399, "fields": {"icon": "fas fa-phone", "template": "default", "label": "", "attributes": {}}}, {"model": "djangocms_icon.icon", "pk": 3400, "fields": {"icon": "fas fa-fax", "template": "default", "label": "", "attributes": {}}}, {"model": "djangocms_icon.icon", "pk": 3401, "fields": {"icon": "fas fa-envelope", "template": "default", "label": "", "attributes": {}}}, {"model": "djangocms_icon.icon", "pk": 3404, "fields": {"icon": "far fa-clock", "template": "default", "label": "", "attributes": {}}}, {"model": "djangocms_icon.icon", "pk": 3407, "fields": {"icon": "fas fa-building", "template": "default", "label": "", "attributes": {}}}, {"model": "djangocms_icon.icon", "pk": 3410, "fields": {"icon": "fas fa-laptop-code", "template": "default", "label": "", "attributes": {}}}, {"model": "djangocms_icon.icon", "pk": 3559, "fields": {"icon": "fas fa-hands-helping", "template": "default", "label": "", "attributes": {}}}, {"model": "djangocms_snippet.snippet", "pk": 1, "fields": {"name": "Home Page Banner", "html": "{% load static %}\r\n\r\n<div class=\"text-center hero-container\">\r\n        <a href=\"/\" class=\"hover-dim\" title=\"Click here for contact information.\">\r\n            <p class=\"hero-caption text-light mb-1\"><span class=\"bg bg-secondary-opaque rounded px-3 pb-1\">EXTENDING LOVE, COMFORT, AND CARE</span></p>\r\n            <img src=\"{% static 'images/BridgeHospiceLogo.png' %}\" class=\"img-fluid\" alt=\"Bridge Hospice\" style=\"width: 30%; max-width: 500px;\"/>\r\n        </a>\r\n    </div>", "template": "", "slug": "home-page-banner"}}, {"model": "djangocms_snippet.snippet", "pk": 2, "fields": {"name": "Home Page Styles", "html": "<style>\r\n\r\n\r\n    .nav-box {\r\n\tmin-height: 275px;\r\n\tborder:  2px solid var(--light);\r\n\tborder-top: 0;\r\n}\r\n\r\n\r\n        .hover-dim:hover {\r\n            opacity: 0.8;\r\n        }\r\n        .bg-secondary-opaque {\r\n            padding-top: 5px;\r\n            background-color: rgba(0, 40, 86, 0.8);\r\n        }\r\n        .hero-container {\r\n            position: relative;\r\n            width: 100%;\r\n            overflow: visible;\r\n            transform: translate(0, -43%);\r\n            margin-bottom: -12%;\r\n        }\r\n\r\n        .hero-caption {\r\n            font-size: 40px !important;\r\n        }\r\n        @media (max-width: 1200px) {\r\n            .hero-caption {\r\n                font-size: 35px !important;\r\n            }\r\n        }\r\n        @media (max-width: 1000px) {\r\n            .hero-caption {\r\n                font-size: 30px !important;\r\n            }\r\n        }\r\n        @media (max-width: 768px) {\r\n            .hero-caption {\r\n                font-size: 20px !important;\r\n            }\r\n        }\r\n        @media (max-width: 445px) {\r\n            .hero-caption {\r\n                font-size: 15px !important;\r\n            }\r\n        }\r\n        @media (max-width: 335px) {\r\n            .hero-caption {\r\n                font-size: 12px !important;\r\n            }\r\n        }\r\n        @media (max-width: 261px) {\r\n            .hero-caption {\r\n                font-size: 11px !important;\r\n            }\r\n        }\r\n        \r\n    .nav-box {\r\n\tmin-height: 275px;\r\n\tborder:  2px solid var(--light);\r\n\tborder-top: 0;\r\n}\r\n\r\n.text-black {\r\n\tcolor: black;\r\n}\r\n.bg-orange {\r\n\tbackground-color: rgba(230, 108, 23, 1.0);\r\n}\r\n.bg-purple {\r\n\tbackground-color: #a122f1;\r\n}\r\n.bg-cyan {\r\n\tbackground-color: #1a98c9; /* rgba(34, 115, 150, 1.0); */\r\n}\r\n.bg-valorblue {\r\n\tbackground-color: #002857;\r\n}\r\n.bg-yellow {\r\n\tbackground-color: #fefc01;\r\n}\r\n\r\n.valor-text > div:nth-child(1) {\r\n\tfont-size: 100px;\r\n\tfont-weight: 500;\r\n\tpadding-left: 10px;\r\n}\r\n.valor-text > div:nth-child(2) {\r\n\tfont-size: 25px;\r\n\tfont-weight: 300;\r\n\tpadding-left: 10px;\r\n}\r\n.valor-text > div:nth-child(3) {\r\n\tfont-size: 39px;\r\n\tfont-weight: 500;\r\n\tpadding-left: 10px;\r\n}\r\n\r\n@media(max-width: 520px) {\r\n\t.valor-text > div:nth-child(1) {\r\n\t\tfont-size: 70px;\r\n\t\tfont-weight: 500;\r\n\t\tpadding-left: 0;\r\n\t}\r\n\t.valor-text > div:nth-child(2) {\r\n\t\tfont-size: 20px;\r\n\t\tfont-weight: 300;\r\n\t\tpadding-left: 0;\r\n\t}\r\n\t.valor-text > div:nth-child(3) {\r\n\t\tfont-size: 30px;\r\n\t\tfont-weight: 500;\r\n\t\tpadding-left: 0;\r\n\t}\r\n\t#daves-wishes {\r\n\t\tmin-height: 460px;\r\n\t}\r\n}\r\n\r\n.text-shadow {\r\n\ttext-shadow: 1px 0 0 #000, 0 -1px 0 #000, 0 1px 0 #000, -1px 0 0 #000;\r\n}\r\n\r\n.hover-dim:hover {\r\n\topacity: 0.8;\r\n}\r\n\r\n.bg-secondary-opaque {\r\n\tbackground-color: rgba(0, 40, 86, 0.8);\r\n}\r\n</style>", "template": "", "slug": "home-page-styles"}}, {"model": "djangocms_snippet.snippet", "pk": 3, "fields": {"name": "Contact Form", "html": "<!-- Temporary Placeholder -->\r\n\r\n<h3 class=\"mt-3\">Send us a Message</h3>\r\n<form name=\"sentMessage\" id=\"contactForm\" novalidate=\"\">\r\n          <div class=\"control-group form-group\">\r\n            <div class=\"controls\">\r\n              <label>Full Name:</label>\r\n              <input type=\"text\" class=\"form-control\" id=\"name\" required=\"\" data-validation-required-message=\"Please enter your name.\">\r\n              <p class=\"help-block\"></p>\r\n            </div>\r\n          </div>\r\n          <div class=\"control-group form-group\">\r\n            <div class=\"controls\">\r\n              <label>Phone Number:</label>\r\n              <input type=\"tel\" class=\"form-control\" id=\"phone\" required=\"\" data-validation-required-message=\"Please enter your phone number.\">\r\n            <div class=\"help-block\"></div></div>\r\n          </div>\r\n          <div class=\"control-group form-group\">\r\n            <div class=\"controls\">\r\n              <label>Email Address:</label>\r\n              <input type=\"email\" class=\"form-control\" id=\"email\" required=\"\" data-validation-required-message=\"Please enter your email address.\">\r\n            <div class=\"help-block\"></div></div>\r\n          </div>\r\n          <div class=\"control-group form-group\">\r\n            <div class=\"controls\">\r\n              <label>Message:</label>\r\n              <textarea rows=\"10\" cols=\"100\" class=\"form-control\" id=\"message\" required=\"\" data-validation-required-message=\"Please enter your message\" maxlength=\"999\" style=\"resize:none\"></textarea>\r\n            <div class=\"help-block\"></div></div>\r\n          </div>\r\n          <div id=\"success\"></div>\r\n          <!-- For success/fail messages -->\r\n          <div class=\"text-center\">\r\n              <button type=\"submit\" class=\"btn btn-primary\" id=\"sendMessageButton\">Send Message</button>\r\n          </div>\r\n          \r\n        \r\n        </form>", "template": "", "slug": "contact-form"}}, {"model": "djangocms_snippet.snippet", "pk": 4, "fields": {"name": "TempFix", "html": "<style>\r\n    @media screen and (max-width: 430px)\r\n    {\r\n        .five-list {\r\n            list-style: none;\r\n        }\r\n    }\r\n</style>", "template": "", "slug": "tempfix"}}, {"model": "djangocms_snippet.snippet", "pk": 5, "fields": {"name": "TempFix1", "html": "<style>\r\n    @media screen and (max-width: 430px)\r\n    {\r\n        .five-list {\r\n            list-style: none;\r\n            padding-left: 0;\r\n            text-align: center;\r\n        }\r\n    }\r\n</style>", "template": "", "slug": "tempfix1"}}, {"model": "djangocms_snippet.snippet", "pk": 6, "fields": {"name": "Facebook Feed", "html": "<h3>Visit us on Facebook</h3>\r\n<div class=\"fb-page\" data-href=\"https://www.facebook.com/pages/category/Medical---Health/Bridge-Hospice-109396157226181/\" data-tabs=\"timeline, messages, events\" data-width=\"500\" data-height=\"960\" data-small-header=\"true\" data-adapt-container-width=\"true\" data-hide-cover=\"true\" data-show-facepile=\"true\"><blockquote cite=\"https://www.facebook.com/pages/category/Medical---Health/Bridge-Hospice-109396157226181/\" class=\"fb-xfbml-parse-ignore\"><a href=\"https://www.facebook.com/pages/category/Medical---Health/Bridge-Hospice-109396157226181/\">Bridge Hospice</a></blockquote></div>", "template": "", "slug": "facebook-feed"}}, {"model": "djangocms_snippet.snippet", "pk": 7, "fields": {"name": "Facebook GraphApi", "html": "<script>\r\n    FB.api(\r\n  '/me',\r\n  'GET',\r\n  {\"fields\":\"id,name\"},\r\n  function(response) {\r\n      console.log(reponse)\r\n  }\r\n);\r\n    \r\n</script>", "template": "", "slug": "facebook-graphapi"}}, {"model": "djangocms_snippet.snippet", "pk": 8, "fields": {"name": "twitter feed", "html": "<h3>Visit us on Twitter</h3>\r\n<a class=\"twitter-timeline\" href=\"https://twitter.com/BridgeHospice1?ref_src=twsrc%5Etfw\">Tweets by BridgeHospice1</a> <script async src=\"https://platform.twitter.com/widgets.js\" charset=\"utf-8\"></script>", "template": "", "slug": "twitter-feed"}}, {"model": "djangocms_snippet.snippet", "pk": 9, "fields": {"name": "instagram feed", "html": "<h3>Visit us on Instagram</h3>\r\n<blockquote class=\"instagram-media\" data-instgrm-captioned data-instgrm-permalink=\"https://www.instagram.com/p/B76erKPpEUt/?utm_source=ig_embed&amp;utm_campaign=loading\" data-instgrm-version=\"12\" style=\" background:#FFF; border:0; border-radius:3px; box-shadow:0 0 1px 0 rgba(0,0,0,0.5),0 1px 10px 0 rgba(0,0,0,0.15); margin: 1px; max-width:540px; min-width:326px; padding:0; width:99.375%; width:-webkit-calc(100% - 2px); width:calc(100% - 2px);\"><div style=\"padding:16px;\"> <a href=\"https://www.instagram.com/p/B76erKPpEUt/?utm_source=ig_embed&amp;utm_campaign=loading\" style=\" background:#FFFFFF; line-height:0; padding:0 0; text-align:center; text-decoration:none; width:100%;\" target=\"_blank\"> <div style=\" display: flex; flex-direction: row; align-items: center;\"> <div style=\"background-color: #F4F4F4; border-radius: 50%; flex-grow: 0; height: 40px; margin-right: 14px; width: 40px;\"></div> <div style=\"display: flex; flex-direction: column; flex-grow: 1; justify-content: center;\"> <div style=\" background-color: #F4F4F4; border-radius: 4px; flex-grow: 0; height: 14px; margin-bottom: 6px; width: 100px;\"></div> <div style=\" background-color: #F4F4F4; border-radius: 4px; flex-grow: 0; height: 14px; width: 60px;\"></div></div></div><div style=\"padding: 19% 0;\"></div> <div style=\"display:block; height:50px; margin:0 auto 12px; width:50px;\"><svg width=\"50px\" height=\"50px\" viewBox=\"0 0 60 60\" version=\"1.1\" xmlns=\"https://www.w3.org/2000/svg\" xmlns:xlink=\"https://www.w3.org/1999/xlink\"><g stroke=\"none\" stroke-width=\"1\" fill=\"none\" fill-rule=\"evenodd\"><g transform=\"translate(-511.000000, -20.000000)\" fill=\"#000000\"><g><path d=\"M556.869,30.41 C554.814,30.41 553.148,32.076 553.148,34.131 C553.148,36.186 554.814,37.852 556.869,37.852 C558.924,37.852 560.59,36.186 560.59,34.131 C560.59,32.076 558.924,30.41 556.869,30.41 M541,60.657 C535.114,60.657 530.342,55.887 530.342,50 C530.342,44.114 535.114,39.342 541,39.342 C546.887,39.342 551.658,44.114 551.658,50 C551.658,55.887 546.887,60.657 541,60.657 M541,33.886 C532.1,33.886 524.886,41.1 524.886,50 C524.886,58.899 532.1,66.113 541,66.113 C549.9,66.113 557.115,58.899 557.115,50 C557.115,41.1 549.9,33.886 541,33.886 M565.378,62.101 C565.244,65.022 564.756,66.606 564.346,67.663 C563.803,69.06 563.154,70.057 562.106,71.106 C561.058,72.155 560.06,72.803 558.662,73.347 C557.607,73.757 556.021,74.244 553.102,74.378 C549.944,74.521 548.997,74.552 541,74.552 C533.003,74.552 532.056,74.521 528.898,74.378 C525.979,74.244 524.393,73.757 523.338,73.347 C521.94,72.803 520.942,72.155 519.894,71.106 C518.846,70.057 518.197,69.06 517.654,67.663 C517.244,66.606 516.755,65.022 516.623,62.101 C516.479,58.943 516.448,57.996 516.448,50 C516.448,42.003 516.479,41.056 516.623,37.899 C516.755,34.978 517.244,33.391 517.654,32.338 C518.197,30.938 518.846,29.942 519.894,28.894 C520.942,27.846 521.94,27.196 523.338,26.654 C524.393,26.244 525.979,25.756 528.898,25.623 C532.057,25.479 533.004,25.448 541,25.448 C548.997,25.448 549.943,25.479 553.102,25.623 C556.021,25.756 557.607,26.244 558.662,26.654 C560.06,27.196 561.058,27.846 562.106,28.894 C563.154,29.942 563.803,30.938 564.346,32.338 C564.756,33.391 565.244,34.978 565.378,37.899 C565.522,41.056 565.552,42.003 565.552,50 C565.552,57.996 565.522,58.943 565.378,62.101 M570.82,37.631 C570.674,34.438 570.167,32.258 569.425,30.349 C568.659,28.377 567.633,26.702 565.965,25.035 C564.297,23.368 562.623,22.342 560.652,21.575 C558.743,20.834 556.562,20.326 553.369,20.18 C550.169,20.033 549.148,20 541,20 C532.853,20 531.831,20.033 528.631,20.18 C525.438,20.326 523.257,20.834 521.349,21.575 C519.376,22.342 517.703,23.368 516.035,25.035 C514.368,26.702 513.342,28.377 512.574,30.349 C511.834,32.258 511.326,34.438 511.181,37.631 C511.035,40.831 511,41.851 511,50 C511,58.147 511.035,59.17 511.181,62.369 C511.326,65.562 511.834,67.743 512.574,69.651 C513.342,71.625 514.368,73.296 516.035,74.965 C517.703,76.634 519.376,77.658 521.349,78.425 C523.257,79.167 525.438,79.673 528.631,79.82 C531.831,79.965 532.853,80.001 541,80.001 C549.148,80.001 550.169,79.965 553.369,79.82 C556.562,79.673 558.743,79.167 560.652,78.425 C562.623,77.658 564.297,76.634 565.965,74.965 C567.633,73.296 568.659,71.625 569.425,69.651 C570.167,67.743 570.674,65.562 570.82,62.369 C570.966,59.17 571,58.147 571,50 C571,41.851 570.966,40.831 570.82,37.631\"></path></g></g></g></svg></div><div style=\"padding-top: 8px;\"> <div style=\" color:#3897f0; font-family:Arial,sans-serif; font-size:14px; font-style:normal; font-weight:550; line-height:18px;\"> View this post on Instagram</div></div><div style=\"padding: 12.5% 0;\"></div> <div style=\"display: flex; flex-direction: row; margin-bottom: 14px; align-items: center;\"><div> <div style=\"background-color: #F4F4F4; border-radius: 50%; height: 12.5px; width: 12.5px; transform: translateX(0px) translateY(7px);\"></div> <div style=\"background-color: #F4F4F4; height: 12.5px; transform: rotate(-45deg) translateX(3px) translateY(1px); width: 12.5px; flex-grow: 0; margin-right: 14px; margin-left: 2px;\"></div> <div style=\"background-color: #F4F4F4; border-radius: 50%; height: 12.5px; width: 12.5px; transform: translateX(9px) translateY(-18px);\"></div></div><div style=\"margin-left: 8px;\"> <div style=\" background-color: #F4F4F4; border-radius: 50%; flex-grow: 0; height: 20px; width: 20px;\"></div> <div style=\" width: 0; height: 0; border-top: 2px solid transparent; border-left: 6px solid #f4f4f4; border-bottom: 2px solid transparent; transform: translateX(16px) translateY(-4px) rotate(30deg)\"></div></div><div style=\"margin-left: auto;\"> <div style=\" width: 0px; border-top: 8px solid #F4F4F4; border-right: 8px solid transparent; transform: translateY(16px);\"></div> <div style=\" background-color: #F4F4F4; flex-grow: 0; height: 12px; width: 16px; transform: translateY(-4px);\"></div> <div style=\" width: 0; height: 0; border-top: 8px solid #F4F4F4; border-left: 8px solid transparent; transform: translateY(-4px) translateX(8px);\"></div></div></div></a> <p style=\" margin:8px 0 0 0; padding:0 4px;\"> <a href=\"https://www.instagram.com/p/B76erKPpEUt/?utm_source=ig_embed&amp;utm_campaign=loading\" style=\" color:#000; font-family:Arial,sans-serif; font-size:14px; font-style:normal; font-weight:normal; line-height:17px; text-decoration:none; word-wrap:break-word;\" target=\"_blank\">In 2019 the Founder and Administrator of BRIDGE Hospice, Tammie Ware, discovered herself wanting more out of the hospice experience for the patient and family. She put together a team of individuals who specialized in different areas, but all carried the same desire to make the hospice experience about the patient and family. To BRIDGE Hospice, you are family. Swipe to meet our founder, Tammi Ware!</a></p> <p style=\" color:#c9c8cd; font-family:Arial,sans-serif; font-size:14px; line-height:17px; margin-bottom:0; margin-top:8px; overflow:hidden; padding:8px 0 7px; text-align:center; text-overflow:ellipsis; white-space:nowrap;\">A post shared by <a href=\"https://www.instagram.com/bridgehospice/?utm_source=ig_embed&amp;utm_campaign=loading\" style=\" color:#c9c8cd; font-family:Arial,sans-serif; font-size:14px; font-style:normal; font-weight:normal; line-height:17px;\" target=\"_blank\"> Bridge Hospice</a> (@bridgehospice) on <time style=\" font-family:Arial,sans-serif; font-size:14px; line-height:17px;\" datetime=\"2020-01-29T18:32:29+00:00\">Jan 29, 2020 at 10:32am PST</time></p></div></blockquote> <script async src=\"//www.instagram.com/embed.js\"></script>", "template": "", "slug": "instagram-feed"}}, {"model": "djangocms_snippet.snippet", "pk": 10, "fields": {"name": "Carousel Script", "html": "<script>\r\nvar items = document.getElementsByClassName('carousel-item');\r\nvar n = getRandomInt(0, items.length)\r\nitems[0].classList.remove('active');\r\nitems[n].classList.add('active');\r\nfunction getRandomInt(min, max) {\r\n  min = Math.ceil(min);\r\n  max = Math.floor(max);\r\n  return Math.floor(Math.random() * (max - min)) + min; //The maximum is exclusive and the minimum is inclusive\r\n}\r\n</script>", "template": "", "slug": "carousel-script"}}, {"model": "djangocms_snippet.snippet", "pk": 11, "fields": {"name": "Hand Medical Normal", "html": "<i class=\"fas hand-holding-medical\"></i>", "template": "", "slug": "hand-medical-normal"}}, {"model": "djangocms_snippet.snippet", "pk": 12, "fields": {"name": "JumboButton", "html": "<button \r\n    class=\"btn btn-secondary\"\r\n    onClick=\"jumboClick()\"\r\n>X\r\n</button>\r\n\r\n<script>\r\nfunction jumboClick() {\r\n    var jt = document.getElementById(\"motd\")\r\n    jt.style.display = \"none\";\r\n}\r\n</script>", "template": "", "slug": "jumbobutton"}}, {"model": "djangocms_snippet.snippet", "pk": 13, "fields": {"name": "FacebookSDK", "html": "<ul id=\"test1\"></ul>\r\n\r\n<script>\r\n\tvar token = 'EAAPGdzwKfKYBAKvGZBbV9Vmt08XdE6WC2OGadZBfOdC8oCVrCSX5cS1tIK5VSZA2WnuCPZBpMmdAJjk6rMlZC8yI8ybSS2tUEOt4hfaU768od0jUMT7LJmotc59tW96eWFuD0fC3iTBBFkYsZAcGuw7WKnl2WLW2z3LXvEwWakvwZDZD';\r\n\tFB.api(\r\n\t\t'https://graph.facebook.com/109396157226181/feed?fields=message,attachments&access_token=' + token,\r\n\t\t'GET',\r\n\t\t{},\r\n\t\tfunction(response) {\r\n\t\t    console.log(response);\r\n\t\t\tvar output = \"\";\r\n\t\t\t\r\n\t\t\tfor (let i = 0; i < response.data.length; i++) {\r\n\t\t\t\r\n\t\t\t\toutput += `<li>`;\r\n\t\t\t\t\r\n\t\t\t\tif (response.data[i].message) {\r\n\t\t\t\t\toutput += `<p>Message: ${response.data[i].message}</p>`;\r\n\t\t\t\t}\r\n\t\t\t\telse {\r\n\t\t\t\t\toutput += \"</br></br>\";\r\n\t\t\t\t}\r\n\t\t\t\r\n\t\t\t\tfor(let j=0; j < response.data[i].attachments.data.length; j++) {\r\n\t\t\t\t\r\n\t\t\t\t\tif(response.data[i].attachments.data[j].description) {\r\n\t\t\t\t\t\tif (response.data[i].message !== response.data[i].attachments.data[j].description) {\r\n\t\t\t\t\t\t\toutput += `<p>Description: ${response.data[i].attachments.data[j].description}</p>`;\r\n\t\t\t\t\t\t}\r\n\t\t\t\t\t}\r\n\t\t\t\t\t\r\n\t\t\t\t\tif(response.data[i].attachments.data[j].media.image) {\r\n\t\t\t\t\t\toutput += `<img src=\"${response.data[i].attachments.data[j].media.image.src}\" style=\"width: ${response.data[i].attachments.data[j].media.image.width};height: ${response.data[i].attachments.data[j].media.image.height}\" /></br></br>`;\r\n\t\t\t\t\t}\r\n\t\t\t\t\t\r\n\t\t\t\t}\r\n\t\t\t\t\r\n\t\t\t\toutput += `</li>`;\r\n\t\t\t}\r\n\t\t\tdocument.getElementById(\"test1\").innerHTML = output;\r\n\t\t}\r\n\t);\r\n</script>", "template": "", "slug": "facebooksdk"}}, {"model": "djangocms_snippet.snippet", "pk": 14, "fields": {"name": "FacebookTest", "html": "<div\r\n  class=\"fb-like\"\r\n  data-share=\"true\"\r\n  data-width=\"450\"\r\n  data-show-faces=\"true\">\r\n</div>", "template": "", "slug": "facebooktest"}}, {"model": "djangocms_snippet.snippetptr", "pk": 409, "fields": {"snippet": 3}}, {"model": "djangocms_snippet.snippetptr", "pk": 1037, "fields": {"snippet": 5}}, {"model": "djangocms_snippet.snippetptr", "pk": 1236, "fields": {"snippet": 6}}, {"model": "djangocms_snippet.snippetptr", "pk": 1245, "fields": {"snippet": 8}}, {"model": "djangocms_snippet.snippetptr", "pk": 1246, "fields": {"snippet": 9}}, {"model": "djangocms_snippet.snippetptr", "pk": 1851, "fields": {"snippet": 10}}, {"model": "djangocms_snippet.snippetptr", "pk": 3326, "fields": {"snippet": 6}}, {"model": "djangocms_snippet.snippetptr", "pk": 3328, "fields": {"snippet": 9}}, {"model": "djangocms_snippet.snippetptr", "pk": 3332, "fields": {"snippet": 8}}, {"model": "djangocms_snippet.snippetptr", "pk": 3412, "fields": {"snippet": 3}}, {"model": "djangocms_snippet.snippetptr", "pk": 3417, "fields": {"snippet": 12}}, {"model": "djangocms_snippet.snippetptr", "pk": 3567, "fields": {"snippet": 5}}, {"model": "djangocms_snippet.snippetptr", "pk": 3608, "fields": {"snippet": 12}}, {"model": "djangocms_snippet.snippetptr", "pk": 3612, "fields": {"snippet": 10}}, {"model": "djangocms_snippet.snippetptr", "pk": 3622, "fields": {"snippet": 13}}, {"model": "djangocms_snippet.snippetptr", "pk": 3630, "fields": {"snippet": 14}}, {"model": "djangocms_snippet.snippetptr", "pk": 3660, "fields": {"snippet": 13}}, {"model": "djangocms_snippet.snippetptr", "pk": 3661, "fields": {"snippet": 14}}, {"model": "djangocms_googlemap.googlemap", "pk": 244, "fields": {"template": "default", "title": "Location", "width": "100%", "height": "400px", "style": "", "lat": 33.5189, "lng": -101.889671, "zoom": 13, "map_type_control": "ROADMAP", "zoom_control": true, "street_view_control": true, "rotate_control": true, "scale_control": true, "fullscreen_control": true, "pan_control": true, "double_click_zoom": true, "draggable": true, "keyboard_shortcuts": true, "scrollwheel": true}}, {"model": "djangocms_googlemap.googlemap", "pk": 3390, "fields": {"template": "default", "title": "Location", "width": "100%", "height": "400px", "style": "", "lat": 33.5189, "lng": -101.889671, "zoom": 13, "map_type_control": "ROADMAP", "zoom_control": true, "street_view_control": true, "rotate_control": true, "scale_control": true, "fullscreen_control": true, "pan_control": true, "double_click_zoom": true, "draggable": true, "keyboard_shortcuts": true, "scrollwheel": true}}, {"model": "auth.permission", "pk": 1, "fields": {"name": "Can use Structure mode", "content_type": 1, "codename": "use_structure"}}, {"model": "auth.permission", "pk": 2, "fields": {"name": "Can change page", "content_type": 2, "codename": "change_page"}}, {"model": "auth.permission", "pk": 3, "fields": {"name": "Can add permission", "content_type": 3, "codename": "add_permission"}}, {"model": "auth.permission", "pk": 4, "fields": {"name": "Can change permission", "content_type": 3, "codename": "change_permission"}}, {"model": "auth.permission", "pk": 5, "fields": {"name": "Can delete permission", "content_type": 3, "codename": "delete_permission"}}, {"model": "auth.permission", "pk": 6, "fields": {"name": "Can view permission", "content_type": 3, "codename": "view_permission"}}, {"model": "auth.permission", "pk": 7, "fields": {"name": "Can add group", "content_type": 4, "codename": "add_group"}}, {"model": "auth.permission", "pk": 8, "fields": {"name": "Can change group", "content_type": 4, "codename": "change_group"}}, {"model": "auth.permission", "pk": 9, "fields": {"name": "Can delete group", "content_type": 4, "codename": "delete_group"}}, {"model": "auth.permission", "pk": 10, "fields": {"name": "Can view group", "content_type": 4, "codename": "view_group"}}, {"model": "auth.permission", "pk": 11, "fields": {"name": "Can add user", "content_type": 5, "codename": "add_user"}}, {"model": "auth.permission", "pk": 12, "fields": {"name": "Can change user", "content_type": 5, "codename": "change_user"}}, {"model": "auth.permission", "pk": 13, "fields": {"name": "Can delete user", "content_type": 5, "codename": "delete_user"}}, {"model": "auth.permission", "pk": 14, "fields": {"name": "Can view user", "content_type": 5, "codename": "view_user"}}, {"model": "auth.permission", "pk": 15, "fields": {"name": "Can add content type", "content_type": 6, "codename": "add_contenttype"}}, {"model": "auth.permission", "pk": 16, "fields": {"name": "Can change content type", "content_type": 6, "codename": "change_contenttype"}}, {"model": "auth.permission", "pk": 17, "fields": {"name": "Can delete content type", "content_type": 6, "codename": "delete_contenttype"}}, {"model": "auth.permission", "pk": 18, "fields": {"name": "Can view content type", "content_type": 6, "codename": "view_contenttype"}}, {"model": "auth.permission", "pk": 19, "fields": {"name": "Can add session", "content_type": 7, "codename": "add_session"}}, {"model": "auth.permission", "pk": 20, "fields": {"name": "Can change session", "content_type": 7, "codename": "change_session"}}, {"model": "auth.permission", "pk": 21, "fields": {"name": "Can delete session", "content_type": 7, "codename": "delete_session"}}, {"model": "auth.permission", "pk": 22, "fields": {"name": "Can view session", "content_type": 7, "codename": "view_session"}}, {"model": "auth.permission", "pk": 23, "fields": {"name": "Can add log entry", "content_type": 8, "codename": "add_logentry"}}, {"model": "auth.permission", "pk": 24, "fields": {"name": "Can change log entry", "content_type": 8, "codename": "change_logentry"}}, {"model": "auth.permission", "pk": 25, "fields": {"name": "Can delete log entry", "content_type": 8, "codename": "delete_logentry"}}, {"model": "auth.permission", "pk": 26, "fields": {"name": "Can view log entry", "content_type": 8, "codename": "view_logentry"}}, {"model": "auth.permission", "pk": 27, "fields": {"name": "Can add site", "content_type": 9, "codename": "add_site"}}, {"model": "auth.permission", "pk": 28, "fields": {"name": "Can change site", "content_type": 9, "codename": "change_site"}}, {"model": "auth.permission", "pk": 29, "fields": {"name": "Can delete site", "content_type": 9, "codename": "delete_site"}}, {"model": "auth.permission", "pk": 30, "fields": {"name": "Can view site", "content_type": 9, "codename": "view_site"}}, {"model": "auth.permission", "pk": 31, "fields": {"name": "Can add cms plugin", "content_type": 10, "codename": "add_cmsplugin"}}, {"model": "auth.permission", "pk": 32, "fields": {"name": "Can change cms plugin", "content_type": 10, "codename": "change_cmsplugin"}}, {"model": "auth.permission", "pk": 33, "fields": {"name": "Can delete cms plugin", "content_type": 10, "codename": "delete_cmsplugin"}}, {"model": "auth.permission", "pk": 34, "fields": {"name": "Can view cms plugin", "content_type": 10, "codename": "view_cmsplugin"}}, {"model": "auth.permission", "pk": 35, "fields": {"name": "Can add alias plugin model", "content_type": 11, "codename": "add_aliaspluginmodel"}}, {"model": "auth.permission", "pk": 36, "fields": {"name": "Can change alias plugin model", "content_type": 11, "codename": "change_aliaspluginmodel"}}, {"model": "auth.permission", "pk": 37, "fields": {"name": "Can delete alias plugin model", "content_type": 11, "codename": "delete_aliaspluginmodel"}}, {"model": "auth.permission", "pk": 38, "fields": {"name": "Can view alias plugin model", "content_type": 11, "codename": "view_aliaspluginmodel"}}, {"model": "auth.permission", "pk": 39, "fields": {"name": "Can add Page global permission", "content_type": 12, "codename": "add_globalpagepermission"}}, {"model": "auth.permission", "pk": 40, "fields": {"name": "Can change Page global permission", "content_type": 12, "codename": "change_globalpagepermission"}}, {"model": "auth.permission", "pk": 41, "fields": {"name": "Can delete Page global permission", "content_type": 12, "codename": "delete_globalpagepermission"}}, {"model": "auth.permission", "pk": 42, "fields": {"name": "Can view Page global permission", "content_type": 12, "codename": "view_globalpagepermission"}}, {"model": "auth.permission", "pk": 43, "fields": {"name": "Can add page", "content_type": 2, "codename": "add_page"}}, {"model": "auth.permission", "pk": 44, "fields": {"name": "Can delete page", "content_type": 2, "codename": "delete_page"}}, {"model": "auth.permission", "pk": 45, "fields": {"name": "Can view page", "content_type": 2, "codename": "view_page"}}, {"model": "auth.permission", "pk": 46, "fields": {"name": "Can publish page", "content_type": 2, "codename": "publish_page"}}, {"model": "auth.permission", "pk": 47, "fields": {"name": "Can edit static placeholders", "content_type": 2, "codename": "edit_static_placeholder"}}, {"model": "auth.permission", "pk": 48, "fields": {"name": "Can add Page permission", "content_type": 13, "codename": "add_pagepermission"}}, {"model": "auth.permission", "pk": 49, "fields": {"name": "Can change Page permission", "content_type": 13, "codename": "change_pagepermission"}}, {"model": "auth.permission", "pk": 50, "fields": {"name": "Can delete Page permission", "content_type": 13, "codename": "delete_pagepermission"}}, {"model": "auth.permission", "pk": 51, "fields": {"name": "Can view Page permission", "content_type": 13, "codename": "view_pagepermission"}}, {"model": "auth.permission", "pk": 52, "fields": {"name": "Can add User (page)", "content_type": 14, "codename": "add_pageuser"}}, {"model": "auth.permission", "pk": 53, "fields": {"name": "Can change User (page)", "content_type": 14, "codename": "change_pageuser"}}, {"model": "auth.permission", "pk": 54, "fields": {"name": "Can delete User (page)", "content_type": 14, "codename": "delete_pageuser"}}, {"model": "auth.permission", "pk": 55, "fields": {"name": "Can view User (page)", "content_type": 14, "codename": "view_pageuser"}}, {"model": "auth.permission", "pk": 56, "fields": {"name": "Can add User group (page)", "content_type": 15, "codename": "add_pageusergroup"}}, {"model": "auth.permission", "pk": 57, "fields": {"name": "Can change User group (page)", "content_type": 15, "codename": "change_pageusergroup"}}, {"model": "auth.permission", "pk": 58, "fields": {"name": "Can delete User group (page)", "content_type": 15, "codename": "delete_pageusergroup"}}, {"model": "auth.permission", "pk": 59, "fields": {"name": "Can view User group (page)", "content_type": 15, "codename": "view_pageusergroup"}}, {"model": "auth.permission", "pk": 60, "fields": {"name": "Can add placeholder", "content_type": 1, "codename": "add_placeholder"}}, {"model": "auth.permission", "pk": 61, "fields": {"name": "Can change placeholder", "content_type": 1, "codename": "change_placeholder"}}, {"model": "auth.permission", "pk": 62, "fields": {"name": "Can delete placeholder", "content_type": 1, "codename": "delete_placeholder"}}, {"model": "auth.permission", "pk": 63, "fields": {"name": "Can view placeholder", "content_type": 1, "codename": "view_placeholder"}}, {"model": "auth.permission", "pk": 64, "fields": {"name": "Can add placeholder reference", "content_type": 16, "codename": "add_placeholderreference"}}, {"model": "auth.permission", "pk": 65, "fields": {"name": "Can change placeholder reference", "content_type": 16, "codename": "change_placeholderreference"}}, {"model": "auth.permission", "pk": 66, "fields": {"name": "Can delete placeholder reference", "content_type": 16, "codename": "delete_placeholderreference"}}, {"model": "auth.permission", "pk": 67, "fields": {"name": "Can view placeholder reference", "content_type": 16, "codename": "view_placeholderreference"}}, {"model": "auth.permission", "pk": 68, "fields": {"name": "Can add static placeholder", "content_type": 17, "codename": "add_staticplaceholder"}}, {"model": "auth.permission", "pk": 69, "fields": {"name": "Can change static placeholder", "content_type": 17, "codename": "change_staticplaceholder"}}, {"model": "auth.permission", "pk": 70, "fields": {"name": "Can delete static placeholder", "content_type": 17, "codename": "delete_staticplaceholder"}}, {"model": "auth.permission", "pk": 71, "fields": {"name": "Can view static placeholder", "content_type": 17, "codename": "view_staticplaceholder"}}, {"model": "auth.permission", "pk": 72, "fields": {"name": "Can add title", "content_type": 18, "codename": "add_title"}}, {"model": "auth.permission", "pk": 73, "fields": {"name": "Can change title", "content_type": 18, "codename": "change_title"}}, {"model": "auth.permission", "pk": 74, "fields": {"name": "Can delete title", "content_type": 18, "codename": "delete_title"}}, {"model": "auth.permission", "pk": 75, "fields": {"name": "Can view title", "content_type": 18, "codename": "view_title"}}, {"model": "auth.permission", "pk": 76, "fields": {"name": "Can add user setting", "content_type": 19, "codename": "add_usersettings"}}, {"model": "auth.permission", "pk": 77, "fields": {"name": "Can change user setting", "content_type": 19, "codename": "change_usersettings"}}, {"model": "auth.permission", "pk": 78, "fields": {"name": "Can delete user setting", "content_type": 19, "codename": "delete_usersettings"}}, {"model": "auth.permission", "pk": 79, "fields": {"name": "Can view user setting", "content_type": 19, "codename": "view_usersettings"}}, {"model": "auth.permission", "pk": 80, "fields": {"name": "Can add urlconf revision", "content_type": 20, "codename": "add_urlconfrevision"}}, {"model": "auth.permission", "pk": 81, "fields": {"name": "Can change urlconf revision", "content_type": 20, "codename": "change_urlconfrevision"}}, {"model": "auth.permission", "pk": 82, "fields": {"name": "Can delete urlconf revision", "content_type": 20, "codename": "delete_urlconfrevision"}}, {"model": "auth.permission", "pk": 83, "fields": {"name": "Can view urlconf revision", "content_type": 20, "codename": "view_urlconfrevision"}}, {"model": "auth.permission", "pk": 84, "fields": {"name": "Can add cache key", "content_type": 23, "codename": "add_cachekey"}}, {"model": "auth.permission", "pk": 85, "fields": {"name": "Can change cache key", "content_type": 23, "codename": "change_cachekey"}}, {"model": "auth.permission", "pk": 86, "fields": {"name": "Can delete cache key", "content_type": 23, "codename": "delete_cachekey"}}, {"model": "auth.permission", "pk": 87, "fields": {"name": "Can view cache key", "content_type": 23, "codename": "view_cachekey"}}, {"model": "auth.permission", "pk": 88, "fields": {"name": "Can add text", "content_type": 24, "codename": "add_text"}}, {"model": "auth.permission", "pk": 89, "fields": {"name": "Can change text", "content_type": 24, "codename": "change_text"}}, {"model": "auth.permission", "pk": 90, "fields": {"name": "Can delete text", "content_type": 24, "codename": "delete_text"}}, {"model": "auth.permission", "pk": 91, "fields": {"name": "Can view text", "content_type": 24, "codename": "view_text"}}, {"model": "auth.permission", "pk": 92, "fields": {"name": "Can add clipboard", "content_type": 25, "codename": "add_clipboard"}}, {"model": "auth.permission", "pk": 93, "fields": {"name": "Can change clipboard", "content_type": 25, "codename": "change_clipboard"}}, {"model": "auth.permission", "pk": 94, "fields": {"name": "Can delete clipboard", "content_type": 25, "codename": "delete_clipboard"}}, {"model": "auth.permission", "pk": 95, "fields": {"name": "Can view clipboard", "content_type": 25, "codename": "view_clipboard"}}, {"model": "auth.permission", "pk": 96, "fields": {"name": "Can add clipboard item", "content_type": 26, "codename": "add_clipboarditem"}}, {"model": "auth.permission", "pk": 97, "fields": {"name": "Can change clipboard item", "content_type": 26, "codename": "change_clipboarditem"}}, {"model": "auth.permission", "pk": 98, "fields": {"name": "Can delete clipboard item", "content_type": 26, "codename": "delete_clipboarditem"}}, {"model": "auth.permission", "pk": 99, "fields": {"name": "Can view clipboard item", "content_type": 26, "codename": "view_clipboarditem"}}, {"model": "auth.permission", "pk": 100, "fields": {"name": "Can add file", "content_type": 27, "codename": "add_file"}}, {"model": "auth.permission", "pk": 101, "fields": {"name": "Can change file", "content_type": 27, "codename": "change_file"}}, {"model": "auth.permission", "pk": 102, "fields": {"name": "Can delete file", "content_type": 27, "codename": "delete_file"}}, {"model": "auth.permission", "pk": 103, "fields": {"name": "Can view file", "content_type": 27, "codename": "view_file"}}, {"model": "auth.permission", "pk": 104, "fields": {"name": "Can add Folder", "content_type": 28, "codename": "add_folder"}}, {"model": "auth.permission", "pk": 105, "fields": {"name": "Can change Folder", "content_type": 28, "codename": "change_folder"}}, {"model": "auth.permission", "pk": 106, "fields": {"name": "Can delete Folder", "content_type": 28, "codename": "delete_folder"}}, {"model": "auth.permission", "pk": 107, "fields": {"name": "Can view Folder", "content_type": 28, "codename": "view_folder"}}, {"model": "auth.permission", "pk": 108, "fields": {"name": "Can use directory listing", "content_type": 28, "codename": "can_use_directory_listing"}}, {"model": "auth.permission", "pk": 109, "fields": {"name": "Can add folder permission", "content_type": 29, "codename": "add_folderpermission"}}, {"model": "auth.permission", "pk": 110, "fields": {"name": "Can change folder permission", "content_type": 29, "codename": "change_folderpermission"}}, {"model": "auth.permission", "pk": 111, "fields": {"name": "Can delete folder permission", "content_type": 29, "codename": "delete_folderpermission"}}, {"model": "auth.permission", "pk": 112, "fields": {"name": "Can view folder permission", "content_type": 29, "codename": "view_folderpermission"}}, {"model": "auth.permission", "pk": 113, "fields": {"name": "Can add image", "content_type": 30, "codename": "add_image"}}, {"model": "auth.permission", "pk": 114, "fields": {"name": "Can change image", "content_type": 30, "codename": "change_image"}}, {"model": "auth.permission", "pk": 115, "fields": {"name": "Can delete image", "content_type": 30, "codename": "delete_image"}}, {"model": "auth.permission", "pk": 116, "fields": {"name": "Can view image", "content_type": 30, "codename": "view_image"}}, {"model": "auth.permission", "pk": 117, "fields": {"name": "Can add thumbnail option", "content_type": 31, "codename": "add_thumbnailoption"}}, {"model": "auth.permission", "pk": 118, "fields": {"name": "Can change thumbnail option", "content_type": 31, "codename": "change_thumbnailoption"}}, {"model": "auth.permission", "pk": 119, "fields": {"name": "Can delete thumbnail option", "content_type": 31, "codename": "delete_thumbnailoption"}}, {"model": "auth.permission", "pk": 120, "fields": {"name": "Can view thumbnail option", "content_type": 31, "codename": "view_thumbnailoption"}}, {"model": "auth.permission", "pk": 121, "fields": {"name": "Can add source", "content_type": 32, "codename": "add_source"}}, {"model": "auth.permission", "pk": 122, "fields": {"name": "Can change source", "content_type": 32, "codename": "change_source"}}, {"model": "auth.permission", "pk": 123, "fields": {"name": "Can delete source", "content_type": 32, "codename": "delete_source"}}, {"model": "auth.permission", "pk": 124, "fields": {"name": "Can view source", "content_type": 32, "codename": "view_source"}}, {"model": "auth.permission", "pk": 125, "fields": {"name": "Can add thumbnail", "content_type": 33, "codename": "add_thumbnail"}}, {"model": "auth.permission", "pk": 126, "fields": {"name": "Can change thumbnail", "content_type": 33, "codename": "change_thumbnail"}}, {"model": "auth.permission", "pk": 127, "fields": {"name": "Can delete thumbnail", "content_type": 33, "codename": "delete_thumbnail"}}, {"model": "auth.permission", "pk": 128, "fields": {"name": "Can view thumbnail", "content_type": 33, "codename": "view_thumbnail"}}, {"model": "auth.permission", "pk": 129, "fields": {"name": "Can add thumbnail dimensions", "content_type": 34, "codename": "add_thumbnaildimensions"}}, {"model": "auth.permission", "pk": 130, "fields": {"name": "Can change thumbnail dimensions", "content_type": 34, "codename": "change_thumbnaildimensions"}}, {"model": "auth.permission", "pk": 131, "fields": {"name": "Can delete thumbnail dimensions", "content_type": 34, "codename": "delete_thumbnaildimensions"}}, {"model": "auth.permission", "pk": 132, "fields": {"name": "Can view thumbnail dimensions", "content_type": 34, "codename": "view_thumbnaildimensions"}}, {"model": "auth.permission", "pk": 133, "fields": {"name": "Can add bootstrap4 alerts", "content_type": 35, "codename": "add_bootstrap4alerts"}}, {"model": "auth.permission", "pk": 134, "fields": {"name": "Can change bootstrap4 alerts", "content_type": 35, "codename": "change_bootstrap4alerts"}}, {"model": "auth.permission", "pk": 135, "fields": {"name": "Can delete bootstrap4 alerts", "content_type": 35, "codename": "delete_bootstrap4alerts"}}, {"model": "auth.permission", "pk": 136, "fields": {"name": "Can view bootstrap4 alerts", "content_type": 35, "codename": "view_bootstrap4alerts"}}, {"model": "auth.permission", "pk": 137, "fields": {"name": "Can add bootstrap4 badge", "content_type": 36, "codename": "add_bootstrap4badge"}}, {"model": "auth.permission", "pk": 138, "fields": {"name": "Can change bootstrap4 badge", "content_type": 36, "codename": "change_bootstrap4badge"}}, {"model": "auth.permission", "pk": 139, "fields": {"name": "Can delete bootstrap4 badge", "content_type": 36, "codename": "delete_bootstrap4badge"}}, {"model": "auth.permission", "pk": 140, "fields": {"name": "Can view bootstrap4 badge", "content_type": 36, "codename": "view_bootstrap4badge"}}, {"model": "auth.permission", "pk": 141, "fields": {"name": "Can add bootstrap4 card", "content_type": 37, "codename": "add_bootstrap4card"}}, {"model": "auth.permission", "pk": 142, "fields": {"name": "Can change bootstrap4 card", "content_type": 37, "codename": "change_bootstrap4card"}}, {"model": "auth.permission", "pk": 143, "fields": {"name": "Can delete bootstrap4 card", "content_type": 37, "codename": "delete_bootstrap4card"}}, {"model": "auth.permission", "pk": 144, "fields": {"name": "Can view bootstrap4 card", "content_type": 37, "codename": "view_bootstrap4card"}}, {"model": "auth.permission", "pk": 145, "fields": {"name": "Can add bootstrap4 card inner", "content_type": 38, "codename": "add_bootstrap4cardinner"}}, {"model": "auth.permission", "pk": 146, "fields": {"name": "Can change bootstrap4 card inner", "content_type": 38, "codename": "change_bootstrap4cardinner"}}, {"model": "auth.permission", "pk": 147, "fields": {"name": "Can delete bootstrap4 card inner", "content_type": 38, "codename": "delete_bootstrap4cardinner"}}, {"model": "auth.permission", "pk": 148, "fields": {"name": "Can view bootstrap4 card inner", "content_type": 38, "codename": "view_bootstrap4cardinner"}}, {"model": "auth.permission", "pk": 149, "fields": {"name": "Can add bootstrap4 carousel", "content_type": 39, "codename": "add_bootstrap4carousel"}}, {"model": "auth.permission", "pk": 150, "fields": {"name": "Can change bootstrap4 carousel", "content_type": 39, "codename": "change_bootstrap4carousel"}}, {"model": "auth.permission", "pk": 151, "fields": {"name": "Can delete bootstrap4 carousel", "content_type": 39, "codename": "delete_bootstrap4carousel"}}, {"model": "auth.permission", "pk": 152, "fields": {"name": "Can view bootstrap4 carousel", "content_type": 39, "codename": "view_bootstrap4carousel"}}, {"model": "auth.permission", "pk": 153, "fields": {"name": "Can add bootstrap4 carousel slide", "content_type": 40, "codename": "add_bootstrap4carouselslide"}}, {"model": "auth.permission", "pk": 154, "fields": {"name": "Can change bootstrap4 carousel slide", "content_type": 40, "codename": "change_bootstrap4carouselslide"}}, {"model": "auth.permission", "pk": 155, "fields": {"name": "Can delete bootstrap4 carousel slide", "content_type": 40, "codename": "delete_bootstrap4carouselslide"}}, {"model": "auth.permission", "pk": 156, "fields": {"name": "Can view bootstrap4 carousel slide", "content_type": 40, "codename": "view_bootstrap4carouselslide"}}, {"model": "auth.permission", "pk": 157, "fields": {"name": "Can add bootstrap4 collapse", "content_type": 41, "codename": "add_bootstrap4collapse"}}, {"model": "auth.permission", "pk": 158, "fields": {"name": "Can change bootstrap4 collapse", "content_type": 41, "codename": "change_bootstrap4collapse"}}, {"model": "auth.permission", "pk": 159, "fields": {"name": "Can delete bootstrap4 collapse", "content_type": 41, "codename": "delete_bootstrap4collapse"}}, {"model": "auth.permission", "pk": 160, "fields": {"name": "Can view bootstrap4 collapse", "content_type": 41, "codename": "view_bootstrap4collapse"}}, {"model": "auth.permission", "pk": 161, "fields": {"name": "Can add bootstrap4 collapse container", "content_type": 42, "codename": "add_bootstrap4collapsecontainer"}}, {"model": "auth.permission", "pk": 162, "fields": {"name": "Can change bootstrap4 collapse container", "content_type": 42, "codename": "change_bootstrap4collapsecontainer"}}, {"model": "auth.permission", "pk": 163, "fields": {"name": "Can delete bootstrap4 collapse container", "content_type": 42, "codename": "delete_bootstrap4collapsecontainer"}}, {"model": "auth.permission", "pk": 164, "fields": {"name": "Can view bootstrap4 collapse container", "content_type": 42, "codename": "view_bootstrap4collapsecontainer"}}, {"model": "auth.permission", "pk": 165, "fields": {"name": "Can add bootstrap4 collapse trigger", "content_type": 43, "codename": "add_bootstrap4collapsetrigger"}}, {"model": "auth.permission", "pk": 166, "fields": {"name": "Can change bootstrap4 collapse trigger", "content_type": 43, "codename": "change_bootstrap4collapsetrigger"}}, {"model": "auth.permission", "pk": 167, "fields": {"name": "Can delete bootstrap4 collapse trigger", "content_type": 43, "codename": "delete_bootstrap4collapsetrigger"}}, {"model": "auth.permission", "pk": 168, "fields": {"name": "Can view bootstrap4 collapse trigger", "content_type": 43, "codename": "view_bootstrap4collapsetrigger"}}, {"model": "auth.permission", "pk": 169, "fields": {"name": "Can add bootstrap4 blockquote", "content_type": 44, "codename": "add_bootstrap4blockquote"}}, {"model": "auth.permission", "pk": 170, "fields": {"name": "Can change bootstrap4 blockquote", "content_type": 44, "codename": "change_bootstrap4blockquote"}}, {"model": "auth.permission", "pk": 171, "fields": {"name": "Can delete bootstrap4 blockquote", "content_type": 44, "codename": "delete_bootstrap4blockquote"}}, {"model": "auth.permission", "pk": 172, "fields": {"name": "Can view bootstrap4 blockquote", "content_type": 44, "codename": "view_bootstrap4blockquote"}}, {"model": "auth.permission", "pk": 173, "fields": {"name": "Can add bootstrap4 code", "content_type": 45, "codename": "add_bootstrap4code"}}, {"model": "auth.permission", "pk": 174, "fields": {"name": "Can change bootstrap4 code", "content_type": 45, "codename": "change_bootstrap4code"}}, {"model": "auth.permission", "pk": 175, "fields": {"name": "Can delete bootstrap4 code", "content_type": 45, "codename": "delete_bootstrap4code"}}, {"model": "auth.permission", "pk": 176, "fields": {"name": "Can view bootstrap4 code", "content_type": 45, "codename": "view_bootstrap4code"}}, {"model": "auth.permission", "pk": 177, "fields": {"name": "Can add bootstrap4 figure", "content_type": 46, "codename": "add_bootstrap4figure"}}, {"model": "auth.permission", "pk": 178, "fields": {"name": "Can change bootstrap4 figure", "content_type": 46, "codename": "change_bootstrap4figure"}}, {"model": "auth.permission", "pk": 179, "fields": {"name": "Can delete bootstrap4 figure", "content_type": 46, "codename": "delete_bootstrap4figure"}}, {"model": "auth.permission", "pk": 180, "fields": {"name": "Can view bootstrap4 figure", "content_type": 46, "codename": "view_bootstrap4figure"}}, {"model": "auth.permission", "pk": 181, "fields": {"name": "Can add bootstrap4 grid column", "content_type": 47, "codename": "add_bootstrap4gridcolumn"}}, {"model": "auth.permission", "pk": 182, "fields": {"name": "Can change bootstrap4 grid column", "content_type": 47, "codename": "change_bootstrap4gridcolumn"}}, {"model": "auth.permission", "pk": 183, "fields": {"name": "Can delete bootstrap4 grid column", "content_type": 47, "codename": "delete_bootstrap4gridcolumn"}}, {"model": "auth.permission", "pk": 184, "fields": {"name": "Can view bootstrap4 grid column", "content_type": 47, "codename": "view_bootstrap4gridcolumn"}}, {"model": "auth.permission", "pk": 185, "fields": {"name": "Can add bootstrap4 grid container", "content_type": 48, "codename": "add_bootstrap4gridcontainer"}}, {"model": "auth.permission", "pk": 186, "fields": {"name": "Can change bootstrap4 grid container", "content_type": 48, "codename": "change_bootstrap4gridcontainer"}}, {"model": "auth.permission", "pk": 187, "fields": {"name": "Can delete bootstrap4 grid container", "content_type": 48, "codename": "delete_bootstrap4gridcontainer"}}, {"model": "auth.permission", "pk": 188, "fields": {"name": "Can view bootstrap4 grid container", "content_type": 48, "codename": "view_bootstrap4gridcontainer"}}, {"model": "auth.permission", "pk": 189, "fields": {"name": "Can add bootstrap4 grid row", "content_type": 49, "codename": "add_bootstrap4gridrow"}}, {"model": "auth.permission", "pk": 190, "fields": {"name": "Can change bootstrap4 grid row", "content_type": 49, "codename": "change_bootstrap4gridrow"}}, {"model": "auth.permission", "pk": 191, "fields": {"name": "Can delete bootstrap4 grid row", "content_type": 49, "codename": "delete_bootstrap4gridrow"}}, {"model": "auth.permission", "pk": 192, "fields": {"name": "Can view bootstrap4 grid row", "content_type": 49, "codename": "view_bootstrap4gridrow"}}, {"model": "auth.permission", "pk": 193, "fields": {"name": "Can add bootstrap4 jumbotron", "content_type": 50, "codename": "add_bootstrap4jumbotron"}}, {"model": "auth.permission", "pk": 194, "fields": {"name": "Can change bootstrap4 jumbotron", "content_type": 50, "codename": "change_bootstrap4jumbotron"}}, {"model": "auth.permission", "pk": 195, "fields": {"name": "Can delete bootstrap4 jumbotron", "content_type": 50, "codename": "delete_bootstrap4jumbotron"}}, {"model": "auth.permission", "pk": 196, "fields": {"name": "Can view bootstrap4 jumbotron", "content_type": 50, "codename": "view_bootstrap4jumbotron"}}, {"model": "auth.permission", "pk": 197, "fields": {"name": "Can add bootstrap4 link", "content_type": 51, "codename": "add_bootstrap4link"}}, {"model": "auth.permission", "pk": 198, "fields": {"name": "Can change bootstrap4 link", "content_type": 51, "codename": "change_bootstrap4link"}}, {"model": "auth.permission", "pk": 199, "fields": {"name": "Can delete bootstrap4 link", "content_type": 51, "codename": "delete_bootstrap4link"}}, {"model": "auth.permission", "pk": 200, "fields": {"name": "Can view bootstrap4 link", "content_type": 51, "codename": "view_bootstrap4link"}}, {"model": "auth.permission", "pk": 201, "fields": {"name": "Can add bootstrap4 list group", "content_type": 52, "codename": "add_bootstrap4listgroup"}}, {"model": "auth.permission", "pk": 202, "fields": {"name": "Can change bootstrap4 list group", "content_type": 52, "codename": "change_bootstrap4listgroup"}}, {"model": "auth.permission", "pk": 203, "fields": {"name": "Can delete bootstrap4 list group", "content_type": 52, "codename": "delete_bootstrap4listgroup"}}, {"model": "auth.permission", "pk": 204, "fields": {"name": "Can view bootstrap4 list group", "content_type": 52, "codename": "view_bootstrap4listgroup"}}, {"model": "auth.permission", "pk": 205, "fields": {"name": "Can add bootstrap4 list group item", "content_type": 53, "codename": "add_bootstrap4listgroupitem"}}, {"model": "auth.permission", "pk": 206, "fields": {"name": "Can change bootstrap4 list group item", "content_type": 53, "codename": "change_bootstrap4listgroupitem"}}, {"model": "auth.permission", "pk": 207, "fields": {"name": "Can delete bootstrap4 list group item", "content_type": 53, "codename": "delete_bootstrap4listgroupitem"}}, {"model": "auth.permission", "pk": 208, "fields": {"name": "Can view bootstrap4 list group item", "content_type": 53, "codename": "view_bootstrap4listgroupitem"}}, {"model": "auth.permission", "pk": 209, "fields": {"name": "Can add bootstrap4 media", "content_type": 54, "codename": "add_bootstrap4media"}}, {"model": "auth.permission", "pk": 210, "fields": {"name": "Can change bootstrap4 media", "content_type": 54, "codename": "change_bootstrap4media"}}, {"model": "auth.permission", "pk": 211, "fields": {"name": "Can delete bootstrap4 media", "content_type": 54, "codename": "delete_bootstrap4media"}}, {"model": "auth.permission", "pk": 212, "fields": {"name": "Can view bootstrap4 media", "content_type": 54, "codename": "view_bootstrap4media"}}, {"model": "auth.permission", "pk": 213, "fields": {"name": "Can add bootstrap4 media body", "content_type": 55, "codename": "add_bootstrap4mediabody"}}, {"model": "auth.permission", "pk": 214, "fields": {"name": "Can change bootstrap4 media body", "content_type": 55, "codename": "change_bootstrap4mediabody"}}, {"model": "auth.permission", "pk": 215, "fields": {"name": "Can delete bootstrap4 media body", "content_type": 55, "codename": "delete_bootstrap4mediabody"}}, {"model": "auth.permission", "pk": 216, "fields": {"name": "Can view bootstrap4 media body", "content_type": 55, "codename": "view_bootstrap4mediabody"}}, {"model": "auth.permission", "pk": 217, "fields": {"name": "Can add bootstrap4 picture", "content_type": 56, "codename": "add_bootstrap4picture"}}, {"model": "auth.permission", "pk": 218, "fields": {"name": "Can change bootstrap4 picture", "content_type": 56, "codename": "change_bootstrap4picture"}}, {"model": "auth.permission", "pk": 219, "fields": {"name": "Can delete bootstrap4 picture", "content_type": 56, "codename": "delete_bootstrap4picture"}}, {"model": "auth.permission", "pk": 220, "fields": {"name": "Can view bootstrap4 picture", "content_type": 56, "codename": "view_bootstrap4picture"}}, {"model": "auth.permission", "pk": 221, "fields": {"name": "Can add bootstrap4 tab", "content_type": 57, "codename": "add_bootstrap4tab"}}, {"model": "auth.permission", "pk": 222, "fields": {"name": "Can change bootstrap4 tab", "content_type": 57, "codename": "change_bootstrap4tab"}}, {"model": "auth.permission", "pk": 223, "fields": {"name": "Can delete bootstrap4 tab", "content_type": 57, "codename": "delete_bootstrap4tab"}}, {"model": "auth.permission", "pk": 224, "fields": {"name": "Can view bootstrap4 tab", "content_type": 57, "codename": "view_bootstrap4tab"}}, {"model": "auth.permission", "pk": 225, "fields": {"name": "Can add bootstrap4 tab item", "content_type": 58, "codename": "add_bootstrap4tabitem"}}, {"model": "auth.permission", "pk": 226, "fields": {"name": "Can change bootstrap4 tab item", "content_type": 58, "codename": "change_bootstrap4tabitem"}}, {"model": "auth.permission", "pk": 227, "fields": {"name": "Can delete bootstrap4 tab item", "content_type": 58, "codename": "delete_bootstrap4tabitem"}}, {"model": "auth.permission", "pk": 228, "fields": {"name": "Can view bootstrap4 tab item", "content_type": 58, "codename": "view_bootstrap4tabitem"}}, {"model": "auth.permission", "pk": 229, "fields": {"name": "Can add bootstrap4 spacing", "content_type": 59, "codename": "add_bootstrap4spacing"}}, {"model": "auth.permission", "pk": 230, "fields": {"name": "Can change bootstrap4 spacing", "content_type": 59, "codename": "change_bootstrap4spacing"}}, {"model": "auth.permission", "pk": 231, "fields": {"name": "Can delete bootstrap4 spacing", "content_type": 59, "codename": "delete_bootstrap4spacing"}}, {"model": "auth.permission", "pk": 232, "fields": {"name": "Can view bootstrap4 spacing", "content_type": 59, "codename": "view_bootstrap4spacing"}}, {"model": "auth.permission", "pk": 233, "fields": {"name": "Can add file", "content_type": 60, "codename": "add_file"}}, {"model": "auth.permission", "pk": 234, "fields": {"name": "Can change file", "content_type": 60, "codename": "change_file"}}, {"model": "auth.permission", "pk": 235, "fields": {"name": "Can delete file", "content_type": 60, "codename": "delete_file"}}, {"model": "auth.permission", "pk": 236, "fields": {"name": "Can view file", "content_type": 60, "codename": "view_file"}}, {"model": "auth.permission", "pk": 237, "fields": {"name": "Can add folder", "content_type": 61, "codename": "add_folder"}}, {"model": "auth.permission", "pk": 238, "fields": {"name": "Can change folder", "content_type": 61, "codename": "change_folder"}}, {"model": "auth.permission", "pk": 239, "fields": {"name": "Can delete folder", "content_type": 61, "codename": "delete_folder"}}, {"model": "auth.permission", "pk": 240, "fields": {"name": "Can view folder", "content_type": 61, "codename": "view_folder"}}, {"model": "auth.permission", "pk": 241, "fields": {"name": "Can add icon", "content_type": 62, "codename": "add_icon"}}, {"model": "auth.permission", "pk": 242, "fields": {"name": "Can change icon", "content_type": 62, "codename": "change_icon"}}, {"model": "auth.permission", "pk": 243, "fields": {"name": "Can delete icon", "content_type": 62, "codename": "delete_icon"}}, {"model": "auth.permission", "pk": 244, "fields": {"name": "Can view icon", "content_type": 62, "codename": "view_icon"}}, {"model": "auth.permission", "pk": 245, "fields": {"name": "Can add link", "content_type": 63, "codename": "add_link"}}, {"model": "auth.permission", "pk": 246, "fields": {"name": "Can change link", "content_type": 63, "codename": "change_link"}}, {"model": "auth.permission", "pk": 247, "fields": {"name": "Can delete link", "content_type": 63, "codename": "delete_link"}}, {"model": "auth.permission", "pk": 248, "fields": {"name": "Can view link", "content_type": 63, "codename": "view_link"}}, {"model": "auth.permission", "pk": 249, "fields": {"name": "Can add picture", "content_type": 64, "codename": "add_picture"}}, {"model": "auth.permission", "pk": 250, "fields": {"name": "Can change picture", "content_type": 64, "codename": "change_picture"}}, {"model": "auth.permission", "pk": 251, "fields": {"name": "Can delete picture", "content_type": 64, "codename": "delete_picture"}}, {"model": "auth.permission", "pk": 252, "fields": {"name": "Can view picture", "content_type": 64, "codename": "view_picture"}}, {"model": "auth.permission", "pk": 253, "fields": {"name": "Can add style", "content_type": 65, "codename": "add_style"}}, {"model": "auth.permission", "pk": 254, "fields": {"name": "Can change style", "content_type": 65, "codename": "change_style"}}, {"model": "auth.permission", "pk": 255, "fields": {"name": "Can delete style", "content_type": 65, "codename": "delete_style"}}, {"model": "auth.permission", "pk": 256, "fields": {"name": "Can view style", "content_type": 65, "codename": "view_style"}}, {"model": "auth.permission", "pk": 257, "fields": {"name": "Can add Snippet", "content_type": 66, "codename": "add_snippet"}}, {"model": "auth.permission", "pk": 258, "fields": {"name": "Can change Snippet", "content_type": 66, "codename": "change_snippet"}}, {"model": "auth.permission", "pk": 259, "fields": {"name": "Can delete Snippet", "content_type": 66, "codename": "delete_snippet"}}, {"model": "auth.permission", "pk": 260, "fields": {"name": "Can view Snippet", "content_type": 66, "codename": "view_snippet"}}, {"model": "auth.permission", "pk": 261, "fields": {"name": "Can add Snippet Ptr", "content_type": 67, "codename": "add_snippetptr"}}, {"model": "auth.permission", "pk": 262, "fields": {"name": "Can change Snippet Ptr", "content_type": 67, "codename": "change_snippetptr"}}, {"model": "auth.permission", "pk": 263, "fields": {"name": "Can delete Snippet Ptr", "content_type": 67, "codename": "delete_snippetptr"}}, {"model": "auth.permission", "pk": 264, "fields": {"name": "Can view Snippet Ptr", "content_type": 67, "codename": "view_snippetptr"}}, {"model": "auth.permission", "pk": 265, "fields": {"name": "Can add google map", "content_type": 68, "codename": "add_googlemap"}}, {"model": "auth.permission", "pk": 266, "fields": {"name": "Can change google map", "content_type": 68, "codename": "change_googlemap"}}, {"model": "auth.permission", "pk": 267, "fields": {"name": "Can delete google map", "content_type": 68, "codename": "delete_googlemap"}}, {"model": "auth.permission", "pk": 268, "fields": {"name": "Can view google map", "content_type": 68, "codename": "view_googlemap"}}, {"model": "auth.permission", "pk": 269, "fields": {"name": "Can add google map marker", "content_type": 69, "codename": "add_googlemapmarker"}}, {"model": "auth.permission", "pk": 270, "fields": {"name": "Can change google map marker", "content_type": 69, "codename": "change_googlemapmarker"}}, {"model": "auth.permission", "pk": 271, "fields": {"name": "Can delete google map marker", "content_type": 69, "codename": "delete_googlemapmarker"}}, {"model": "auth.permission", "pk": 272, "fields": {"name": "Can view google map marker", "content_type": 69, "codename": "view_googlemapmarker"}}, {"model": "auth.permission", "pk": 273, "fields": {"name": "Can add google map route", "content_type": 70, "codename": "add_googlemaproute"}}, {"model": "auth.permission", "pk": 274, "fields": {"name": "Can change google map route", "content_type": 70, "codename": "change_googlemaproute"}}, {"model": "auth.permission", "pk": 275, "fields": {"name": "Can delete google map route", "content_type": 70, "codename": "delete_googlemaproute"}}, {"model": "auth.permission", "pk": 276, "fields": {"name": "Can view google map route", "content_type": 70, "codename": "view_googlemaproute"}}, {"model": "auth.permission", "pk": 277, "fields": {"name": "Can add video player", "content_type": 71, "codename": "add_videoplayer"}}, {"model": "auth.permission", "pk": 278, "fields": {"name": "Can change video player", "content_type": 71, "codename": "change_videoplayer"}}, {"model": "auth.permission", "pk": 279, "fields": {"name": "Can delete video player", "content_type": 71, "codename": "delete_videoplayer"}}, {"model": "auth.permission", "pk": 280, "fields": {"name": "Can view video player", "content_type": 71, "codename": "view_videoplayer"}}, {"model": "auth.permission", "pk": 281, "fields": {"name": "Can add video source", "content_type": 72, "codename": "add_videosource"}}, {"model": "auth.permission", "pk": 282, "fields": {"name": "Can change video source", "content_type": 72, "codename": "change_videosource"}}, {"model": "auth.permission", "pk": 283, "fields": {"name": "Can delete video source", "content_type": 72, "codename": "delete_videosource"}}, {"model": "auth.permission", "pk": 284, "fields": {"name": "Can view video source", "content_type": 72, "codename": "view_videosource"}}, {"model": "auth.permission", "pk": 285, "fields": {"name": "Can add video track", "content_type": 73, "codename": "add_videotrack"}}, {"model": "auth.permission", "pk": 286, "fields": {"name": "Can change video track", "content_type": 73, "codename": "change_videotrack"}}, {"model": "auth.permission", "pk": 287, "fields": {"name": "Can delete video track", "content_type": 73, "codename": "delete_videotrack"}}, {"model": "auth.permission", "pk": 288, "fields": {"name": "Can view video track", "content_type": 73, "codename": "view_videotrack"}}, {"model": "auth.permission", "pk": 289, "fields": {"name": "Can add test1", "content_type": 74, "codename": "add_test1"}}, {"model": "auth.permission", "pk": 290, "fields": {"name": "Can change test1", "content_type": 74, "codename": "change_test1"}}, {"model": "auth.permission", "pk": 291, "fields": {"name": "Can delete test1", "content_type": 74, "codename": "delete_test1"}}, {"model": "auth.permission", "pk": 292, "fields": {"name": "Can view test1", "content_type": 74, "codename": "view_test1"}}, {"model": "auth.permission", "pk": 293, "fields": {"name": "Can add volunteer application", "content_type": 75, "codename": "add_volunteerapplication"}}, {"model": "auth.permission", "pk": 294, "fields": {"name": "Can change volunteer application", "content_type": 75, "codename": "change_volunteerapplication"}}, {"model": "auth.permission", "pk": 295, "fields": {"name": "Can delete volunteer application", "content_type": 75, "codename": "delete_volunteerapplication"}}, {"model": "auth.permission", "pk": 296, "fields": {"name": "Can view volunteer application", "content_type": 75, "codename": "view_volunteerapplication"}}, {"model": "auth.permission", "pk": 297, "fields": {"name": "Can add profile", "content_type": 76, "codename": "add_profile"}}, {"model": "auth.permission", "pk": 298, "fields": {"name": "Can change profile", "content_type": 76, "codename": "change_profile"}}, {"model": "auth.permission", "pk": 299, "fields": {"name": "Can delete profile", "content_type": 76, "codename": "delete_profile"}}, {"model": "auth.permission", "pk": 300, "fields": {"name": "Can view profile", "content_type": 76, "codename": "view_profile"}}, {"model": "auth.permission", "pk": 301, "fields": {"name": "Can add test1", "content_type": 77, "codename": "add_test1"}}, {"model": "auth.permission", "pk": 302, "fields": {"name": "Can change test1", "content_type": 77, "codename": "change_test1"}}, {"model": "auth.permission", "pk": 303, "fields": {"name": "Can delete test1", "content_type": 77, "codename": "delete_test1"}}, {"model": "auth.permission", "pk": 304, "fields": {"name": "Can view test1", "content_type": 77, "codename": "view_test1"}}, {"model": "auth.permission", "pk": 305, "fields": {"name": "Can add volunteer application", "content_type": 78, "codename": "add_volunteerapplication"}}, {"model": "auth.permission", "pk": 306, "fields": {"name": "Can change volunteer application", "content_type": 78, "codename": "change_volunteerapplication"}}, {"model": "auth.permission", "pk": 307, "fields": {"name": "Can delete volunteer application", "content_type": 78, "codename": "delete_volunteerapplication"}}, {"model": "auth.permission", "pk": 308, "fields": {"name": "Can view volunteer application", "content_type": 78, "codename": "view_volunteerapplication"}}, {"model": "auth.user", "pk": 2, "fields": {"password": "pbkdf2_sha256$150000$uV6qVsE6GJ06$aGgq/2kwDaP84H6gOJlEEyAFpbslJn1XJfp05i3zvj4=", "last_login": "2020-10-11T18:34:46.566Z", "is_superuser": true, "username": "webmaster", "first_name": "Nicholas", "last_name": "Jones", "email": "webmaster@bridge-hospice.com", "is_staff": true, "is_active": true, "date_joined": "2020-05-18T07:10:42Z", "groups": [], "user_permissions": []}}, {"model": "admin.logentry", "pk": 47, "fields": {"action_time": "2020-05-18T07:11:13.924Z", "user": 2, "content_type": 5, "object_id": "1", "object_repr": "admin", "action_flag": 3, "change_message": ""}}, {"model": "admin.logentry", "pk": 48, "fields": {"action_time": "2020-05-18T07:11:42.575Z", "user": 2, "content_type": 5, "object_id": "3", "object_repr": "kasey_cox", "action_flag": 1, "change_message": "[{\"added\": {}}]"}}, {"model": "admin.logentry", "pk": 49, "fields": {"action_time": "2020-05-18T07:11:49.351Z", "user": 2, "content_type": 5, "object_id": "3", "object_repr": "kasey_cox", "action_flag": 2, "change_message": "[{\"changed\": {\"fields\": [\"is_staff\", \"is_superuser\"]}}]"}}, {"model": "admin.logentry", "pk": 50, "fields": {"action_time": "2020-05-19T02:46:41.028Z", "user": 2, "content_type": 48, "object_id": "427", "object_repr": "427", "action_flag": 3, "change_message": ""}}, {"model": "admin.logentry", "pk": 51, "fields": {"action_time": "2020-05-19T02:48:48.934Z", "user": 2, "content_type": 2, "object_id": "1", "object_repr": "Home", "action_flag": 2, "change_message": ""}}, {"model": "admin.logentry", "pk": 52, "fields": {"action_time": "2020-05-19T02:51:46.181Z", "user": 2, "content_type": 2, "object_id": "3", "object_repr": "Contact Us", "action_flag": 2, "change_message": ""}}, {"model": "admin.logentry", "pk": 53, "fields": {"action_time": "2020-05-19T02:54:18.501Z", "user": 2, "content_type": 2, "object_id": "3", "object_repr": "Contact Us", "action_flag": 2, "change_message": ""}}, {"model": "admin.logentry", "pk": 54, "fields": {"action_time": "2020-05-19T02:56:06.100Z", "user": 2, "content_type": 2, "object_id": "3", "object_repr": "Contact Us", "action_flag": 2, "change_message": ""}}, {"model": "admin.logentry", "pk": 55, "fields": {"action_time": "2020-05-19T21:20:57.722Z", "user": 2, "content_type": 67, "object_id": "12", "object_repr": "Home Page Banner", "action_flag": 3, "change_message": ""}}, {"model": "admin.logentry", "pk": 56, "fields": {"action_time": "2020-05-19T21:22:19.181Z", "user": 2, "content_type": 2, "object_id": "1", "object_repr": "Home", "action_flag": 2, "change_message": ""}}, {"model": "admin.logentry", "pk": 57, "fields": {"action_time": "2020-05-19T21:52:51.738Z", "user": 2, "content_type": 47, "object_id": "552", "object_repr": "552", "action_flag": 3, "change_message": ""}}, {"model": "admin.logentry", "pk": 58, "fields": {"action_time": "2020-05-19T21:52:57.929Z", "user": 2, "content_type": 47, "object_id": "553", "object_repr": "553", "action_flag": 3, "change_message": ""}}, {"model": "admin.logentry", "pk": 59, "fields": {"action_time": "2020-05-19T21:56:22.202Z", "user": 2, "content_type": 66, "object_id": "1", "object_repr": "Home Page Banner", "action_flag": 2, "change_message": "[{\"changed\": {\"fields\": [\"html\"]}}]"}}, {"model": "admin.logentry", "pk": 60, "fields": {"action_time": "2020-05-19T21:56:56.659Z", "user": 2, "content_type": 66, "object_id": "1", "object_repr": "Home Page Banner", "action_flag": 2, "change_message": "[{\"changed\": {\"fields\": [\"html\"]}}]"}}, {"model": "admin.logentry", "pk": 61, "fields": {"action_time": "2020-05-19T21:57:36.783Z", "user": 2, "content_type": 66, "object_id": "1", "object_repr": "Home Page Banner", "action_flag": 2, "change_message": "[{\"changed\": {\"fields\": [\"html\"]}}]"}}, {"model": "admin.logentry", "pk": 62, "fields": {"action_time": "2020-05-19T21:58:23.407Z", "user": 2, "content_type": 66, "object_id": "1", "object_repr": "Home Page Banner", "action_flag": 2, "change_message": "[{\"changed\": {\"fields\": [\"html\"]}}]"}}, {"model": "admin.logentry", "pk": 63, "fields": {"action_time": "2020-05-19T21:58:41.288Z", "user": 2, "content_type": 66, "object_id": "1", "object_repr": "Home Page Banner", "action_flag": 2, "change_message": "[{\"changed\": {\"fields\": [\"html\"]}}]"}}, {"model": "admin.logentry", "pk": 64, "fields": {"action_time": "2020-05-19T21:59:34.724Z", "user": 2, "content_type": 66, "object_id": "1", "object_repr": "Home Page Banner", "action_flag": 2, "change_message": "[{\"changed\": {\"fields\": [\"html\"]}}]"}}, {"model": "admin.logentry", "pk": 65, "fields": {"action_time": "2020-05-19T22:00:35.496Z", "user": 2, "content_type": 66, "object_id": "1", "object_repr": "Home Page Banner", "action_flag": 2, "change_message": "[{\"changed\": {\"fields\": [\"html\"]}}]"}}, {"model": "admin.logentry", "pk": 66, "fields": {"action_time": "2020-05-19T22:02:57.520Z", "user": 2, "content_type": 66, "object_id": "1", "object_repr": "Home Page Banner", "action_flag": 2, "change_message": "[{\"changed\": {\"fields\": [\"html\"]}}]"}}, {"model": "admin.logentry", "pk": 67, "fields": {"action_time": "2020-05-19T22:03:21.715Z", "user": 2, "content_type": 66, "object_id": "1", "object_repr": "Home Page Banner", "action_flag": 2, "change_message": "[{\"changed\": {\"fields\": [\"html\"]}}]"}}, {"model": "admin.logentry", "pk": 68, "fields": {"action_time": "2020-05-19T22:03:51.042Z", "user": 2, "content_type": 2, "object_id": "1", "object_repr": "Home", "action_flag": 2, "change_message": ""}}, {"model": "admin.logentry", "pk": 69, "fields": {"action_time": "2020-05-19T22:04:48.786Z", "user": 2, "content_type": 2, "object_id": "5", "object_repr": "Development", "action_flag": 1, "change_message": "[{\"added\": {}}]"}}, {"model": "admin.logentry", "pk": 70, "fields": {"action_time": "2020-05-19T22:11:39.743Z", "user": 2, "content_type": 47, "object_id": "592", "object_repr": "592", "action_flag": 3, "change_message": ""}}, {"model": "admin.logentry", "pk": 71, "fields": {"action_time": "2020-05-19T22:14:01.437Z", "user": 2, "content_type": 2, "object_id": "1", "object_repr": "Home", "action_flag": 2, "change_message": ""}}, {"model": "admin.logentry", "pk": 72, "fields": {"action_time": "2020-05-19T22:15:16.944Z", "user": 2, "content_type": 48, "object_id": "629", "object_repr": "629", "action_flag": 3, "change_message": ""}}, {"model": "admin.logentry", "pk": 73, "fields": {"action_time": "2020-05-19T22:19:25.358Z", "user": 2, "content_type": 47, "object_id": "632", "object_repr": "632", "action_flag": 3, "change_message": ""}}, {"model": "admin.logentry", "pk": 74, "fields": {"action_time": "2020-05-19T22:19:45.738Z", "user": 2, "content_type": 2, "object_id": "1", "object_repr": "Home", "action_flag": 2, "change_message": ""}}, {"model": "admin.logentry", "pk": 75, "fields": {"action_time": "2020-05-19T22:21:27.716Z", "user": 2, "content_type": 2, "object_id": "5", "object_repr": "Development", "action_flag": 2, "change_message": ""}}, {"model": "admin.logentry", "pk": 76, "fields": {"action_time": "2020-05-19T22:22:19.984Z", "user": 2, "content_type": 2, "object_id": "1", "object_repr": "Home", "action_flag": 2, "change_message": ""}}, {"model": "admin.logentry", "pk": 77, "fields": {"action_time": "2020-05-19T22:25:42.548Z", "user": 2, "content_type": 2, "object_id": "1", "object_repr": "Home", "action_flag": 2, "change_message": ""}}, {"model": "admin.logentry", "pk": 78, "fields": {"action_time": "2020-05-19T22:32:14.010Z", "user": 2, "content_type": 2, "object_id": "1", "object_repr": "Home", "action_flag": 2, "change_message": ""}}, {"model": "admin.logentry", "pk": 79, "fields": {"action_time": "2020-05-19T22:35:01.902Z", "user": 2, "content_type": 2, "object_id": "1", "object_repr": "Home", "action_flag": 2, "change_message": ""}}, {"model": "admin.logentry", "pk": 80, "fields": {"action_time": "2020-05-19T22:35:31.312Z", "user": 2, "content_type": 2, "object_id": "5", "object_repr": "Development", "action_flag": 2, "change_message": ""}}, {"model": "admin.logentry", "pk": 81, "fields": {"action_time": "2020-05-19T22:38:01.759Z", "user": 2, "content_type": 2, "object_id": "3", "object_repr": "Contact Us", "action_flag": 2, "change_message": ""}}, {"model": "admin.logentry", "pk": 82, "fields": {"action_time": "2020-05-19T22:43:45.094Z", "user": 2, "content_type": 2, "object_id": "1", "object_repr": "Home", "action_flag": 2, "change_message": ""}}, {"model": "admin.logentry", "pk": 83, "fields": {"action_time": "2020-05-19T22:44:25.153Z", "user": 2, "content_type": 2, "object_id": "5", "object_repr": "Development", "action_flag": 2, "change_message": ""}}, {"model": "admin.logentry", "pk": 84, "fields": {"action_time": "2020-05-19T22:45:17.309Z", "user": 2, "content_type": 2, "object_id": "3", "object_repr": "Contact", "action_flag": 2, "change_message": "[{\"changed\": {\"fields\": [\"title\", \"slug\"]}}]"}}, {"model": "admin.logentry", "pk": 85, "fields": {"action_time": "2020-05-19T22:45:37.179Z", "user": 2, "content_type": 2, "object_id": "3", "object_repr": "Contact", "action_flag": 2, "change_message": "[]"}}, {"model": "admin.logentry", "pk": 86, "fields": {"action_time": "2020-05-19T22:45:42.857Z", "user": 2, "content_type": 2, "object_id": "3", "object_repr": "Contact", "action_flag": 2, "change_message": ""}}, {"model": "admin.logentry", "pk": 87, "fields": {"action_time": "2020-05-19T22:49:58.498Z", "user": 2, "content_type": 2, "object_id": "3", "object_repr": "Contact", "action_flag": 2, "change_message": ""}}, {"model": "admin.logentry", "pk": 88, "fields": {"action_time": "2020-05-19T22:51:56.360Z", "user": 2, "content_type": 66, "object_id": "1", "object_repr": "Home Page Banner", "action_flag": 2, "change_message": "[{\"changed\": {\"fields\": [\"html\"]}}]"}}, {"model": "admin.logentry", "pk": 89, "fields": {"action_time": "2020-05-19T22:52:26.099Z", "user": 2, "content_type": 66, "object_id": "1", "object_repr": "Home Page Banner", "action_flag": 2, "change_message": "[{\"changed\": {\"fields\": [\"html\"]}}]"}}, {"model": "admin.logentry", "pk": 90, "fields": {"action_time": "2020-05-19T22:53:12.570Z", "user": 2, "content_type": 66, "object_id": "1", "object_repr": "Home Page Banner", "action_flag": 2, "change_message": "[{\"changed\": {\"fields\": [\"html\"]}}]"}}, {"model": "admin.logentry", "pk": 91, "fields": {"action_time": "2020-05-19T22:53:24.736Z", "user": 2, "content_type": 2, "object_id": "1", "object_repr": "Home", "action_flag": 2, "change_message": ""}}, {"model": "admin.logentry", "pk": 92, "fields": {"action_time": "2020-05-19T23:03:40.355Z", "user": 2, "content_type": 2, "object_id": "1", "object_repr": "Home", "action_flag": 2, "change_message": ""}}, {"model": "admin.logentry", "pk": 93, "fields": {"action_time": "2020-05-19T23:12:05.270Z", "user": 2, "content_type": 66, "object_id": "4", "object_repr": "TempFix", "action_flag": 1, "change_message": "[{\"added\": {}}]"}}, {"model": "admin.logentry", "pk": 94, "fields": {"action_time": "2020-05-19T23:13:57.173Z", "user": 2, "content_type": 66, "object_id": "5", "object_repr": "TempFix1", "action_flag": 1, "change_message": "[{\"added\": {}}]"}}, {"model": "admin.logentry", "pk": 95, "fields": {"action_time": "2020-05-19T23:15:17.031Z", "user": 2, "content_type": 66, "object_id": "5", "object_repr": "TempFix1", "action_flag": 2, "change_message": "[{\"changed\": {\"fields\": [\"html\"]}}]"}}, {"model": "admin.logentry", "pk": 96, "fields": {"action_time": "2020-05-19T23:16:37.136Z", "user": 2, "content_type": 66, "object_id": "5", "object_repr": "TempFix1", "action_flag": 2, "change_message": "[{\"changed\": {\"fields\": [\"html\"]}}]"}}, {"model": "admin.logentry", "pk": 97, "fields": {"action_time": "2020-05-19T23:17:42.885Z", "user": 2, "content_type": 66, "object_id": "5", "object_repr": "TempFix1", "action_flag": 2, "change_message": "[{\"changed\": {\"fields\": [\"html\"]}}]"}}, {"model": "admin.logentry", "pk": 98, "fields": {"action_time": "2020-05-19T23:18:25.457Z", "user": 2, "content_type": 2, "object_id": "1", "object_repr": "Home", "action_flag": 2, "change_message": ""}}, {"model": "admin.logentry", "pk": 99, "fields": {"action_time": "2020-05-21T03:20:12.797Z", "user": 2, "content_type": 2, "object_id": "1", "object_repr": "Home", "action_flag": 2, "change_message": ""}}, {"model": "admin.logentry", "pk": 100, "fields": {"action_time": "2020-05-21T03:45:59.748Z", "user": 2, "content_type": 74, "object_id": "1115", "object_repr": "1115", "action_flag": 3, "change_message": ""}}, {"model": "admin.logentry", "pk": 101, "fields": {"action_time": "2020-05-21T03:56:42.781Z", "user": 2, "content_type": 10, "object_id": "1114", "object_repr": "1114", "action_flag": 3, "change_message": ""}}, {"model": "admin.logentry", "pk": 102, "fields": {"action_time": "2020-05-21T03:57:31.387Z", "user": 2, "content_type": 67, "object_id": "754", "object_repr": "Home Page Banner", "action_flag": 3, "change_message": ""}}, {"model": "admin.logentry", "pk": 103, "fields": {"action_time": "2020-05-21T04:13:16.341Z", "user": 2, "content_type": 2, "object_id": "7", "object_repr": "Valor", "action_flag": 1, "change_message": "[{\"added\": {}}]"}}, {"model": "admin.logentry", "pk": 104, "fields": {"action_time": "2020-05-21T04:13:52.511Z", "user": 2, "content_type": 2, "object_id": "8", "object_repr": "Donation", "action_flag": 1, "change_message": "[{\"added\": {}}]"}}, {"model": "admin.logentry", "pk": 105, "fields": {"action_time": "2020-05-21T04:13:58.943Z", "user": 2, "content_type": 2, "object_id": "8", "object_repr": "Donation", "action_flag": 2, "change_message": ""}}, {"model": "admin.logentry", "pk": 106, "fields": {"action_time": "2020-05-21T04:14:18.143Z", "user": 2, "content_type": 2, "object_id": "7", "object_repr": "Valor", "action_flag": 2, "change_message": ""}}, {"model": "admin.logentry", "pk": 107, "fields": {"action_time": "2020-05-21T04:15:33.047Z", "user": 2, "content_type": 30, "object_id": "8", "object_repr": "coming-soon-2461832_960_720.jpg", "action_flag": 3, "change_message": ""}}, {"model": "admin.logentry", "pk": 108, "fields": {"action_time": "2020-05-21T04:22:57.891Z", "user": 2, "content_type": 2, "object_id": "5", "object_repr": "Development", "action_flag": 2, "change_message": ""}}, {"model": "admin.logentry", "pk": 109, "fields": {"action_time": "2020-05-21T04:23:45.540Z", "user": 2, "content_type": 2, "object_id": "7", "object_repr": "Valor", "action_flag": 2, "change_message": ""}}, {"model": "admin.logentry", "pk": 110, "fields": {"action_time": "2020-05-21T04:24:01.269Z", "user": 2, "content_type": 2, "object_id": "8", "object_repr": "Donation", "action_flag": 2, "change_message": ""}}, {"model": "admin.logentry", "pk": 111, "fields": {"action_time": "2020-05-21T04:26:34.019Z", "user": 2, "content_type": 2, "object_id": "1", "object_repr": "Home", "action_flag": 2, "change_message": ""}}, {"model": "admin.logentry", "pk": 112, "fields": {"action_time": "2020-05-21T04:30:20.803Z", "user": 2, "content_type": 51, "object_id": "1117", "object_repr": "1117", "action_flag": 3, "change_message": ""}}, {"model": "admin.logentry", "pk": 113, "fields": {"action_time": "2020-05-21T04:31:16.186Z", "user": 2, "content_type": 2, "object_id": "1", "object_repr": "Home", "action_flag": 2, "change_message": ""}}, {"model": "admin.logentry", "pk": 114, "fields": {"action_time": "2020-05-22T15:38:14.053Z", "user": 2, "content_type": 2, "object_id": "11", "object_repr": "Social", "action_flag": 1, "change_message": "[{\"added\": {}}]"}}, {"model": "admin.logentry", "pk": 115, "fields": {"action_time": "2020-05-22T15:39:14.905Z", "user": 2, "content_type": 66, "object_id": "6", "object_repr": "Facebook Feed", "action_flag": 1, "change_message": "[{\"added\": {}}]"}}, {"model": "admin.logentry", "pk": 116, "fields": {"action_time": "2020-05-22T15:57:24.344Z", "user": 2, "content_type": 24, "object_id": "1242", "object_repr": "&lt;script&gt; &lt;/script&gt;", "action_flag": 3, "change_message": ""}}, {"model": "admin.logentry", "pk": 117, "fields": {"action_time": "2020-05-22T15:58:00.609Z", "user": 2, "content_type": 66, "object_id": "7", "object_repr": "Facebook GraphApi", "action_flag": 1, "change_message": "[{\"added\": {}}]"}}, {"model": "admin.logentry", "pk": 118, "fields": {"action_time": "2020-05-22T15:59:25.554Z", "user": 2, "content_type": 66, "object_id": "7", "object_repr": "Facebook GraphApi", "action_flag": 2, "change_message": "[{\"changed\": {\"fields\": [\"html\"]}}]"}}, {"model": "admin.logentry", "pk": 119, "fields": {"action_time": "2020-05-22T16:16:43.237Z", "user": 2, "content_type": 67, "object_id": "1243", "object_repr": "Facebook GraphApi", "action_flag": 3, "change_message": ""}}, {"model": "admin.logentry", "pk": 120, "fields": {"action_time": "2020-05-22T16:17:10.080Z", "user": 2, "content_type": 24, "object_id": "1244", "object_repr": "Tweets by BridgeHospice1...", "action_flag": 3, "change_message": ""}}, {"model": "admin.logentry", "pk": 121, "fields": {"action_time": "2020-05-22T16:17:28.689Z", "user": 2, "content_type": 66, "object_id": "8", "object_repr": "twitter feed", "action_flag": 1, "change_message": "[{\"added\": {}}]"}}, {"model": "admin.logentry", "pk": 122, "fields": {"action_time": "2020-05-22T16:22:05.289Z", "user": 2, "content_type": 66, "object_id": "9", "object_repr": "instagram feed", "action_flag": 1, "change_message": "[{\"added\": {}}]"}}, {"model": "admin.logentry", "pk": 123, "fields": {"action_time": "2020-05-30T18:37:55.720Z", "user": 2, "content_type": 2, "object_id": "12", "object_repr": "test", "action_flag": 1, "change_message": "[{\"added\": {}}]"}}, {"model": "admin.logentry", "pk": 124, "fields": {"action_time": "2020-05-30T18:38:04.366Z", "user": 2, "content_type": 2, "object_id": "12", "object_repr": "test", "action_flag": 2, "change_message": ""}}, {"model": "admin.logentry", "pk": 125, "fields": {"action_time": "2020-05-30T19:19:29.867Z", "user": 2, "content_type": 2, "object_id": "14", "object_repr": "forms", "action_flag": 1, "change_message": "[{\"added\": {}}]"}}, {"model": "admin.logentry", "pk": 126, "fields": {"action_time": "2020-05-30T19:20:06.832Z", "user": 2, "content_type": 2, "object_id": "15", "object_repr": "volunteer", "action_flag": 1, "change_message": "[{\"added\": {}}]"}}, {"model": "admin.logentry", "pk": 127, "fields": {"action_time": "2020-05-30T19:20:31.230Z", "user": 2, "content_type": 2, "object_id": "15", "object_repr": "volunteer", "action_flag": 3, "change_message": ""}}, {"model": "admin.logentry", "pk": 128, "fields": {"action_time": "2020-05-30T19:20:36.960Z", "user": 2, "content_type": 2, "object_id": "14", "object_repr": "forms", "action_flag": 3, "change_message": ""}}, {"model": "admin.logentry", "pk": 129, "fields": {"action_time": "2020-05-30T19:23:25.460Z", "user": 2, "content_type": 2, "object_id": "14", "object_repr": "Forms", "action_flag": 1, "change_message": "[{\"added\": {}}]"}}, {"model": "admin.logentry", "pk": 130, "fields": {"action_time": "2020-05-30T19:23:35.116Z", "user": 2, "content_type": 2, "object_id": "14", "object_repr": "Forms", "action_flag": 2, "change_message": ""}}, {"model": "admin.logentry", "pk": 131, "fields": {"action_time": "2020-05-30T19:24:02.286Z", "user": 2, "content_type": 2, "object_id": "14", "object_repr": "Forms", "action_flag": 2, "change_message": "[{\"changed\": {\"fields\": [\"application_urls\", \"application_namespace\", \"xframe_options\"]}}]"}}, {"model": "admin.logentry", "pk": 132, "fields": {"action_time": "2020-05-30T19:24:23.385Z", "user": 2, "content_type": 2, "object_id": "14", "object_repr": "Forms", "action_flag": 2, "change_message": "[{\"changed\": {\"fields\": [\"xframe_options\"]}}]"}}, {"model": "admin.logentry", "pk": 133, "fields": {"action_time": "2020-05-30T19:27:44.235Z", "user": 2, "content_type": 2, "object_id": "16", "object_repr": "Volunteer", "action_flag": 1, "change_message": "[{\"added\": {}}]"}}, {"model": "admin.logentry", "pk": 134, "fields": {"action_time": "2020-05-31T03:37:48.768Z", "user": 2, "content_type": 66, "object_id": "8", "object_repr": "twitter feed", "action_flag": 2, "change_message": "[]"}}, {"model": "admin.logentry", "pk": 135, "fields": {"action_time": "2020-05-31T03:38:56.657Z", "user": 2, "content_type": 24, "object_id": "1248", "object_repr": "Twitter", "action_flag": 3, "change_message": ""}}, {"model": "admin.logentry", "pk": 136, "fields": {"action_time": "2020-05-31T03:39:36.900Z", "user": 2, "content_type": 66, "object_id": "9", "object_repr": "instagram feed", "action_flag": 2, "change_message": "[{\"changed\": {\"fields\": [\"html\"]}}]"}}, {"model": "admin.logentry", "pk": 137, "fields": {"action_time": "2020-05-31T20:36:30.640Z", "user": 2, "content_type": 75, "object_id": "1", "object_repr": "VolunteerApplication object (1)", "action_flag": 3, "change_message": ""}}, {"model": "admin.logentry", "pk": 138, "fields": {"action_time": "2020-05-31T21:05:14.359Z", "user": 2, "content_type": 2, "object_id": "12", "object_repr": "test", "action_flag": 2, "change_message": "The en page \"test\" was successfully unpublished"}}, {"model": "admin.logentry", "pk": 139, "fields": {"action_time": "2020-05-31T21:05:20.309Z", "user": 2, "content_type": 2, "object_id": "14", "object_repr": "Forms", "action_flag": 2, "change_message": "The en page \"Forms\" was successfully unpublished"}}, {"model": "admin.logentry", "pk": 140, "fields": {"action_time": "2020-05-31T21:05:54.771Z", "user": 2, "content_type": 2, "object_id": "1", "object_repr": "Home", "action_flag": 2, "change_message": "The en page \"Home\" was successfully unpublished"}}, {"model": "admin.logentry", "pk": 141, "fields": {"action_time": "2020-05-31T21:05:57.951Z", "user": 2, "content_type": 2, "object_id": "1", "object_repr": "Home", "action_flag": 2, "change_message": ""}}, {"model": "admin.logentry", "pk": 142, "fields": {"action_time": "2020-05-31T21:20:05.566Z", "user": 2, "content_type": 2, "object_id": "14", "object_repr": "Forms", "action_flag": 2, "change_message": ""}}, {"model": "admin.logentry", "pk": 143, "fields": {"action_time": "2020-05-31T21:23:10.400Z", "user": 2, "content_type": 37, "object_id": "1293", "object_repr": "1293", "action_flag": 3, "change_message": ""}}, {"model": "admin.logentry", "pk": 144, "fields": {"action_time": "2020-05-31T21:23:33.894Z", "user": 2, "content_type": 2, "object_id": "16", "object_repr": "Volunteer", "action_flag": 2, "change_message": ""}}, {"model": "admin.logentry", "pk": 145, "fields": {"action_time": "2020-05-31T21:27:48.854Z", "user": 2, "content_type": 2, "object_id": "14", "object_repr": "Forms", "action_flag": 2, "change_message": "[{\"changed\": {\"fields\": [\"xframe_options\"]}}]"}}, {"model": "admin.logentry", "pk": 146, "fields": {"action_time": "2020-05-31T21:28:29.177Z", "user": 2, "content_type": 2, "object_id": "16", "object_repr": "Volunteer", "action_flag": 3, "change_message": ""}}, {"model": "admin.logentry", "pk": 147, "fields": {"action_time": "2020-05-31T21:28:45.324Z", "user": 2, "content_type": 2, "object_id": "18", "object_repr": "Volunteer", "action_flag": 1, "change_message": "[{\"added\": {}}]"}}, {"model": "admin.logentry", "pk": 148, "fields": {"action_time": "2020-05-31T21:29:31.767Z", "user": 2, "content_type": 2, "object_id": "14", "object_repr": "Forms", "action_flag": 3, "change_message": ""}}, {"model": "admin.logentry", "pk": 149, "fields": {"action_time": "2020-05-31T21:29:36.765Z", "user": 2, "content_type": 2, "object_id": "12", "object_repr": "test", "action_flag": 3, "change_message": ""}}, {"model": "admin.logentry", "pk": 150, "fields": {"action_time": "2020-05-31T21:29:48.221Z", "user": 2, "content_type": 2, "object_id": "19", "object_repr": "Forms", "action_flag": 1, "change_message": "[{\"added\": {}}]"}}, {"model": "admin.logentry", "pk": 151, "fields": {"action_time": "2020-05-31T21:30:20.516Z", "user": 2, "content_type": 2, "object_id": "19", "object_repr": "Forms", "action_flag": 2, "change_message": "[{\"changed\": {\"fields\": [\"application_urls\", \"application_namespace\", \"xframe_options\"]}}]"}}, {"model": "admin.logentry", "pk": 152, "fields": {"action_time": "2020-05-31T21:30:29.972Z", "user": 2, "content_type": 2, "object_id": "20", "object_repr": "Volunteer", "action_flag": 1, "change_message": "[{\"added\": {}}]"}}, {"model": "admin.logentry", "pk": 153, "fields": {"action_time": "2020-05-31T21:44:04.310Z", "user": 2, "content_type": 30, "object_id": "9", "object_repr": "BridgeHospiceLogo.png", "action_flag": 3, "change_message": ""}}, {"model": "admin.logentry", "pk": 154, "fields": {"action_time": "2020-05-31T21:44:28.932Z", "user": 2, "content_type": 2, "object_id": "1", "object_repr": "Home", "action_flag": 2, "change_message": ""}}, {"model": "admin.logentry", "pk": 155, "fields": {"action_time": "2020-05-31T21:50:33.008Z", "user": 2, "content_type": 2, "object_id": "19", "object_repr": "Forms", "action_flag": 3, "change_message": ""}}, {"model": "admin.logentry", "pk": 156, "fields": {"action_time": "2020-05-31T21:50:40.979Z", "user": 2, "content_type": 2, "object_id": "21", "object_repr": "Forms", "action_flag": 1, "change_message": "[{\"added\": {}}]"}}, {"model": "admin.logentry", "pk": 157, "fields": {"action_time": "2020-05-31T21:51:02.152Z", "user": 2, "content_type": 2, "object_id": "21", "object_repr": "Forms", "action_flag": 2, "change_message": "[{\"changed\": {\"fields\": [\"application_urls\", \"application_namespace\", \"xframe_options\"]}}]"}}, {"model": "admin.logentry", "pk": 158, "fields": {"action_time": "2020-05-31T21:51:11.532Z", "user": 2, "content_type": 2, "object_id": "22", "object_repr": "Volunteer", "action_flag": 1, "change_message": "[{\"added\": {}}]"}}, {"model": "admin.logentry", "pk": 159, "fields": {"action_time": "2020-05-31T21:53:11.987Z", "user": 2, "content_type": 2, "object_id": "21", "object_repr": "Forms", "action_flag": 2, "change_message": ""}}, {"model": "admin.logentry", "pk": 160, "fields": {"action_time": "2020-05-31T21:53:15.854Z", "user": 2, "content_type": 2, "object_id": "22", "object_repr": "Volunteer", "action_flag": 2, "change_message": ""}}, {"model": "admin.logentry", "pk": 161, "fields": {"action_time": "2020-05-31T21:54:07.506Z", "user": 2, "content_type": 2, "object_id": "21", "object_repr": "Forms", "action_flag": 2, "change_message": ""}}, {"model": "admin.logentry", "pk": 162, "fields": {"action_time": "2020-05-31T21:58:18.481Z", "user": 2, "content_type": 2, "object_id": "25", "object_repr": "Volunteer", "action_flag": 1, "change_message": "[{\"added\": {}}]"}}, {"model": "admin.logentry", "pk": 163, "fields": {"action_time": "2020-05-31T22:01:29.861Z", "user": 2, "content_type": 2, "object_id": "25", "object_repr": "Volunteer", "action_flag": 2, "change_message": ""}}, {"model": "admin.logentry", "pk": 164, "fields": {"action_time": "2020-05-31T22:01:46.345Z", "user": 2, "content_type": 2, "object_id": "21", "object_repr": "Forms", "action_flag": 2, "change_message": ""}}, {"model": "admin.logentry", "pk": 165, "fields": {"action_time": "2020-05-31T22:05:25.676Z", "user": 2, "content_type": 5, "object_id": "4", "object_repr": "brooke_zavala", "action_flag": 1, "change_message": "[{\"added\": {}}]"}}, {"model": "admin.logentry", "pk": 166, "fields": {"action_time": "2020-05-31T22:07:55.655Z", "user": 2, "content_type": 4, "object_id": "1", "object_repr": "Volunteer Coordinator", "action_flag": 1, "change_message": "[{\"added\": {}}]"}}, {"model": "admin.logentry", "pk": 167, "fields": {"action_time": "2020-05-31T22:08:27.556Z", "user": 2, "content_type": 5, "object_id": "4", "object_repr": "brooke.zavala", "action_flag": 2, "change_message": "[{\"changed\": {\"fields\": [\"username\", \"first_name\", \"last_name\", \"email\", \"is_staff\", \"groups\"]}}]"}}, {"model": "admin.logentry", "pk": 168, "fields": {"action_time": "2020-05-31T22:08:50.117Z", "user": 2, "content_type": 5, "object_id": "3", "object_repr": "kasey_cox", "action_flag": 2, "change_message": "[{\"changed\": {\"fields\": [\"first_name\", \"last_name\", \"email\"]}}]"}}, {"model": "admin.logentry", "pk": 169, "fields": {"action_time": "2020-05-31T22:09:09.066Z", "user": 2, "content_type": 5, "object_id": "2", "object_repr": "webmaster", "action_flag": 2, "change_message": "[{\"changed\": {\"fields\": [\"first_name\", \"last_name\", \"email\"]}}]"}}, {"model": "admin.logentry", "pk": 171, "fields": {"action_time": "2020-05-31T22:18:28.848Z", "user": 2, "content_type": 4, "object_id": "1", "object_repr": "Volunteer Coordinator", "action_flag": 2, "change_message": "[{\"changed\": {\"fields\": [\"permissions\"]}}]"}}, {"model": "admin.logentry", "pk": 172, "fields": {"action_time": "2020-05-31T22:22:40.284Z", "user": 2, "content_type": 4, "object_id": "1", "object_repr": "Volunteer Coordinator", "action_flag": 2, "change_message": "[{\"changed\": {\"fields\": [\"permissions\"]}}]"}}, {"model": "admin.logentry", "pk": 174, "fields": {"action_time": "2020-06-01T20:45:55.244Z", "user": 2, "content_type": 66, "object_id": "6", "object_repr": "Facebook Feed", "action_flag": 2, "change_message": "[{\"changed\": {\"fields\": [\"html\"]}}]"}}, {"model": "admin.logentry", "pk": 175, "fields": {"action_time": "2020-06-01T20:46:18.749Z", "user": 2, "content_type": 66, "object_id": "6", "object_repr": "Facebook Feed", "action_flag": 2, "change_message": "[{\"changed\": {\"fields\": [\"html\"]}}]"}}, {"model": "admin.logentry", "pk": 176, "fields": {"action_time": "2020-06-01T20:46:26.643Z", "user": 2, "content_type": 24, "object_id": "1237", "object_repr": "Visit us on...", "action_flag": 3, "change_message": ""}}, {"model": "admin.logentry", "pk": 177, "fields": {"action_time": "2020-06-01T20:46:41.620Z", "user": 2, "content_type": 66, "object_id": "9", "object_repr": "instagram feed", "action_flag": 2, "change_message": "[{\"changed\": {\"fields\": [\"html\"]}}]"}}, {"model": "admin.logentry", "pk": 178, "fields": {"action_time": "2020-06-01T20:52:04.844Z", "user": 2, "content_type": 66, "object_id": "6", "object_repr": "Facebook Feed", "action_flag": 2, "change_message": "[{\"changed\": {\"fields\": [\"html\"]}}]"}}, {"model": "admin.logentry", "pk": 179, "fields": {"action_time": "2020-06-01T20:53:08.796Z", "user": 2, "content_type": 66, "object_id": "6", "object_repr": "Facebook Feed", "action_flag": 2, "change_message": "[{\"changed\": {\"fields\": [\"html\"]}}]"}}, {"model": "admin.logentry", "pk": 180, "fields": {"action_time": "2020-06-01T20:54:15.086Z", "user": 2, "content_type": 66, "object_id": "8", "object_repr": "twitter feed", "action_flag": 2, "change_message": "[{\"changed\": {\"fields\": [\"html\"]}}]"}}, {"model": "admin.logentry", "pk": 181, "fields": {"action_time": "2020-06-01T20:54:34.793Z", "user": 2, "content_type": 2, "object_id": "11", "object_repr": "Social", "action_flag": 2, "change_message": ""}}, {"model": "admin.logentry", "pk": 182, "fields": {"action_time": "2020-06-01T20:54:59.550Z", "user": 2, "content_type": 2, "object_id": "11", "object_repr": "Social", "action_flag": 2, "change_message": ""}}, {"model": "admin.logentry", "pk": 183, "fields": {"action_time": "2020-06-01T23:53:01.095Z", "user": 2, "content_type": 48, "object_id": "1229", "object_repr": "1229", "action_flag": 3, "change_message": ""}}, {"model": "admin.logentry", "pk": 184, "fields": {"action_time": "2020-06-01T23:53:05.074Z", "user": 2, "content_type": 2, "object_id": "5", "object_repr": "Development", "action_flag": 2, "change_message": ""}}, {"model": "admin.logentry", "pk": 185, "fields": {"action_time": "2020-06-02T00:19:54.656Z", "user": 2, "content_type": 9, "object_id": "1", "object_repr": "bridge-hospice.com", "action_flag": 2, "change_message": "[]"}}, {"model": "admin.logentry", "pk": 186, "fields": {"action_time": "2020-06-02T00:21:32.015Z", "user": 2, "content_type": 30, "object_id": "11", "object_repr": "BridgeHospiceLogo.png", "action_flag": 2, "change_message": "[]"}}, {"model": "admin.logentry", "pk": 187, "fields": {"action_time": "2020-06-02T00:22:42.737Z", "user": 2, "content_type": 2, "object_id": "1", "object_repr": "Home", "action_flag": 2, "change_message": ""}}, {"model": "admin.logentry", "pk": 188, "fields": {"action_time": "2020-06-02T00:23:40.855Z", "user": 2, "content_type": 2, "object_id": "22", "object_repr": "Volunteer", "action_flag": 2, "change_message": "[{\"changed\": {\"fields\": [\"xframe_options\"]}}]"}}, {"model": "admin.logentry", "pk": 189, "fields": {"action_time": "2020-06-02T00:23:56.082Z", "user": 2, "content_type": 2, "object_id": "21", "object_repr": "Forms", "action_flag": 2, "change_message": "[{\"changed\": {\"fields\": [\"xframe_options\"]}}]"}}, {"model": "admin.logentry", "pk": 190, "fields": {"action_time": "2020-06-02T00:24:00.965Z", "user": 2, "content_type": 2, "object_id": "21", "object_repr": "Forms", "action_flag": 2, "change_message": ""}}, {"model": "admin.logentry", "pk": 191, "fields": {"action_time": "2020-06-02T00:25:34.932Z", "user": 2, "content_type": 2, "object_id": "21", "object_repr": "Forms", "action_flag": 2, "change_message": "The en page \"Forms\" was successfully unpublished"}}, {"model": "admin.logentry", "pk": 192, "fields": {"action_time": "2020-06-02T00:25:43.642Z", "user": 2, "content_type": 2, "object_id": "21", "object_repr": "Forms", "action_flag": 2, "change_message": ""}}, {"model": "admin.logentry", "pk": 193, "fields": {"action_time": "2020-06-02T00:25:48.955Z", "user": 2, "content_type": 2, "object_id": "22", "object_repr": "Volunteer", "action_flag": 2, "change_message": ""}}, {"model": "admin.logentry", "pk": 194, "fields": {"action_time": "2020-06-02T00:26:50.417Z", "user": 2, "content_type": 2, "object_id": "22", "object_repr": "Volunteer", "action_flag": 2, "change_message": "[{\"changed\": {\"fields\": [\"xframe_options\"]}}]"}}, {"model": "admin.logentry", "pk": 195, "fields": {"action_time": "2020-06-02T00:26:57.133Z", "user": 2, "content_type": 2, "object_id": "22", "object_repr": "Volunteer", "action_flag": 2, "change_message": ""}}, {"model": "admin.logentry", "pk": 196, "fields": {"action_time": "2020-06-02T00:33:32.535Z", "user": 2, "content_type": 2, "object_id": "21", "object_repr": "Forms", "action_flag": 2, "change_message": ""}}, {"model": "admin.logentry", "pk": 197, "fields": {"action_time": "2020-06-02T01:09:23.506Z", "user": 2, "content_type": 2, "object_id": "28", "object_repr": "Thanks", "action_flag": 1, "change_message": "[{\"added\": {}}]"}}, {"model": "admin.logentry", "pk": 198, "fields": {"action_time": "2020-06-02T01:09:28.170Z", "user": 2, "content_type": 2, "object_id": "28", "object_repr": "Thanks", "action_flag": 2, "change_message": ""}}, {"model": "admin.logentry", "pk": 199, "fields": {"action_time": "2020-06-02T01:10:14.524Z", "user": 2, "content_type": 2, "object_id": "30", "object_repr": "Thanks", "action_flag": 1, "change_message": "[{\"added\": {}}]"}}, {"model": "admin.logentry", "pk": 200, "fields": {"action_time": "2020-06-02T01:10:22.323Z", "user": 2, "content_type": 2, "object_id": "28", "object_repr": "Thanks", "action_flag": 3, "change_message": ""}}, {"model": "admin.logentry", "pk": 201, "fields": {"action_time": "2020-06-02T01:10:27.424Z", "user": 2, "content_type": 2, "object_id": "30", "object_repr": "Thanks", "action_flag": 2, "change_message": ""}}, {"model": "admin.logentry", "pk": 202, "fields": {"action_time": "2020-06-02T01:17:06.208Z", "user": 2, "content_type": 2, "object_id": "1", "object_repr": "Home", "action_flag": 2, "change_message": ""}}, {"model": "admin.logentry", "pk": 203, "fields": {"action_time": "2020-06-02T01:17:14.673Z", "user": 2, "content_type": 2, "object_id": "30", "object_repr": "Thanks", "action_flag": 2, "change_message": ""}}, {"model": "admin.logentry", "pk": 204, "fields": {"action_time": "2020-06-02T01:18:01.715Z", "user": 2, "content_type": 2, "object_id": "21", "object_repr": "Forms", "action_flag": 2, "change_message": ""}}, {"model": "admin.logentry", "pk": 205, "fields": {"action_time": "2020-06-02T01:18:06.823Z", "user": 2, "content_type": 2, "object_id": "30", "object_repr": "Thanks", "action_flag": 2, "change_message": ""}}, {"model": "admin.logentry", "pk": 206, "fields": {"action_time": "2020-06-02T01:51:14.185Z", "user": 2, "content_type": 2, "object_id": "1", "object_repr": "Home", "action_flag": 2, "change_message": ""}}, {"model": "admin.logentry", "pk": 207, "fields": {"action_time": "2020-06-02T01:51:33.435Z", "user": 2, "content_type": 2, "object_id": "1", "object_repr": "Home", "action_flag": 2, "change_message": ""}}, {"model": "admin.logentry", "pk": 208, "fields": {"action_time": "2020-06-02T01:58:57.904Z", "user": 2, "content_type": 75, "object_id": "3", "object_repr": "Volunteer Application: Nicholas Jones", "action_flag": 3, "change_message": ""}}, {"model": "admin.logentry", "pk": 209, "fields": {"action_time": "2020-06-02T01:58:57.925Z", "user": 2, "content_type": 75, "object_id": "2", "object_repr": "Volunteer Application: Nicholas Jones", "action_flag": 3, "change_message": ""}}, {"model": "admin.logentry", "pk": 210, "fields": {"action_time": "2020-06-02T01:58:57.933Z", "user": 2, "content_type": 75, "object_id": "1", "object_repr": "Volunteer Application: Nicholas Jones", "action_flag": 3, "change_message": ""}}, {"model": "admin.logentry", "pk": 211, "fields": {"action_time": "2020-06-02T19:05:24.209Z", "user": 2, "content_type": 2, "object_id": "1", "object_repr": "Home", "action_flag": 2, "change_message": "[{\"changed\": {\"fields\": [\"meta_description\"]}}]"}}, {"model": "admin.logentry", "pk": 212, "fields": {"action_time": "2020-06-02T19:05:27.783Z", "user": 2, "content_type": 2, "object_id": "1", "object_repr": "Home", "action_flag": 2, "change_message": ""}}, {"model": "admin.logentry", "pk": 213, "fields": {"action_time": "2020-06-02T19:07:25.454Z", "user": 2, "content_type": 2, "object_id": "3", "object_repr": "Contact", "action_flag": 2, "change_message": "[{\"changed\": {\"fields\": [\"meta_description\"]}}]"}}, {"model": "admin.logentry", "pk": 214, "fields": {"action_time": "2020-06-02T19:07:28.484Z", "user": 2, "content_type": 2, "object_id": "3", "object_repr": "Contact", "action_flag": 2, "change_message": ""}}, {"model": "admin.logentry", "pk": 215, "fields": {"action_time": "2020-06-02T19:08:04.037Z", "user": 2, "content_type": 2, "object_id": "11", "object_repr": "Social", "action_flag": 2, "change_message": "[{\"changed\": {\"fields\": [\"meta_description\"]}}]"}}, {"model": "admin.logentry", "pk": 216, "fields": {"action_time": "2020-06-02T19:08:06.699Z", "user": 2, "content_type": 2, "object_id": "11", "object_repr": "Social", "action_flag": 2, "change_message": ""}}, {"model": "admin.logentry", "pk": 217, "fields": {"action_time": "2020-06-02T19:08:46.368Z", "user": 2, "content_type": 2, "object_id": "25", "object_repr": "Volunteer", "action_flag": 2, "change_message": "[{\"changed\": {\"fields\": [\"meta_description\"]}}]"}}, {"model": "admin.logentry", "pk": 218, "fields": {"action_time": "2020-06-02T19:09:00.536Z", "user": 2, "content_type": 2, "object_id": "22", "object_repr": "Volunteer", "action_flag": 2, "change_message": "[{\"changed\": {\"fields\": [\"meta_description\"]}}]"}}, {"model": "admin.logentry", "pk": 219, "fields": {"action_time": "2020-06-02T19:09:19.590Z", "user": 2, "content_type": 2, "object_id": "25", "object_repr": "Volunteer", "action_flag": 2, "change_message": ""}}, {"model": "admin.logentry", "pk": 220, "fields": {"action_time": "2020-06-02T19:09:22.052Z", "user": 2, "content_type": 2, "object_id": "22", "object_repr": "Volunteer", "action_flag": 2, "change_message": ""}}, {"model": "admin.logentry", "pk": 221, "fields": {"action_time": "2020-06-11T20:52:18.769Z", "user": 2, "content_type": 2, "object_id": "1", "object_repr": "Home", "action_flag": 2, "change_message": "[{\"changed\": {\"fields\": [\"page_title\"]}}]"}}, {"model": "admin.logentry", "pk": 222, "fields": {"action_time": "2020-06-11T20:54:37.528Z", "user": 2, "content_type": 2, "object_id": "1", "object_repr": "Home", "action_flag": 2, "change_message": "[]"}}, {"model": "admin.logentry", "pk": 223, "fields": {"action_time": "2020-06-11T20:54:49.406Z", "user": 2, "content_type": 2, "object_id": "1", "object_repr": "Home", "action_flag": 2, "change_message": ""}}, {"model": "admin.logentry", "pk": 224, "fields": {"action_time": "2020-06-11T20:57:12.159Z", "user": 2, "content_type": 2, "object_id": "1", "object_repr": "Bridge Hospice: providing excellent hospice care to our patients, and the community.", "action_flag": 2, "change_message": "[{\"changed\": {\"fields\": [\"title\", \"page_title\"]}}]"}}, {"model": "admin.logentry", "pk": 225, "fields": {"action_time": "2020-06-11T20:59:14.427Z", "user": 2, "content_type": 2, "object_id": "1", "object_repr": "Home", "action_flag": 2, "change_message": "[{\"changed\": {\"fields\": [\"title\", \"menu_title\"]}}]"}}, {"model": "admin.logentry", "pk": 226, "fields": {"action_time": "2020-06-11T21:01:08.023Z", "user": 2, "content_type": 2, "object_id": "1", "object_repr": "Home", "action_flag": 2, "change_message": "[{\"changed\": {\"fields\": [\"title\"]}}]"}}, {"model": "admin.logentry", "pk": 227, "fields": {"action_time": "2020-06-11T21:04:13.368Z", "user": 2, "content_type": 2, "object_id": "1", "object_repr": "Home", "action_flag": 2, "change_message": "[{\"changed\": {\"fields\": [\"title\"]}}]"}}, {"model": "admin.logentry", "pk": 228, "fields": {"action_time": "2020-06-11T21:05:17.395Z", "user": 2, "content_type": 2, "object_id": "1", "object_repr": "Home", "action_flag": 2, "change_message": "[{\"changed\": {\"fields\": [\"title\"]}}]"}}, {"model": "admin.logentry", "pk": 229, "fields": {"action_time": "2020-06-11T21:06:36.224Z", "user": 2, "content_type": 2, "object_id": "1", "object_repr": "Home", "action_flag": 2, "change_message": "[{\"changed\": {\"fields\": [\"title\"]}}]"}}, {"model": "admin.logentry", "pk": 230, "fields": {"action_time": "2020-06-11T21:07:12.165Z", "user": 2, "content_type": 2, "object_id": "1", "object_repr": "Home", "action_flag": 2, "change_message": "[{\"changed\": {\"fields\": [\"title\"]}}]"}}, {"model": "admin.logentry", "pk": 231, "fields": {"action_time": "2020-06-11T21:07:36.836Z", "user": 2, "content_type": 2, "object_id": "1", "object_repr": "Home", "action_flag": 2, "change_message": "[{\"changed\": {\"fields\": [\"title\"]}}]"}}, {"model": "admin.logentry", "pk": 232, "fields": {"action_time": "2020-06-11T21:07:45.969Z", "user": 2, "content_type": 2, "object_id": "1", "object_repr": "Bridge Hospice: Uniting the Patient and Family", "action_flag": 2, "change_message": ""}}, {"model": "admin.logentry", "pk": 233, "fields": {"action_time": "2020-06-11T21:08:41.782Z", "user": 2, "content_type": 2, "object_id": "1", "object_repr": "Home", "action_flag": 2, "change_message": "[]"}}, {"model": "admin.logentry", "pk": 234, "fields": {"action_time": "2020-06-11T21:08:49.175Z", "user": 2, "content_type": 2, "object_id": "1", "object_repr": "Bridge Hospice: Uniting the Patient and Family", "action_flag": 2, "change_message": ""}}, {"model": "admin.logentry", "pk": 235, "fields": {"action_time": "2020-06-11T21:15:02.521Z", "user": 2, "content_type": 2, "object_id": "3", "object_repr": "Contact Us - Address, Phone, & Email | Bridge Hospice", "action_flag": 2, "change_message": "[{\"changed\": {\"fields\": [\"title\"]}}]"}}, {"model": "admin.logentry", "pk": 236, "fields": {"action_time": "2020-06-11T21:15:33.355Z", "user": 2, "content_type": 2, "object_id": "3", "object_repr": "Contact", "action_flag": 2, "change_message": "[{\"changed\": {\"fields\": [\"menu_title\"]}}]"}}, {"model": "admin.logentry", "pk": 237, "fields": {"action_time": "2020-06-11T21:15:44.507Z", "user": 2, "content_type": 2, "object_id": "3", "object_repr": "Contact Us - Address, Phone, & Email | Bridge Hospice", "action_flag": 2, "change_message": ""}}, {"model": "admin.logentry", "pk": 238, "fields": {"action_time": "2020-06-11T21:16:12.769Z", "user": 2, "content_type": 2, "object_id": "3", "object_repr": "Contact", "action_flag": 2, "change_message": "[{\"changed\": {\"fields\": [\"page_title\"]}}]"}}, {"model": "admin.logentry", "pk": 239, "fields": {"action_time": "2020-06-11T21:16:31.453Z", "user": 2, "content_type": 2, "object_id": "3", "object_repr": "Contact Us - Address, Phone, & Email | Bridge Hospice", "action_flag": 2, "change_message": ""}}, {"model": "admin.logentry", "pk": 240, "fields": {"action_time": "2020-06-11T21:19:34.664Z", "user": 2, "content_type": 2, "object_id": "11", "object_repr": "Social", "action_flag": 2, "change_message": "[{\"changed\": {\"fields\": [\"title\", \"menu_title\", \"page_title\", \"meta_description\"]}}]"}}, {"model": "admin.logentry", "pk": 241, "fields": {"action_time": "2020-06-11T21:19:57.226Z", "user": 2, "content_type": 2, "object_id": "11", "object_repr": "Social Media - Community Information | Bridge Hospice", "action_flag": 2, "change_message": ""}}, {"model": "admin.logentry", "pk": 242, "fields": {"action_time": "2020-06-11T21:23:06.368Z", "user": 2, "content_type": 2, "object_id": "25", "object_repr": "Volunteer", "action_flag": 2, "change_message": "[{\"changed\": {\"fields\": [\"title\", \"menu_title\", \"page_title\", \"meta_description\"]}}]"}}, {"model": "admin.logentry", "pk": 243, "fields": {"action_time": "2020-06-11T21:24:07.436Z", "user": 2, "content_type": 2, "object_id": "25", "object_repr": "Volunteer", "action_flag": 2, "change_message": "[{\"changed\": {\"fields\": [\"page_title\"]}}]"}}, {"model": "admin.logentry", "pk": 244, "fields": {"action_time": "2020-06-11T21:24:52.719Z", "user": 2, "content_type": 2, "object_id": "25", "object_repr": "Volunteer", "action_flag": 2, "change_message": "[{\"changed\": {\"fields\": [\"page_title\"]}}]"}}, {"model": "admin.logentry", "pk": 245, "fields": {"action_time": "2020-06-11T21:25:10.472Z", "user": 2, "content_type": 2, "object_id": "25", "object_repr": "Volunteer - Community Development | Bridge Hospice", "action_flag": 2, "change_message": ""}}, {"model": "admin.logentry", "pk": 246, "fields": {"action_time": "2020-06-11T21:30:07.070Z", "user": 2, "content_type": 2, "object_id": "7", "object_repr": "Valor", "action_flag": 2, "change_message": "[{\"changed\": {\"fields\": [\"title\", \"menu_title\", \"page_title\", \"meta_description\"]}}]"}}, {"model": "admin.logentry", "pk": 247, "fields": {"action_time": "2020-06-11T21:34:00.451Z", "user": 2, "content_type": 2, "object_id": "8", "object_repr": "Donation", "action_flag": 2, "change_message": "[{\"changed\": {\"fields\": [\"title\", \"menu_title\", \"page_title\", \"meta_description\"]}}]"}}, {"model": "admin.logentry", "pk": 248, "fields": {"action_time": "2020-06-11T21:34:13.809Z", "user": 2, "content_type": 2, "object_id": "5", "object_repr": "Development", "action_flag": 3, "change_message": ""}}, {"model": "admin.logentry", "pk": 249, "fields": {"action_time": "2020-06-11T21:34:29.071Z", "user": 2, "content_type": 2, "object_id": "7", "object_repr": "Valor - Military & Public Safety | Bridge Hospice", "action_flag": 2, "change_message": ""}}, {"model": "admin.logentry", "pk": 250, "fields": {"action_time": "2020-06-11T21:34:32.101Z", "user": 2, "content_type": 2, "object_id": "8", "object_repr": "Donations - Dave's Wish | Bridge Hospice", "action_flag": 2, "change_message": ""}}, {"model": "admin.logentry", "pk": 251, "fields": {"action_time": "2020-06-11T21:35:42.700Z", "user": 2, "content_type": 2, "object_id": "7", "object_repr": "Valor", "action_flag": 2, "change_message": "[{\"changed\": {\"fields\": [\"page_title\"]}}]"}}, {"model": "admin.logentry", "pk": 252, "fields": {"action_time": "2020-06-11T21:36:47.716Z", "user": 2, "content_type": 2, "object_id": "7", "object_repr": "Valor", "action_flag": 2, "change_message": "[{\"changed\": {\"fields\": [\"page_title\"]}}]"}}, {"model": "admin.logentry", "pk": 253, "fields": {"action_time": "2020-06-11T21:37:30.136Z", "user": 2, "content_type": 2, "object_id": "7", "object_repr": "Valor", "action_flag": 2, "change_message": "[{\"changed\": {\"fields\": [\"page_title\"]}}]"}}, {"model": "admin.logentry", "pk": 254, "fields": {"action_time": "2020-06-11T21:38:32.687Z", "user": 2, "content_type": 2, "object_id": "7", "object_repr": "Valor - Military & Public Safety | Bridge Hospice", "action_flag": 2, "change_message": ""}}, {"model": "admin.logentry", "pk": 255, "fields": {"action_time": "2020-06-11T21:42:12.700Z", "user": 2, "content_type": 66, "object_id": "10", "object_repr": "Carousel Script", "action_flag": 1, "change_message": "[{\"added\": {}}]"}}, {"model": "admin.logentry", "pk": 256, "fields": {"action_time": "2020-06-11T21:58:43.143Z", "user": 2, "content_type": 66, "object_id": "10", "object_repr": "Carousel Script", "action_flag": 2, "change_message": "[{\"changed\": {\"fields\": [\"html\"]}}]"}}, {"model": "admin.logentry", "pk": 257, "fields": {"action_time": "2020-06-11T22:00:23.424Z", "user": 2, "content_type": 66, "object_id": "10", "object_repr": "Carousel Script", "action_flag": 2, "change_message": "[{\"changed\": {\"fields\": [\"html\"]}}]"}}, {"model": "admin.logentry", "pk": 258, "fields": {"action_time": "2020-06-11T22:00:56.818Z", "user": 2, "content_type": 24, "object_id": "1852", "object_repr": "test", "action_flag": 3, "change_message": ""}}, {"model": "admin.logentry", "pk": 259, "fields": {"action_time": "2020-06-11T22:01:23.770Z", "user": 2, "content_type": 66, "object_id": "10", "object_repr": "Carousel Script", "action_flag": 2, "change_message": "[]"}}, {"model": "admin.logentry", "pk": 260, "fields": {"action_time": "2020-06-11T22:08:58.587Z", "user": 2, "content_type": 66, "object_id": "10", "object_repr": "Carousel Script", "action_flag": 2, "change_message": "[{\"changed\": {\"fields\": [\"html\"]}}]"}}, {"model": "admin.logentry", "pk": 261, "fields": {"action_time": "2020-06-11T22:13:01.063Z", "user": 2, "content_type": 66, "object_id": "10", "object_repr": "Carousel Script", "action_flag": 2, "change_message": "[{\"changed\": {\"fields\": [\"html\"]}}]"}}, {"model": "admin.logentry", "pk": 262, "fields": {"action_time": "2020-06-11T22:15:39.612Z", "user": 2, "content_type": 66, "object_id": "10", "object_repr": "Carousel Script", "action_flag": 2, "change_message": "[{\"changed\": {\"fields\": [\"html\"]}}]"}}, {"model": "admin.logentry", "pk": 263, "fields": {"action_time": "2020-06-11T22:30:17.416Z", "user": 2, "content_type": 66, "object_id": "10", "object_repr": "Carousel Script", "action_flag": 2, "change_message": "[{\"changed\": {\"fields\": [\"html\"]}}]"}}, {"model": "admin.logentry", "pk": 264, "fields": {"action_time": "2020-06-11T22:38:32.136Z", "user": 2, "content_type": 66, "object_id": "10", "object_repr": "Carousel Script", "action_flag": 2, "change_message": "[{\"changed\": {\"fields\": [\"html\"]}}]"}}, {"model": "admin.logentry", "pk": 265, "fields": {"action_time": "2020-06-11T22:39:14.480Z", "user": 2, "content_type": 66, "object_id": "10", "object_repr": "Carousel Script", "action_flag": 2, "change_message": "[{\"changed\": {\"fields\": [\"html\"]}}]"}}, {"model": "admin.logentry", "pk": 266, "fields": {"action_time": "2020-06-11T22:39:55.296Z", "user": 2, "content_type": 66, "object_id": "10", "object_repr": "Carousel Script", "action_flag": 2, "change_message": "[{\"changed\": {\"fields\": [\"html\"]}}]"}}, {"model": "admin.logentry", "pk": 267, "fields": {"action_time": "2020-06-11T22:46:30.557Z", "user": 2, "content_type": 66, "object_id": "10", "object_repr": "Carousel Script", "action_flag": 2, "change_message": "[{\"changed\": {\"fields\": [\"html\"]}}]"}}, {"model": "admin.logentry", "pk": 268, "fields": {"action_time": "2020-06-11T22:47:27.566Z", "user": 2, "content_type": 66, "object_id": "10", "object_repr": "Carousel Script", "action_flag": 2, "change_message": "[{\"changed\": {\"fields\": [\"html\"]}}]"}}, {"model": "admin.logentry", "pk": 269, "fields": {"action_time": "2020-06-11T22:50:31.791Z", "user": 2, "content_type": 66, "object_id": "10", "object_repr": "Carousel Script", "action_flag": 2, "change_message": "[{\"changed\": {\"fields\": [\"html\"]}}]"}}, {"model": "admin.logentry", "pk": 270, "fields": {"action_time": "2020-06-11T23:08:46.249Z", "user": 2, "content_type": 2, "object_id": "1", "object_repr": "Bridge Hospice: Uniting the Patient and Family", "action_flag": 2, "change_message": ""}}, {"model": "admin.logentry", "pk": 271, "fields": {"action_time": "2020-06-11T23:09:12.600Z", "user": 2, "content_type": 2, "object_id": "25", "object_repr": "Volunteer - Community Development | Bridge Hospice", "action_flag": 2, "change_message": ""}}, {"model": "admin.logentry", "pk": 272, "fields": {"action_time": "2020-06-12T17:57:22.142Z", "user": 2, "content_type": 30, "object_id": "11", "object_repr": "BridgeHospiceLogo.png", "action_flag": 3, "change_message": ""}}, {"model": "admin.logentry", "pk": 273, "fields": {"action_time": "2020-06-12T17:57:24.533Z", "user": 2, "content_type": 30, "object_id": "12", "object_repr": "BridgeHospiceLogo.png", "action_flag": 3, "change_message": ""}}, {"model": "admin.logentry", "pk": 274, "fields": {"action_time": "2020-06-12T17:58:35.698Z", "user": 2, "content_type": 30, "object_id": "13", "object_repr": "BridgeHospiceLogo.png", "action_flag": 2, "change_message": "[{\"changed\": {\"fields\": [\"subject_location\"]}}]"}}, {"model": "admin.logentry", "pk": 275, "fields": {"action_time": "2020-06-12T17:58:50.226Z", "user": 2, "content_type": 2, "object_id": "1", "object_repr": "Bridge Hospice: Uniting the Patient and Family", "action_flag": 2, "change_message": ""}}, {"model": "admin.logentry", "pk": 276, "fields": {"action_time": "2020-06-12T18:35:41.386Z", "user": 2, "content_type": 2, "object_id": "32", "object_repr": "test1", "action_flag": 1, "change_message": "[{\"added\": {}}]"}}, {"model": "admin.logentry", "pk": 277, "fields": {"action_time": "2020-06-12T19:12:10.736Z", "user": 2, "content_type": 30, "object_id": "11", "object_repr": "BridgeHospiceLogo.png", "action_flag": 3, "change_message": ""}}, {"model": "admin.logentry", "pk": 278, "fields": {"action_time": "2020-06-12T19:12:12.946Z", "user": 2, "content_type": 30, "object_id": "12", "object_repr": "BridgeHospiceLogo.png", "action_flag": 3, "change_message": ""}}, {"model": "admin.logentry", "pk": 279, "fields": {"action_time": "2020-06-12T19:13:32.723Z", "user": 2, "content_type": 2, "object_id": "1", "object_repr": "Bridge Hospice: Uniting the Patient and Family", "action_flag": 2, "change_message": ""}}, {"model": "admin.logentry", "pk": 280, "fields": {"action_time": "2020-06-12T19:22:45.612Z", "user": 2, "content_type": 2, "object_id": "32", "object_repr": "test1", "action_flag": 2, "change_message": ""}}, {"model": "admin.logentry", "pk": 281, "fields": {"action_time": "2020-06-12T20:30:41.199Z", "user": 2, "content_type": 2, "object_id": "34", "object_repr": "test2", "action_flag": 1, "change_message": "[{\"added\": {}}]"}}, {"model": "admin.logentry", "pk": 282, "fields": {"action_time": "2020-06-12T20:30:53.182Z", "user": 2, "content_type": 2, "object_id": "35", "object_repr": "test7", "action_flag": 1, "change_message": "[{\"added\": {}}]"}}, {"model": "admin.logentry", "pk": 283, "fields": {"action_time": "2020-06-12T21:30:00.137Z", "user": 2, "content_type": 2, "object_id": "32", "object_repr": "test1", "action_flag": 3, "change_message": ""}}, {"model": "admin.logentry", "pk": 284, "fields": {"action_time": "2020-06-12T21:30:29.897Z", "user": 2, "content_type": 2, "object_id": "34", "object_repr": "test2", "action_flag": 3, "change_message": ""}}, {"model": "admin.logentry", "pk": 285, "fields": {"action_time": "2020-06-12T21:40:21.166Z", "user": 2, "content_type": 2, "object_id": "22", "object_repr": "Application", "action_flag": 2, "change_message": "[{\"changed\": {\"fields\": [\"title\", \"slug\"]}}]"}}, {"model": "admin.logentry", "pk": 286, "fields": {"action_time": "2020-06-12T21:40:33.267Z", "user": 2, "content_type": 2, "object_id": "22", "object_repr": "Application", "action_flag": 2, "change_message": ""}}, {"model": "admin.logentry", "pk": 287, "fields": {"action_time": "2020-06-12T21:42:19.374Z", "user": 2, "content_type": 2, "object_id": "22", "object_repr": "Volunteer", "action_flag": 2, "change_message": "[{\"changed\": {\"fields\": [\"title\", \"slug\"]}}]"}}, {"model": "admin.logentry", "pk": 288, "fields": {"action_time": "2020-06-12T21:43:19.078Z", "user": 2, "content_type": 2, "object_id": "22", "object_repr": "Volunteer", "action_flag": 2, "change_message": ""}}, {"model": "admin.logentry", "pk": 289, "fields": {"action_time": "2020-06-12T21:46:34.769Z", "user": 2, "content_type": 2, "object_id": "7", "object_repr": "Valor - Military & Public Safety | Bridge Hospice", "action_flag": 2, "change_message": ""}}, {"model": "admin.logentry", "pk": 290, "fields": {"action_time": "2020-06-12T21:46:45.024Z", "user": 2, "content_type": 2, "object_id": "8", "object_repr": "Donations - Dave's Wish | Bridge Hospice", "action_flag": 2, "change_message": ""}}, {"model": "admin.logentry", "pk": 291, "fields": {"action_time": "2020-06-12T23:11:01.941Z", "user": 2, "content_type": 2, "object_id": "3", "object_repr": "Contact Us - Address, Phone, & Email | Bridge Hospice", "action_flag": 2, "change_message": ""}}, {"model": "admin.logentry", "pk": 292, "fields": {"action_time": "2020-06-12T23:27:48.917Z", "user": 2, "content_type": 66, "object_id": "11", "object_repr": "Hand Medical Normal", "action_flag": 1, "change_message": "[{\"added\": {}}]"}}, {"model": "admin.logentry", "pk": 293, "fields": {"action_time": "2020-06-12T23:45:57.685Z", "user": 2, "content_type": 2, "object_id": "1", "object_repr": "Bridge Hospice: Uniting the Patient and Family", "action_flag": 2, "change_message": ""}}, {"model": "admin.logentry", "pk": 294, "fields": {"action_time": "2020-06-12T23:46:02.660Z", "user": 2, "content_type": 2, "object_id": "25", "object_repr": "Volunteer - Community Development | Bridge Hospice", "action_flag": 2, "change_message": ""}}, {"model": "admin.logentry", "pk": 295, "fields": {"action_time": "2020-06-12T23:47:13.068Z", "user": 2, "content_type": 66, "object_id": "8", "object_repr": "twitter feed", "action_flag": 2, "change_message": "[{\"changed\": {\"fields\": [\"html\"]}}]"}}, {"model": "admin.logentry", "pk": 296, "fields": {"action_time": "2020-06-12T23:47:29.690Z", "user": 2, "content_type": 66, "object_id": "8", "object_repr": "twitter feed", "action_flag": 2, "change_message": "[{\"changed\": {\"fields\": [\"html\"]}}]"}}, {"model": "admin.logentry", "pk": 297, "fields": {"action_time": "2020-06-12T23:47:55.560Z", "user": 2, "content_type": 66, "object_id": "6", "object_repr": "Facebook Feed", "action_flag": 2, "change_message": "[{\"changed\": {\"fields\": [\"html\"]}}]"}}, {"model": "admin.logentry", "pk": 298, "fields": {"action_time": "2020-06-12T23:48:21.307Z", "user": 2, "content_type": 66, "object_id": "9", "object_repr": "instagram feed", "action_flag": 2, "change_message": "[{\"changed\": {\"fields\": [\"html\"]}}]"}}, {"model": "admin.logentry", "pk": 299, "fields": {"action_time": "2020-06-12T23:49:14.169Z", "user": 2, "content_type": 2, "object_id": "11", "object_repr": "Social Media - Community Information | Bridge Hospice", "action_flag": 2, "change_message": ""}}, {"model": "admin.logentry", "pk": 300, "fields": {"action_time": "2020-06-13T00:26:25.875Z", "user": 2, "content_type": 2, "object_id": "1", "object_repr": "Bridge Hospice: Uniting the Patient and Family", "action_flag": 2, "change_message": ""}}, {"model": "admin.logentry", "pk": 301, "fields": {"action_time": "2020-06-13T00:27:44.033Z", "user": 2, "content_type": 2, "object_id": "1", "object_repr": "Bridge Hospice: Uniting the Patient and Family", "action_flag": 2, "change_message": ""}}, {"model": "admin.logentry", "pk": 302, "fields": {"action_time": "2020-06-13T00:28:44.350Z", "user": 2, "content_type": 2, "object_id": "25", "object_repr": "Volunteer - Community Development | Bridge Hospice", "action_flag": 2, "change_message": ""}}, {"model": "admin.logentry", "pk": 303, "fields": {"action_time": "2020-06-13T00:29:04.086Z", "user": 2, "content_type": 2, "object_id": "3", "object_repr": "Contact Us - Address, Phone, & Email | Bridge Hospice", "action_flag": 2, "change_message": ""}}, {"model": "admin.logentry", "pk": 304, "fields": {"action_time": "2020-06-13T00:29:34.732Z", "user": 2, "content_type": 2, "object_id": "11", "object_repr": "Social Media - Community Information | Bridge Hospice", "action_flag": 2, "change_message": ""}}, {"model": "admin.logentry", "pk": 305, "fields": {"action_time": "2020-06-13T00:34:51.376Z", "user": 2, "content_type": 2, "object_id": "1", "object_repr": "Bridge Hospice: Uniting the Patient and Family", "action_flag": 2, "change_message": "The en page \"Home\" was successfully unpublished"}}, {"model": "admin.logentry", "pk": 306, "fields": {"action_time": "2020-06-13T00:34:57.007Z", "user": 2, "content_type": 2, "object_id": "1", "object_repr": "Bridge Hospice: Uniting the Patient and Family", "action_flag": 2, "change_message": ""}}, {"model": "admin.logentry", "pk": 307, "fields": {"action_time": "2020-06-13T00:36:22.010Z", "user": 2, "content_type": 2, "object_id": "3", "object_repr": "Contact Us - Address, Phone, & Email | Bridge Hospice", "action_flag": 2, "change_message": "The en page \"Contact\" was successfully unpublished"}}, {"model": "admin.logentry", "pk": 308, "fields": {"action_time": "2020-06-13T00:36:33.883Z", "user": 2, "content_type": 2, "object_id": "25", "object_repr": "Volunteer - Community Development | Bridge Hospice", "action_flag": 2, "change_message": "The en page \"Volunteer\" was successfully unpublished"}}, {"model": "admin.logentry", "pk": 309, "fields": {"action_time": "2020-06-13T00:36:36.310Z", "user": 2, "content_type": 2, "object_id": "11", "object_repr": "Social Media - Community Information | Bridge Hospice", "action_flag": 2, "change_message": "The en page \"Social\" was successfully unpublished"}}, {"model": "admin.logentry", "pk": 310, "fields": {"action_time": "2020-06-13T00:36:38.859Z", "user": 2, "content_type": 2, "object_id": "8", "object_repr": "Donations - Dave's Wish | Bridge Hospice", "action_flag": 2, "change_message": "The en page \"Donation\" was successfully unpublished"}}, {"model": "admin.logentry", "pk": 311, "fields": {"action_time": "2020-06-13T00:36:41.851Z", "user": 2, "content_type": 2, "object_id": "7", "object_repr": "Valor - Military & Public Safety | Bridge Hospice", "action_flag": 2, "change_message": "The en page \"Valor\" was successfully unpublished"}}, {"model": "admin.logentry", "pk": 312, "fields": {"action_time": "2020-06-13T00:36:44.150Z", "user": 2, "content_type": 2, "object_id": "21", "object_repr": "Forms", "action_flag": 2, "change_message": "The en page \"Forms\" was successfully unpublished"}}, {"model": "admin.logentry", "pk": 313, "fields": {"action_time": "2020-06-13T00:36:51.914Z", "user": 2, "content_type": 2, "object_id": "3", "object_repr": "Contact Us - Address, Phone, & Email | Bridge Hospice", "action_flag": 2, "change_message": ""}}, {"model": "admin.logentry", "pk": 314, "fields": {"action_time": "2020-06-13T00:36:54.380Z", "user": 2, "content_type": 2, "object_id": "25", "object_repr": "Volunteer - Community Development | Bridge Hospice", "action_flag": 2, "change_message": ""}}, {"model": "admin.logentry", "pk": 315, "fields": {"action_time": "2020-06-13T00:36:56.896Z", "user": 2, "content_type": 2, "object_id": "11", "object_repr": "Social Media - Community Information | Bridge Hospice", "action_flag": 2, "change_message": ""}}, {"model": "admin.logentry", "pk": 316, "fields": {"action_time": "2020-06-13T00:36:59.268Z", "user": 2, "content_type": 2, "object_id": "8", "object_repr": "Donations - Dave's Wish | Bridge Hospice", "action_flag": 2, "change_message": ""}}, {"model": "admin.logentry", "pk": 317, "fields": {"action_time": "2020-06-13T00:37:01.529Z", "user": 2, "content_type": 2, "object_id": "7", "object_repr": "Valor - Military & Public Safety | Bridge Hospice", "action_flag": 2, "change_message": ""}}, {"model": "admin.logentry", "pk": 318, "fields": {"action_time": "2020-06-13T00:37:03.746Z", "user": 2, "content_type": 2, "object_id": "21", "object_repr": "Forms", "action_flag": 2, "change_message": ""}}, {"model": "admin.logentry", "pk": 319, "fields": {"action_time": "2020-06-13T00:38:54.080Z", "user": 2, "content_type": 2, "object_id": "1", "object_repr": "Bridge Hospice: Uniting the Patient and Family", "action_flag": 2, "change_message": "The en page \"Home\" was successfully unpublished"}}, {"model": "admin.logentry", "pk": 320, "fields": {"action_time": "2020-06-13T00:38:57.461Z", "user": 2, "content_type": 2, "object_id": "1", "object_repr": "Bridge Hospice: Uniting the Patient and Family", "action_flag": 2, "change_message": ""}}, {"model": "admin.logentry", "pk": 321, "fields": {"action_time": "2020-06-13T00:39:35.718Z", "user": 2, "content_type": 2, "object_id": "1", "object_repr": "Bridge Hospice: Uniting the Patient and Family", "action_flag": 2, "change_message": ""}}, {"model": "admin.logentry", "pk": 322, "fields": {"action_time": "2020-06-13T00:41:07.865Z", "user": 2, "content_type": 2, "object_id": "1", "object_repr": "Bridge Hospice: Uniting the Patient and Family", "action_flag": 2, "change_message": ""}}, {"model": "admin.logentry", "pk": 323, "fields": {"action_time": "2020-06-13T01:42:44.487Z", "user": 2, "content_type": 2, "object_id": "25", "object_repr": "Volunteer", "action_flag": 2, "change_message": "[{\"changed\": {\"fields\": [\"page_title\"]}}]"}}, {"model": "admin.logentry", "pk": 324, "fields": {"action_time": "2020-06-13T01:42:50.421Z", "user": 2, "content_type": 2, "object_id": "25", "object_repr": "Volunteer - Community Development | Bridge Hospice", "action_flag": 2, "change_message": ""}}, {"model": "admin.logentry", "pk": 325, "fields": {"action_time": "2020-06-13T01:59:39.098Z", "user": 2, "content_type": 2, "object_id": "1", "object_repr": "Bridge Hospice: Uniting the Patient and Family", "action_flag": 2, "change_message": ""}}, {"model": "admin.logentry", "pk": 326, "fields": {"action_time": "2020-06-13T03:24:48.541Z", "user": 2, "content_type": 2, "object_id": "1", "object_repr": "Bridge Hospice: Uniting the Patient and Family", "action_flag": 2, "change_message": ""}}, {"model": "admin.logentry", "pk": 327, "fields": {"action_time": "2020-06-13T03:28:14.417Z", "user": 2, "content_type": 2, "object_id": "1", "object_repr": "Bridge Hospice: Uniting the Patient and Family", "action_flag": 2, "change_message": ""}}, {"model": "admin.logentry", "pk": 328, "fields": {"action_time": "2020-06-13T03:53:43.626Z", "user": 2, "content_type": 2, "object_id": "32", "object_repr": "Site Map", "action_flag": 1, "change_message": "[{\"added\": {}}]"}}, {"model": "admin.logentry", "pk": 329, "fields": {"action_time": "2020-06-13T03:54:13.286Z", "user": 2, "content_type": 2, "object_id": "32", "object_repr": "Site Map", "action_flag": 2, "change_message": "[{\"changed\": {\"fields\": [\"slug\"]}}]"}}, {"model": "admin.logentry", "pk": 330, "fields": {"action_time": "2020-06-13T03:54:30.357Z", "user": 2, "content_type": 2, "object_id": "32", "object_repr": "Site Map", "action_flag": 2, "change_message": "[{\"changed\": {\"fields\": [\"slug\"]}}]"}}, {"model": "admin.logentry", "pk": 331, "fields": {"action_time": "2020-06-13T03:55:03.980Z", "user": 2, "content_type": 2, "object_id": "32", "object_repr": "Site Map", "action_flag": 3, "change_message": ""}}, {"model": "admin.logentry", "pk": 332, "fields": {"action_time": "2020-06-13T04:35:06.177Z", "user": 2, "content_type": 2, "object_id": "1", "object_repr": "Bridge Hospice: Uniting the Patient and Family", "action_flag": 2, "change_message": ""}}, {"model": "admin.logentry", "pk": 333, "fields": {"action_time": "2020-06-17T02:49:26.878Z", "user": 2, "content_type": 2, "object_id": "32", "object_repr": "Signup", "action_flag": 1, "change_message": "[{\"added\": {}}]"}}, {"model": "admin.logentry", "pk": 334, "fields": {"action_time": "2020-06-17T02:50:13.995Z", "user": 2, "content_type": 2, "object_id": "21", "object_repr": "Forms", "action_flag": 2, "change_message": "[{\"changed\": {\"fields\": [\"application_urls\", \"application_namespace\", \"xframe_options\"]}}]"}}, {"model": "admin.logentry", "pk": 335, "fields": {"action_time": "2020-06-17T02:50:18.918Z", "user": 2, "content_type": 2, "object_id": "21", "object_repr": "Forms", "action_flag": 2, "change_message": ""}}, {"model": "admin.logentry", "pk": 336, "fields": {"action_time": "2020-06-17T02:52:00.345Z", "user": 2, "content_type": 2, "object_id": "33", "object_repr": "Dashboard", "action_flag": 1, "change_message": "[{\"added\": {}}]"}}, {"model": "admin.logentry", "pk": 337, "fields": {"action_time": "2020-06-17T02:52:08.596Z", "user": 2, "content_type": 2, "object_id": "33", "object_repr": "Dashboard", "action_flag": 2, "change_message": "[{\"changed\": {\"fields\": [\"application_urls\", \"application_namespace\", \"xframe_options\"]}}]"}}, {"model": "admin.logentry", "pk": 338, "fields": {"action_time": "2020-06-17T02:52:14.190Z", "user": 2, "content_type": 2, "object_id": "33", "object_repr": "Dashboard", "action_flag": 2, "change_message": ""}}, {"model": "admin.logentry", "pk": 339, "fields": {"action_time": "2020-06-17T02:52:19.665Z", "user": 2, "content_type": 2, "object_id": "32", "object_repr": "Signup", "action_flag": 2, "change_message": ""}}, {"model": "admin.logentry", "pk": 340, "fields": {"action_time": "2020-06-17T02:53:40.717Z", "user": 2, "content_type": 2, "object_id": "33", "object_repr": "Dashboard", "action_flag": 2, "change_message": ""}}, {"model": "admin.logentry", "pk": 341, "fields": {"action_time": "2020-06-17T02:56:25.872Z", "user": 2, "content_type": 2, "object_id": "21", "object_repr": "Forms", "action_flag": 3, "change_message": ""}}, {"model": "admin.logentry", "pk": 342, "fields": {"action_time": "2020-06-17T02:56:43.400Z", "user": 2, "content_type": 2, "object_id": "36", "object_repr": "Forms", "action_flag": 1, "change_message": "[{\"added\": {}}]"}}, {"model": "admin.logentry", "pk": 343, "fields": {"action_time": "2020-06-17T02:56:51.224Z", "user": 2, "content_type": 2, "object_id": "36", "object_repr": "Forms", "action_flag": 2, "change_message": "[{\"changed\": {\"fields\": [\"application_urls\", \"application_namespace\", \"xframe_options\"]}}]"}}, {"model": "admin.logentry", "pk": 344, "fields": {"action_time": "2020-06-17T02:57:06.233Z", "user": 2, "content_type": 2, "object_id": "37", "object_repr": "Volunteer", "action_flag": 1, "change_message": "[{\"added\": {}}]"}}, {"model": "admin.logentry", "pk": 345, "fields": {"action_time": "2020-06-17T02:57:14.164Z", "user": 2, "content_type": 2, "object_id": "38", "object_repr": "Singup", "action_flag": 1, "change_message": "[{\"added\": {}}]"}}, {"model": "admin.logentry", "pk": 346, "fields": {"action_time": "2020-06-17T02:57:19.063Z", "user": 2, "content_type": 2, "object_id": "36", "object_repr": "Forms", "action_flag": 2, "change_message": ""}}, {"model": "admin.logentry", "pk": 347, "fields": {"action_time": "2020-06-17T02:57:38.894Z", "user": 2, "content_type": 2, "object_id": "37", "object_repr": "Volunteer", "action_flag": 2, "change_message": ""}}, {"model": "admin.logentry", "pk": 348, "fields": {"action_time": "2020-06-17T02:57:43.398Z", "user": 2, "content_type": 2, "object_id": "38", "object_repr": "Singup", "action_flag": 2, "change_message": ""}}, {"model": "admin.logentry", "pk": 349, "fields": {"action_time": "2020-06-17T02:58:08.894Z", "user": 2, "content_type": 2, "object_id": "38", "object_repr": "Signup", "action_flag": 2, "change_message": "[{\"changed\": {\"fields\": [\"title\", \"slug\"]}}]"}}, {"model": "admin.logentry", "pk": 350, "fields": {"action_time": "2020-06-17T02:58:12.062Z", "user": 2, "content_type": 2, "object_id": "38", "object_repr": "Signup", "action_flag": 2, "change_message": ""}}, {"model": "admin.logentry", "pk": 351, "fields": {"action_time": "2020-06-17T03:13:38.952Z", "user": 2, "content_type": 2, "object_id": "21", "object_repr": "Forms", "action_flag": 3, "change_message": ""}}, {"model": "admin.logentry", "pk": 352, "fields": {"action_time": "2020-06-17T03:14:03.633Z", "user": 2, "content_type": 2, "object_id": "42", "object_repr": "Logout", "action_flag": 1, "change_message": "[{\"added\": {}}]"}}, {"model": "admin.logentry", "pk": 353, "fields": {"action_time": "2020-06-17T03:14:08.877Z", "user": 2, "content_type": 2, "object_id": "42", "object_repr": "Logout", "action_flag": 2, "change_message": ""}}, {"model": "admin.logentry", "pk": 354, "fields": {"action_time": "2020-06-17T03:14:34.424Z", "user": 2, "content_type": 2, "object_id": "42", "object_repr": "Logout", "action_flag": 2, "change_message": ""}}, {"model": "admin.logentry", "pk": 355, "fields": {"action_time": "2020-06-17T03:41:23.681Z", "user": 2, "content_type": 2, "object_id": "21", "object_repr": "Forms", "action_flag": 3, "change_message": ""}}, {"model": "admin.logentry", "pk": 356, "fields": {"action_time": "2020-06-17T03:41:30.902Z", "user": 2, "content_type": 2, "object_id": "42", "object_repr": "Logout", "action_flag": 3, "change_message": ""}}, {"model": "admin.logentry", "pk": 357, "fields": {"action_time": "2020-06-17T05:31:34.386Z", "user": 2, "content_type": 2, "object_id": "1", "object_repr": "Bridge Hospice: Uniting the Patient and Family", "action_flag": 2, "change_message": ""}}, {"model": "admin.logentry", "pk": 358, "fields": {"action_time": "2020-06-17T05:37:07.584Z", "user": 2, "content_type": 2, "object_id": "1", "object_repr": "Bridge Hospice: Uniting the Patient and Family", "action_flag": 2, "change_message": ""}}, {"model": "admin.logentry", "pk": 359, "fields": {"action_time": "2020-06-17T05:40:42.912Z", "user": 2, "content_type": 2, "object_id": "33", "object_repr": "Dashboard", "action_flag": 2, "change_message": "The en page \"Dashboard\" was successfully unpublished"}}, {"model": "admin.logentry", "pk": 360, "fields": {"action_time": "2020-06-17T05:40:51.100Z", "user": 2, "content_type": 2, "object_id": "38", "object_repr": "Signup", "action_flag": 2, "change_message": "The en page \"Signup\" was successfully unpublished"}}, {"model": "admin.logentry", "pk": 361, "fields": {"action_time": "2020-06-17T05:41:04.251Z", "user": 2, "content_type": 2, "object_id": "8", "object_repr": "Donations - Dave's Wish | Bridge Hospice", "action_flag": 2, "change_message": ""}}, {"model": "admin.logentry", "pk": 362, "fields": {"action_time": "2020-06-17T05:41:06.613Z", "user": 2, "content_type": 2, "object_id": "7", "object_repr": "Valor - Military & Public Safety | Bridge Hospice", "action_flag": 2, "change_message": ""}}, {"model": "admin.logentry", "pk": 363, "fields": {"action_time": "2020-06-17T06:39:06.045Z", "user": 2, "content_type": 4, "object_id": "1", "object_repr": "Volunteer Coordinator", "action_flag": 3, "change_message": ""}}, {"model": "admin.logentry", "pk": 364, "fields": {"action_time": "2020-06-17T06:41:00.908Z", "user": 2, "content_type": 5, "object_id": "4", "object_repr": "brooke.zavala", "action_flag": 3, "change_message": ""}}, {"model": "admin.logentry", "pk": 365, "fields": {"action_time": "2020-06-17T06:41:00.909Z", "user": 2, "content_type": 5, "object_id": "3", "object_repr": "kasey_cox", "action_flag": 3, "change_message": ""}}, {"model": "admin.logentry", "pk": 366, "fields": {"action_time": "2020-06-17T06:41:00.910Z", "user": 2, "content_type": 5, "object_id": "5", "object_repr": "mail66@mail.com", "action_flag": 3, "change_message": ""}}, {"model": "admin.logentry", "pk": 367, "fields": {"action_time": "2020-06-17T06:41:19.695Z", "user": 2, "content_type": 76, "object_id": "1", "object_repr": "Nicholas Jones", "action_flag": 3, "change_message": ""}}, {"model": "admin.logentry", "pk": 368, "fields": {"action_time": "2020-06-28T19:22:32.645Z", "user": 2, "content_type": 2, "object_id": "36", "object_repr": "Forms", "action_flag": 2, "change_message": "[{\"changed\": {\"fields\": [\"xframe_options\"]}}]"}}, {"model": "admin.logentry", "pk": 369, "fields": {"action_time": "2020-06-30T13:48:25.195Z", "user": 2, "content_type": 2, "object_id": "36", "object_repr": "Forms", "action_flag": 2, "change_message": ""}}, {"model": "admin.logentry", "pk": 370, "fields": {"action_time": "2020-06-30T13:49:48.411Z", "user": 2, "content_type": 2, "object_id": "36", "object_repr": "Forms", "action_flag": 2, "change_message": "The en page \"Forms\" was successfully unpublished"}}, {"model": "admin.logentry", "pk": 371, "fields": {"action_time": "2020-06-30T13:49:54.324Z", "user": 2, "content_type": 2, "object_id": "36", "object_repr": "Forms", "action_flag": 2, "change_message": ""}}, {"model": "admin.logentry", "pk": 372, "fields": {"action_time": "2020-06-30T13:50:32.106Z", "user": 2, "content_type": 2, "object_id": "25", "object_repr": "Volunteer - Community Development | Bridge Hospice", "action_flag": 2, "change_message": ""}}, {"model": "admin.logentry", "pk": 373, "fields": {"action_time": "2020-07-08T16:10:46.093Z", "user": 2, "content_type": 2, "object_id": "3", "object_repr": "Contact Us - Address, Phone, & Email | Bridge Hospice", "action_flag": 2, "change_message": ""}}, {"model": "admin.logentry", "pk": 374, "fields": {"action_time": "2020-07-08T16:18:04.792Z", "user": 2, "content_type": 2, "object_id": "3", "object_repr": "Contact Us - Address, Phone, & Email | Bridge Hospice", "action_flag": 2, "change_message": "The en page \"Contact\" was successfully unpublished"}}, {"model": "admin.logentry", "pk": 375, "fields": {"action_time": "2020-07-08T16:18:08.671Z", "user": 2, "content_type": 2, "object_id": "25", "object_repr": "Volunteer - Community Development | Bridge Hospice", "action_flag": 2, "change_message": "The en page \"Volunteer\" was successfully unpublished"}}, {"model": "admin.logentry", "pk": 376, "fields": {"action_time": "2020-07-08T16:18:12.316Z", "user": 2, "content_type": 2, "object_id": "11", "object_repr": "Social Media - Community Information | Bridge Hospice", "action_flag": 2, "change_message": "The en page \"Social\" was successfully unpublished"}}, {"model": "admin.logentry", "pk": 377, "fields": {"action_time": "2020-07-08T16:18:16.715Z", "user": 2, "content_type": 2, "object_id": "8", "object_repr": "Donations - Dave's Wish | Bridge Hospice", "action_flag": 2, "change_message": "The en page \"Donation\" was successfully unpublished"}}, {"model": "admin.logentry", "pk": 378, "fields": {"action_time": "2020-07-08T16:18:20.816Z", "user": 2, "content_type": 2, "object_id": "7", "object_repr": "Valor - Military & Public Safety | Bridge Hospice", "action_flag": 2, "change_message": "The en page \"Valor\" was successfully unpublished"}}, {"model": "admin.logentry", "pk": 379, "fields": {"action_time": "2020-07-08T16:18:26.172Z", "user": 2, "content_type": 2, "object_id": "3", "object_repr": "Contact Us - Address, Phone, & Email | Bridge Hospice", "action_flag": 2, "change_message": ""}}, {"model": "admin.logentry", "pk": 380, "fields": {"action_time": "2020-07-08T16:18:30.436Z", "user": 2, "content_type": 2, "object_id": "25", "object_repr": "Volunteer - Community Development | Bridge Hospice", "action_flag": 2, "change_message": ""}}, {"model": "admin.logentry", "pk": 381, "fields": {"action_time": "2020-07-08T16:18:33.918Z", "user": 2, "content_type": 2, "object_id": "11", "object_repr": "Social Media - Community Information | Bridge Hospice", "action_flag": 2, "change_message": ""}}, {"model": "admin.logentry", "pk": 382, "fields": {"action_time": "2020-07-08T16:18:37.782Z", "user": 2, "content_type": 2, "object_id": "8", "object_repr": "Donations - Dave's Wish | Bridge Hospice", "action_flag": 2, "change_message": ""}}, {"model": "admin.logentry", "pk": 383, "fields": {"action_time": "2020-07-08T16:18:41.889Z", "user": 2, "content_type": 2, "object_id": "7", "object_repr": "Valor - Military & Public Safety | Bridge Hospice", "action_flag": 2, "change_message": ""}}, {"model": "admin.logentry", "pk": 384, "fields": {"action_time": "2020-07-08T16:20:12.603Z", "user": 2, "content_type": 2, "object_id": "37", "object_repr": "Volunteer", "action_flag": 2, "change_message": "The en page \"Volunteer\" was successfully unpublished"}}, {"model": "admin.logentry", "pk": 385, "fields": {"action_time": "2020-07-08T16:20:17.368Z", "user": 2, "content_type": 2, "object_id": "37", "object_repr": "Volunteer", "action_flag": 2, "change_message": ""}}, {"model": "admin.logentry", "pk": 386, "fields": {"action_time": "2020-07-08T16:21:19.714Z", "user": 2, "content_type": 2, "object_id": "1", "object_repr": "Home", "action_flag": 2, "change_message": "[{\"changed\": {\"fields\": [\"meta_description\"]}}]"}}, {"model": "admin.logentry", "pk": 387, "fields": {"action_time": "2020-07-08T16:21:33.419Z", "user": 2, "content_type": 2, "object_id": "3", "object_repr": "Contact", "action_flag": 2, "change_message": "[{\"changed\": {\"fields\": [\"meta_description\"]}}]"}}, {"model": "admin.logentry", "pk": 388, "fields": {"action_time": "2020-07-08T16:21:53.304Z", "user": 2, "content_type": 2, "object_id": "25", "object_repr": "Volunteer", "action_flag": 2, "change_message": "[{\"changed\": {\"fields\": [\"meta_description\"]}}]"}}, {"model": "admin.logentry", "pk": 389, "fields": {"action_time": "2020-07-08T16:23:00.601Z", "user": 2, "content_type": 2, "object_id": "25", "object_repr": "Volunteer", "action_flag": 2, "change_message": "[{\"changed\": {\"fields\": [\"meta_description\"]}}]"}}, {"model": "admin.logentry", "pk": 390, "fields": {"action_time": "2020-07-08T16:23:10.587Z", "user": 2, "content_type": 2, "object_id": "25", "object_repr": "Volunteer", "action_flag": 2, "change_message": "[{\"changed\": {\"fields\": [\"title\"]}}]"}}, {"model": "admin.logentry", "pk": 391, "fields": {"action_time": "2020-07-08T16:23:21.471Z", "user": 2, "content_type": 2, "object_id": "3", "object_repr": "Contact", "action_flag": 2, "change_message": "[{\"changed\": {\"fields\": [\"title\"]}}]"}}, {"model": "admin.logentry", "pk": 392, "fields": {"action_time": "2020-07-08T16:23:32.075Z", "user": 2, "content_type": 2, "object_id": "1", "object_repr": "Home", "action_flag": 2, "change_message": "[{\"changed\": {\"fields\": [\"title\"]}}]"}}, {"model": "admin.logentry", "pk": 393, "fields": {"action_time": "2020-07-08T16:23:42.215Z", "user": 2, "content_type": 2, "object_id": "11", "object_repr": "Social", "action_flag": 2, "change_message": "[{\"changed\": {\"fields\": [\"title\"]}}]"}}, {"model": "admin.logentry", "pk": 394, "fields": {"action_time": "2020-07-08T16:23:49.573Z", "user": 2, "content_type": 2, "object_id": "8", "object_repr": "Donation", "action_flag": 2, "change_message": "[{\"changed\": {\"fields\": [\"title\"]}}]"}}, {"model": "admin.logentry", "pk": 395, "fields": {"action_time": "2020-07-08T16:23:57.791Z", "user": 2, "content_type": 2, "object_id": "7", "object_repr": "Valor", "action_flag": 2, "change_message": "[{\"changed\": {\"fields\": [\"title\"]}}]"}}, {"model": "admin.logentry", "pk": 396, "fields": {"action_time": "2020-07-08T16:24:19.054Z", "user": 2, "content_type": 2, "object_id": "1", "object_repr": "BRIDGE Hospice: Uniting the Patient and Family", "action_flag": 2, "change_message": ""}}, {"model": "admin.logentry", "pk": 397, "fields": {"action_time": "2020-07-08T16:24:21.737Z", "user": 2, "content_type": 2, "object_id": "3", "object_repr": "Contact Us - Address, Phone, & Email | BRIDGE Hospice", "action_flag": 2, "change_message": ""}}, {"model": "admin.logentry", "pk": 398, "fields": {"action_time": "2020-07-08T16:24:24.522Z", "user": 2, "content_type": 2, "object_id": "25", "object_repr": "Volunteer - Community Development | BRIDGE Hospice", "action_flag": 2, "change_message": ""}}, {"model": "admin.logentry", "pk": 399, "fields": {"action_time": "2020-07-08T16:24:26.933Z", "user": 2, "content_type": 2, "object_id": "11", "object_repr": "Social Media - Community Information | BRIDGE Hospice", "action_flag": 2, "change_message": ""}}, {"model": "admin.logentry", "pk": 400, "fields": {"action_time": "2020-07-08T16:24:29.348Z", "user": 2, "content_type": 2, "object_id": "8", "object_repr": "Donations - Dave's Wish | BRIDGE Hospice", "action_flag": 2, "change_message": ""}}, {"model": "admin.logentry", "pk": 401, "fields": {"action_time": "2020-07-08T16:24:31.984Z", "user": 2, "content_type": 2, "object_id": "7", "object_repr": "Valor - Military & Public Safety | BRIDGE Hospice", "action_flag": 2, "change_message": ""}}, {"model": "admin.logentry", "pk": 402, "fields": {"action_time": "2020-07-08T16:25:56.760Z", "user": 2, "content_type": 2, "object_id": "3", "object_repr": "Contact Us - Address, Phone, & Email | BRIDGE Hospice", "action_flag": 2, "change_message": ""}}, {"model": "admin.logentry", "pk": 403, "fields": {"action_time": "2020-07-08T16:26:37.465Z", "user": 2, "content_type": 2, "object_id": "3", "object_repr": "Contact Us - Address, Phone, & Email | BRIDGE Hospice", "action_flag": 2, "change_message": ""}}, {"model": "admin.logentry", "pk": 404, "fields": {"action_time": "2020-07-08T16:28:40.390Z", "user": 2, "content_type": 2, "object_id": "1", "object_repr": "Bridge Hospice: Uniting the Patient and Family", "action_flag": 2, "change_message": "The en page \"Home\" was successfully unpublished"}}, {"model": "admin.logentry", "pk": 405, "fields": {"action_time": "2020-07-08T16:28:43.077Z", "user": 2, "content_type": 2, "object_id": "3", "object_repr": "Contact Us - Address, Phone, & Email | Bridge Hospice", "action_flag": 2, "change_message": "The en page \"Contact\" was successfully unpublished"}}, {"model": "admin.logentry", "pk": 406, "fields": {"action_time": "2020-07-08T16:28:47.006Z", "user": 2, "content_type": 2, "object_id": "25", "object_repr": "Volunteer - Community Development | Bridge Hospice", "action_flag": 2, "change_message": "The en page \"Volunteer\" was successfully unpublished"}}, {"model": "admin.logentry", "pk": 407, "fields": {"action_time": "2020-07-08T16:28:49.198Z", "user": 2, "content_type": 2, "object_id": "11", "object_repr": "Social Media - Community Information | Bridge Hospice", "action_flag": 2, "change_message": "The en page \"Social\" was successfully unpublished"}}, {"model": "admin.logentry", "pk": 408, "fields": {"action_time": "2020-07-08T16:28:51.735Z", "user": 2, "content_type": 2, "object_id": "8", "object_repr": "Donations - Dave's Wish | Bridge Hospice", "action_flag": 2, "change_message": "The en page \"Donation\" was successfully unpublished"}}, {"model": "admin.logentry", "pk": 409, "fields": {"action_time": "2020-07-08T16:28:54.183Z", "user": 2, "content_type": 2, "object_id": "7", "object_repr": "Valor - Military & Public Safety | Bridge Hospice", "action_flag": 2, "change_message": "The en page \"Valor\" was successfully unpublished"}}, {"model": "admin.logentry", "pk": 410, "fields": {"action_time": "2020-07-08T16:28:57.691Z", "user": 2, "content_type": 2, "object_id": "1", "object_repr": "Bridge Hospice: Uniting the Patient and Family", "action_flag": 2, "change_message": ""}}, {"model": "admin.logentry", "pk": 411, "fields": {"action_time": "2020-07-08T16:29:00.150Z", "user": 2, "content_type": 2, "object_id": "3", "object_repr": "Contact Us - Address, Phone, & Email | Bridge Hospice", "action_flag": 2, "change_message": ""}}, {"model": "admin.logentry", "pk": 412, "fields": {"action_time": "2020-07-08T16:29:02.753Z", "user": 2, "content_type": 2, "object_id": "25", "object_repr": "Volunteer - Community Development | Bridge Hospice", "action_flag": 2, "change_message": ""}}, {"model": "admin.logentry", "pk": 413, "fields": {"action_time": "2020-07-08T16:29:05.140Z", "user": 2, "content_type": 2, "object_id": "11", "object_repr": "Social Media - Community Information | Bridge Hospice", "action_flag": 2, "change_message": ""}}, {"model": "admin.logentry", "pk": 414, "fields": {"action_time": "2020-07-08T16:29:07.205Z", "user": 2, "content_type": 2, "object_id": "8", "object_repr": "Donations - Dave's Wish | Bridge Hospice", "action_flag": 2, "change_message": ""}}, {"model": "admin.logentry", "pk": 415, "fields": {"action_time": "2020-07-08T16:29:09.698Z", "user": 2, "content_type": 2, "object_id": "7", "object_repr": "Valor - Military & Public Safety | Bridge Hospice", "action_flag": 2, "change_message": ""}}, {"model": "admin.logentry", "pk": 416, "fields": {"action_time": "2020-07-08T16:31:20.917Z", "user": 2, "content_type": 2, "object_id": "3", "object_repr": "Contact Us - Address, Phone, & Email | Bridge Hospice", "action_flag": 2, "change_message": ""}}, {"model": "admin.logentry", "pk": 417, "fields": {"action_time": "2020-07-08T16:31:57.122Z", "user": 2, "content_type": 2, "object_id": "25", "object_repr": "Volunteer - Community Development | Bridge Hospice", "action_flag": 2, "change_message": ""}}, {"model": "admin.logentry", "pk": 418, "fields": {"action_time": "2020-07-08T16:32:23.538Z", "user": 2, "content_type": 2, "object_id": "1", "object_repr": "Home", "action_flag": 2, "change_message": "[{\"changed\": {\"fields\": [\"title\", \"meta_description\"]}}]"}}, {"model": "admin.logentry", "pk": 419, "fields": {"action_time": "2020-07-08T16:32:31.704Z", "user": 2, "content_type": 2, "object_id": "3", "object_repr": "Contact", "action_flag": 2, "change_message": "[{\"changed\": {\"fields\": [\"title\", \"meta_description\"]}}]"}}, {"model": "admin.logentry", "pk": 420, "fields": {"action_time": "2020-07-08T16:32:36.800Z", "user": 2, "content_type": 2, "object_id": "25", "object_repr": "Volunteer", "action_flag": 2, "change_message": "[{\"changed\": {\"fields\": [\"title\"]}}]"}}, {"model": "admin.logentry", "pk": 421, "fields": {"action_time": "2020-07-08T16:32:42.163Z", "user": 2, "content_type": 2, "object_id": "11", "object_repr": "Social", "action_flag": 2, "change_message": "[{\"changed\": {\"fields\": [\"title\"]}}]"}}, {"model": "admin.logentry", "pk": 422, "fields": {"action_time": "2020-07-08T16:32:52.063Z", "user": 2, "content_type": 2, "object_id": "8", "object_repr": "Donation", "action_flag": 2, "change_message": "[{\"changed\": {\"fields\": [\"title\"]}}]"}}, {"model": "admin.logentry", "pk": 423, "fields": {"action_time": "2020-07-08T16:32:57.396Z", "user": 2, "content_type": 2, "object_id": "7", "object_repr": "Valor", "action_flag": 2, "change_message": "[{\"changed\": {\"fields\": [\"title\"]}}]"}}, {"model": "admin.logentry", "pk": 424, "fields": {"action_time": "2020-07-08T16:33:11.700Z", "user": 2, "content_type": 2, "object_id": "1", "object_repr": "BRIDGE Hospice: Uniting the Patient and Family", "action_flag": 2, "change_message": ""}}, {"model": "admin.logentry", "pk": 425, "fields": {"action_time": "2020-07-08T16:33:14.362Z", "user": 2, "content_type": 2, "object_id": "3", "object_repr": "Contact Us - Address, Phone, & Email | BRIDGE  Hospice", "action_flag": 2, "change_message": ""}}, {"model": "admin.logentry", "pk": 426, "fields": {"action_time": "2020-07-08T16:33:16.618Z", "user": 2, "content_type": 2, "object_id": "25", "object_repr": "Volunteer - Community Development | BRIDGE Hospice", "action_flag": 2, "change_message": ""}}, {"model": "admin.logentry", "pk": 427, "fields": {"action_time": "2020-07-08T16:33:18.775Z", "user": 2, "content_type": 2, "object_id": "11", "object_repr": "Social Media - Community Information | BRIDGE Hospice", "action_flag": 2, "change_message": ""}}, {"model": "admin.logentry", "pk": 428, "fields": {"action_time": "2020-07-08T16:33:20.998Z", "user": 2, "content_type": 2, "object_id": "8", "object_repr": "Donations - Dave's Wish | BRIDGE Hospice", "action_flag": 2, "change_message": ""}}, {"model": "admin.logentry", "pk": 429, "fields": {"action_time": "2020-07-08T16:33:23.288Z", "user": 2, "content_type": 2, "object_id": "7", "object_repr": "Valor - Military & Public Safety | BRIDGE Hospice", "action_flag": 2, "change_message": ""}}, {"model": "admin.logentry", "pk": 430, "fields": {"action_time": "2020-07-27T14:26:19.317Z", "user": 2, "content_type": 2, "object_id": "1", "object_repr": "Bridge Hospice: Uniting the Patient and Family", "action_flag": 2, "change_message": "The en page \"Home\" was successfully unpublished"}}, {"model": "admin.logentry", "pk": 431, "fields": {"action_time": "2020-07-27T14:26:23.270Z", "user": 2, "content_type": 2, "object_id": "3", "object_repr": "Contact Us - Address, Phone, & Email | Bridge Hospice", "action_flag": 2, "change_message": "The en page \"Contact\" was successfully unpublished"}}, {"model": "admin.logentry", "pk": 432, "fields": {"action_time": "2020-07-27T14:26:27.957Z", "user": 2, "content_type": 2, "object_id": "25", "object_repr": "Volunteer - Community Development | Bridge Hospice", "action_flag": 2, "change_message": "The en page \"Volunteer\" was successfully unpublished"}}, {"model": "admin.logentry", "pk": 433, "fields": {"action_time": "2020-07-27T14:26:31.978Z", "user": 2, "content_type": 2, "object_id": "11", "object_repr": "Social Media - Community Information | Bridge Hospice", "action_flag": 2, "change_message": "The en page \"Social\" was successfully unpublished"}}, {"model": "admin.logentry", "pk": 434, "fields": {"action_time": "2020-07-27T14:26:35.251Z", "user": 2, "content_type": 2, "object_id": "8", "object_repr": "Donations - Dave's Wish | Bridge Hospice", "action_flag": 2, "change_message": "The en page \"Donation\" was successfully unpublished"}}, {"model": "admin.logentry", "pk": 435, "fields": {"action_time": "2020-07-27T14:26:38.299Z", "user": 2, "content_type": 2, "object_id": "7", "object_repr": "Valor - Military & Public Safety | Bridge Hospice", "action_flag": 2, "change_message": "The en page \"Valor\" was successfully unpublished"}}, {"model": "admin.logentry", "pk": 436, "fields": {"action_time": "2020-07-27T14:26:44.246Z", "user": 2, "content_type": 2, "object_id": "1", "object_repr": "Bridge Hospice: Uniting the Patient and Family", "action_flag": 2, "change_message": ""}}, {"model": "admin.logentry", "pk": 437, "fields": {"action_time": "2020-07-27T14:26:47.487Z", "user": 2, "content_type": 2, "object_id": "3", "object_repr": "Contact Us - Address, Phone, & Email | Bridge Hospice", "action_flag": 2, "change_message": ""}}, {"model": "admin.logentry", "pk": 438, "fields": {"action_time": "2020-07-27T14:26:51.483Z", "user": 2, "content_type": 2, "object_id": "25", "object_repr": "Volunteer - Community Development | Bridge Hospice", "action_flag": 2, "change_message": ""}}, {"model": "admin.logentry", "pk": 439, "fields": {"action_time": "2020-07-27T14:26:54.415Z", "user": 2, "content_type": 2, "object_id": "11", "object_repr": "Social Media - Community Information | Bridge Hospice", "action_flag": 2, "change_message": ""}}, {"model": "admin.logentry", "pk": 440, "fields": {"action_time": "2020-07-27T14:26:57.833Z", "user": 2, "content_type": 2, "object_id": "8", "object_repr": "Donations - Dave's Wish | Bridge Hospice", "action_flag": 2, "change_message": ""}}, {"model": "admin.logentry", "pk": 441, "fields": {"action_time": "2020-07-27T14:27:01.109Z", "user": 2, "content_type": 2, "object_id": "7", "object_repr": "Valor - Military & Public Safety | Bridge Hospice", "action_flag": 2, "change_message": ""}}, {"model": "admin.logentry", "pk": 442, "fields": {"action_time": "2020-07-27T14:29:45.654Z", "user": 2, "content_type": 24, "object_id": "1", "object_repr": "To Bridge Hospice,...", "action_flag": 3, "change_message": ""}}, {"model": "admin.logentry", "pk": 443, "fields": {"action_time": "2020-07-27T14:30:01.974Z", "user": 2, "content_type": 2, "object_id": "1", "object_repr": "Bridge Hospice: Uniting the Patient and Family", "action_flag": 2, "change_message": ""}}, {"model": "admin.logentry", "pk": 444, "fields": {"action_time": "2020-08-28T05:04:06.851Z", "user": 2, "content_type": 2, "object_id": "3", "object_repr": "Contact Us - Address, Phone, & Email | Bridge Hospice", "action_flag": 2, "change_message": ""}}, {"model": "admin.logentry", "pk": 445, "fields": {"action_time": "2020-09-15T21:28:07.200Z", "user": 2, "content_type": 2, "object_id": "36", "object_repr": "Forms", "action_flag": 2, "change_message": "The en page \"Forms\" was successfully unpublished"}}, {"model": "admin.logentry", "pk": 446, "fields": {"action_time": "2020-09-15T21:28:10.471Z", "user": 2, "content_type": 2, "object_id": "36", "object_repr": "Forms", "action_flag": 2, "change_message": ""}}, {"model": "admin.logentry", "pk": 447, "fields": {"action_time": "2020-09-15T21:28:15.377Z", "user": 2, "content_type": 2, "object_id": "37", "object_repr": "Volunteer", "action_flag": 2, "change_message": "The en page \"Volunteer\" was successfully unpublished"}}, {"model": "admin.logentry", "pk": 448, "fields": {"action_time": "2020-09-15T21:28:20.258Z", "user": 2, "content_type": 2, "object_id": "37", "object_repr": "Volunteer", "action_flag": 2, "change_message": ""}}, {"model": "admin.logentry", "pk": 449, "fields": {"action_time": "2020-10-06T15:43:56.938Z", "user": 2, "content_type": 66, "object_id": "12", "object_repr": "JumboButton", "action_flag": 1, "change_message": "[{\"added\": {}}]"}}, {"model": "admin.logentry", "pk": 450, "fields": {"action_time": "2020-10-06T15:50:37.208Z", "user": 2, "content_type": 66, "object_id": "12", "object_repr": "JumboButton", "action_flag": 2, "change_message": "[{\"changed\": {\"fields\": [\"html\"]}}]"}}, {"model": "admin.logentry", "pk": 451, "fields": {"action_time": "2020-10-06T15:51:12.100Z", "user": 2, "content_type": 66, "object_id": "12", "object_repr": "JumboButton", "action_flag": 2, "change_message": "[{\"changed\": {\"fields\": [\"html\"]}}]"}}, {"model": "admin.logentry", "pk": 452, "fields": {"action_time": "2020-10-06T16:00:25.071Z", "user": 2, "content_type": 66, "object_id": "12", "object_repr": "JumboButton", "action_flag": 2, "change_message": "[{\"changed\": {\"fields\": [\"html\"]}}]"}}, {"model": "admin.logentry", "pk": 453, "fields": {"action_time": "2020-10-06T16:00:45.596Z", "user": 2, "content_type": 66, "object_id": "12", "object_repr": "JumboButton", "action_flag": 2, "change_message": "[{\"changed\": {\"fields\": [\"html\"]}}]"}}, {"model": "admin.logentry", "pk": 454, "fields": {"action_time": "2020-10-06T16:01:55.839Z", "user": 2, "content_type": 66, "object_id": "12", "object_repr": "JumboButton", "action_flag": 2, "change_message": "[]"}}, {"model": "admin.logentry", "pk": 455, "fields": {"action_time": "2020-10-06T16:04:32.421Z", "user": 2, "content_type": 66, "object_id": "12", "object_repr": "JumboButton", "action_flag": 2, "change_message": "[{\"changed\": {\"fields\": [\"html\"]}}]"}}, {"model": "admin.logentry", "pk": 456, "fields": {"action_time": "2020-10-06T16:05:23.906Z", "user": 2, "content_type": 66, "object_id": "12", "object_repr": "JumboButton", "action_flag": 2, "change_message": "[{\"changed\": {\"fields\": [\"html\"]}}]"}}, {"model": "admin.logentry", "pk": 457, "fields": {"action_time": "2020-10-06T16:12:09.440Z", "user": 2, "content_type": 2, "object_id": "1", "object_repr": "Bridge Hospice: Uniting the Patient and Family", "action_flag": 2, "change_message": ""}}, {"model": "admin.logentry", "pk": 458, "fields": {"action_time": "2020-10-06T17:09:02.252Z", "user": 2, "content_type": 2, "object_id": "42", "object_repr": "Privacy Policy", "action_flag": 1, "change_message": "[{\"added\": {}}]"}}, {"model": "admin.logentry", "pk": 459, "fields": {"action_time": "2020-10-06T17:09:10.424Z", "user": 2, "content_type": 2, "object_id": "42", "object_repr": "Privacy Policy", "action_flag": 2, "change_message": ""}}, {"model": "admin.logentry", "pk": 460, "fields": {"action_time": "2020-10-06T17:10:58.519Z", "user": 2, "content_type": 2, "object_id": "42", "object_repr": "Privacy Policy", "action_flag": 2, "change_message": ""}}, {"model": "admin.logentry", "pk": 461, "fields": {"action_time": "2020-10-06T17:11:13.406Z", "user": 2, "content_type": 2, "object_id": "42", "object_repr": "Privacy Policy", "action_flag": 2, "change_message": ""}}, {"model": "admin.logentry", "pk": 462, "fields": {"action_time": "2020-10-06T17:12:29.148Z", "user": 2, "content_type": 2, "object_id": "1", "object_repr": "Bridge Hospice: Uniting the Patient and Family", "action_flag": 2, "change_message": ""}}, {"model": "admin.logentry", "pk": 463, "fields": {"action_time": "2020-10-06T17:17:04.617Z", "user": 2, "content_type": 2, "object_id": "44", "object_repr": "Terms of Service", "action_flag": 1, "change_message": "[{\"added\": {}}]"}}, {"model": "admin.logentry", "pk": 464, "fields": {"action_time": "2020-10-06T17:17:48.826Z", "user": 2, "content_type": 2, "object_id": "44", "object_repr": "Terms of Service", "action_flag": 2, "change_message": ""}}, {"model": "admin.logentry", "pk": 465, "fields": {"action_time": "2020-10-06T17:17:56.290Z", "user": 2, "content_type": 2, "object_id": "44", "object_repr": "Terms of Service", "action_flag": 2, "change_message": ""}}, {"model": "admin.logentry", "pk": 466, "fields": {"action_time": "2020-10-06T17:18:22.073Z", "user": 2, "content_type": 2, "object_id": "25", "object_repr": "Volunteer - Community Development | Bridge Hospice", "action_flag": 2, "change_message": ""}}, {"model": "admin.logentry", "pk": 467, "fields": {"action_time": "2020-10-06T17:20:27.913Z", "user": 2, "content_type": 2, "object_id": "1", "object_repr": "Bridge Hospice: Uniting the Patient and Family", "action_flag": 2, "change_message": ""}}, {"model": "admin.logentry", "pk": 468, "fields": {"action_time": "2020-10-09T17:36:24.304Z", "user": 2, "content_type": 2, "object_id": "46", "object_repr": "bn4sozmnn45huhyaj7cmo1onjq1xy8.html", "action_flag": 1, "change_message": "[{\"added\": {}}]"}}, {"model": "admin.logentry", "pk": 469, "fields": {"action_time": "2020-10-09T17:37:07.280Z", "user": 2, "content_type": 24, "object_id": "3619", "object_repr": "bn4sozmnn45huhyaj7cmo1onjq1xy8", "action_flag": 3, "change_message": ""}}, {"model": "admin.logentry", "pk": 470, "fields": {"action_time": "2020-10-09T17:37:56.083Z", "user": 2, "content_type": 2, "object_id": "46", "object_repr": "bn4sozmnn45huhyaj7cmo1onjq1xy8.html", "action_flag": 2, "change_message": ""}}, {"model": "admin.logentry", "pk": 471, "fields": {"action_time": "2020-10-09T17:38:44.852Z", "user": 2, "content_type": 2, "object_id": "46", "object_repr": "bn4sozmnn45huhyaj7cmo1onjq1xy8.html", "action_flag": 3, "change_message": ""}}, {"model": "admin.logentry", "pk": 472, "fields": {"action_time": "2020-10-10T19:06:06.382Z", "user": 2, "content_type": 66, "object_id": "13", "object_repr": "FacebookSDK", "action_flag": 1, "change_message": "[{\"added\": {}}]"}}, {"model": "admin.logentry", "pk": 473, "fields": {"action_time": "2020-10-10T19:06:27.569Z", "user": 2, "content_type": 2, "object_id": "48", "object_repr": "Test", "action_flag": 1, "change_message": "[{\"added\": {}}]"}}, {"model": "admin.logentry", "pk": 474, "fields": {"action_time": "2020-10-10T19:06:35.468Z", "user": 2, "content_type": 2, "object_id": "48", "object_repr": "Test", "action_flag": 2, "change_message": ""}}, {"model": "admin.logentry", "pk": 475, "fields": {"action_time": "2020-10-10T19:06:46.524Z", "user": 2, "content_type": 2, "object_id": "48", "object_repr": "Test", "action_flag": 2, "change_message": ""}}, {"model": "admin.logentry", "pk": 476, "fields": {"action_time": "2020-10-10T19:07:49.508Z", "user": 2, "content_type": 66, "object_id": "14", "object_repr": "FacebookTest", "action_flag": 1, "change_message": "[{\"added\": {}}]"}}, {"model": "admin.logentry", "pk": 477, "fields": {"action_time": "2020-10-10T19:08:10.051Z", "user": 2, "content_type": 2, "object_id": "48", "object_repr": "Test", "action_flag": 2, "change_message": ""}}, {"model": "admin.logentry", "pk": 478, "fields": {"action_time": "2020-10-10T19:33:11.191Z", "user": 2, "content_type": 66, "object_id": "14", "object_repr": "FacebookTest", "action_flag": 2, "change_message": "[{\"changed\": {\"fields\": [\"html\"]}}]"}}, {"model": "admin.logentry", "pk": 479, "fields": {"action_time": "2020-10-10T19:35:30.997Z", "user": 2, "content_type": 66, "object_id": "13", "object_repr": "FacebookSDK", "action_flag": 2, "change_message": "[{\"changed\": {\"fields\": [\"html\"]}}]"}}, {"model": "admin.logentry", "pk": 480, "fields": {"action_time": "2020-10-10T19:36:11.357Z", "user": 2, "content_type": 66, "object_id": "13", "object_repr": "FacebookSDK", "action_flag": 2, "change_message": "[{\"changed\": {\"fields\": [\"html\"]}}]"}}, {"model": "admin.logentry", "pk": 481, "fields": {"action_time": "2020-10-10T19:36:37.691Z", "user": 2, "content_type": 66, "object_id": "14", "object_repr": "FacebookTest", "action_flag": 2, "change_message": "[{\"changed\": {\"fields\": [\"html\"]}}]"}}, {"model": "admin.logentry", "pk": 482, "fields": {"action_time": "2020-10-10T19:47:29.280Z", "user": 2, "content_type": 66, "object_id": "13", "object_repr": "FacebookSDK", "action_flag": 2, "change_message": "[{\"changed\": {\"fields\": [\"html\"]}}]"}}, {"model": "admin.logentry", "pk": 483, "fields": {"action_time": "2020-10-10T19:48:56.699Z", "user": 2, "content_type": 66, "object_id": "13", "object_repr": "FacebookSDK", "action_flag": 2, "change_message": "[{\"changed\": {\"fields\": [\"html\"]}}]"}}, {"model": "admin.logentry", "pk": 484, "fields": {"action_time": "2020-10-10T19:49:38.301Z", "user": 2, "content_type": 66, "object_id": "13", "object_repr": "FacebookSDK", "action_flag": 2, "change_message": "[{\"changed\": {\"fields\": [\"html\"]}}]"}}, {"model": "admin.logentry", "pk": 485, "fields": {"action_time": "2020-10-10T19:51:49.003Z", "user": 2, "content_type": 66, "object_id": "13", "object_repr": "FacebookSDK", "action_flag": 2, "change_message": "[{\"changed\": {\"fields\": [\"html\"]}}]"}}, {"model": "admin.logentry", "pk": 486, "fields": {"action_time": "2020-10-10T19:52:04.418Z", "user": 2, "content_type": 66, "object_id": "13", "object_repr": "FacebookSDK", "action_flag": 2, "change_message": "[]"}}, {"model": "admin.logentry", "pk": 487, "fields": {"action_time": "2020-10-10T19:54:44.398Z", "user": 2, "content_type": 66, "object_id": "13", "object_repr": "FacebookSDK", "action_flag": 2, "change_message": "[{\"changed\": {\"fields\": [\"html\"]}}]"}}, {"model": "admin.logentry", "pk": 488, "fields": {"action_time": "2020-10-10T20:00:29.879Z", "user": 2, "content_type": 66, "object_id": "13", "object_repr": "FacebookSDK", "action_flag": 2, "change_message": "[{\"changed\": {\"fields\": [\"html\"]}}]"}}, {"model": "admin.logentry", "pk": 489, "fields": {"action_time": "2020-10-10T20:02:40.507Z", "user": 2, "content_type": 66, "object_id": "13", "object_repr": "FacebookSDK", "action_flag": 2, "change_message": "[{\"changed\": {\"fields\": [\"html\"]}}]"}}, {"model": "admin.logentry", "pk": 490, "fields": {"action_time": "2020-10-10T20:03:40.236Z", "user": 2, "content_type": 66, "object_id": "13", "object_repr": "FacebookSDK", "action_flag": 2, "change_message": "[{\"changed\": {\"fields\": [\"html\"]}}]"}}, {"model": "admin.logentry", "pk": 491, "fields": {"action_time": "2020-10-10T20:05:00.148Z", "user": 2, "content_type": 66, "object_id": "13", "object_repr": "FacebookSDK", "action_flag": 2, "change_message": "[{\"changed\": {\"fields\": [\"html\"]}}]"}}, {"model": "admin.logentry", "pk": 492, "fields": {"action_time": "2020-10-10T20:09:16.675Z", "user": 2, "content_type": 66, "object_id": "13", "object_repr": "FacebookSDK", "action_flag": 2, "change_message": "[{\"changed\": {\"fields\": [\"html\"]}}]"}}, {"model": "admin.logentry", "pk": 493, "fields": {"action_time": "2020-10-10T20:12:16.290Z", "user": 2, "content_type": 66, "object_id": "13", "object_repr": "FacebookSDK", "action_flag": 2, "change_message": "[{\"changed\": {\"fields\": [\"html\"]}}]"}}, {"model": "admin.logentry", "pk": 494, "fields": {"action_time": "2020-10-10T20:13:59.960Z", "user": 2, "content_type": 66, "object_id": "13", "object_repr": "FacebookSDK", "action_flag": 2, "change_message": "[]"}}, {"model": "admin.logentry", "pk": 495, "fields": {"action_time": "2020-10-10T20:14:58.795Z", "user": 2, "content_type": 66, "object_id": "13", "object_repr": "FacebookSDK", "action_flag": 2, "change_message": "[{\"changed\": {\"fields\": [\"html\"]}}]"}}, {"model": "admin.logentry", "pk": 496, "fields": {"action_time": "2020-10-10T20:15:40.005Z", "user": 2, "content_type": 66, "object_id": "13", "object_repr": "FacebookSDK", "action_flag": 2, "change_message": "[{\"changed\": {\"fields\": [\"html\"]}}]"}}, {"model": "admin.logentry", "pk": 497, "fields": {"action_time": "2020-10-10T20:38:30.004Z", "user": 2, "content_type": 66, "object_id": "13", "object_repr": "FacebookSDK", "action_flag": 2, "change_message": "[{\"changed\": {\"fields\": [\"html\"]}}]"}}, {"model": "admin.logentry", "pk": 498, "fields": {"action_time": "2020-10-10T20:40:40.161Z", "user": 2, "content_type": 66, "object_id": "13", "object_repr": "FacebookSDK", "action_flag": 2, "change_message": "[{\"changed\": {\"fields\": [\"html\"]}}]"}}, {"model": "admin.logentry", "pk": 499, "fields": {"action_time": "2020-10-10T20:41:58.523Z", "user": 2, "content_type": 66, "object_id": "13", "object_repr": "FacebookSDK", "action_flag": 2, "change_message": "[{\"changed\": {\"fields\": [\"html\"]}}]"}}, {"model": "admin.logentry", "pk": 500, "fields": {"action_time": "2020-10-10T20:42:47.070Z", "user": 2, "content_type": 66, "object_id": "13", "object_repr": "FacebookSDK", "action_flag": 2, "change_message": "[{\"changed\": {\"fields\": [\"html\"]}}]"}}, {"model": "admin.logentry", "pk": 501, "fields": {"action_time": "2020-10-10T20:44:58.886Z", "user": 2, "content_type": 66, "object_id": "13", "object_repr": "FacebookSDK", "action_flag": 2, "change_message": "[{\"changed\": {\"fields\": [\"html\"]}}]"}}, {"model": "admin.logentry", "pk": 502, "fields": {"action_time": "2020-10-10T20:46:23.655Z", "user": 2, "content_type": 66, "object_id": "13", "object_repr": "FacebookSDK", "action_flag": 2, "change_message": "[{\"changed\": {\"fields\": [\"html\"]}}]"}}, {"model": "admin.logentry", "pk": 503, "fields": {"action_time": "2020-10-10T20:47:04.445Z", "user": 2, "content_type": 66, "object_id": "13", "object_repr": "FacebookSDK", "action_flag": 2, "change_message": "[{\"changed\": {\"fields\": [\"html\"]}}]"}}, {"model": "admin.logentry", "pk": 504, "fields": {"action_time": "2020-10-10T20:51:10.144Z", "user": 2, "content_type": 66, "object_id": "13", "object_repr": "FacebookSDK", "action_flag": 2, "change_message": "[{\"changed\": {\"fields\": [\"html\"]}}]"}}, {"model": "admin.logentry", "pk": 505, "fields": {"action_time": "2020-10-10T20:53:59.106Z", "user": 2, "content_type": 66, "object_id": "13", "object_repr": "FacebookSDK", "action_flag": 2, "change_message": "[{\"changed\": {\"fields\": [\"html\"]}}]"}}, {"model": "admin.logentry", "pk": 506, "fields": {"action_time": "2020-10-10T20:55:35.772Z", "user": 2, "content_type": 66, "object_id": "13", "object_repr": "FacebookSDK", "action_flag": 2, "change_message": "[{\"changed\": {\"fields\": [\"html\"]}}]"}}, {"model": "admin.logentry", "pk": 507, "fields": {"action_time": "2020-10-10T21:00:12.075Z", "user": 2, "content_type": 66, "object_id": "13", "object_repr": "FacebookSDK", "action_flag": 2, "change_message": "[{\"changed\": {\"fields\": [\"html\"]}}]"}}, {"model": "admin.logentry", "pk": 508, "fields": {"action_time": "2020-10-10T21:01:04.298Z", "user": 2, "content_type": 66, "object_id": "13", "object_repr": "FacebookSDK", "action_flag": 2, "change_message": "[{\"changed\": {\"fields\": [\"html\"]}}]"}}, {"model": "admin.logentry", "pk": 509, "fields": {"action_time": "2020-10-10T21:03:15.369Z", "user": 2, "content_type": 66, "object_id": "13", "object_repr": "FacebookSDK", "action_flag": 2, "change_message": "[{\"changed\": {\"fields\": [\"html\"]}}]"}}, {"model": "admin.logentry", "pk": 510, "fields": {"action_time": "2020-10-10T21:04:03.586Z", "user": 2, "content_type": 66, "object_id": "13", "object_repr": "FacebookSDK", "action_flag": 2, "change_message": "[{\"changed\": {\"fields\": [\"html\"]}}]"}}, {"model": "admin.logentry", "pk": 511, "fields": {"action_time": "2020-10-10T21:04:47.266Z", "user": 2, "content_type": 66, "object_id": "13", "object_repr": "FacebookSDK", "action_flag": 2, "change_message": "[{\"changed\": {\"fields\": [\"html\"]}}]"}}, {"model": "admin.logentry", "pk": 512, "fields": {"action_time": "2020-10-10T21:08:01.371Z", "user": 2, "content_type": 66, "object_id": "13", "object_repr": "FacebookSDK", "action_flag": 2, "change_message": "[{\"changed\": {\"fields\": [\"html\"]}}]"}}, {"model": "admin.logentry", "pk": 513, "fields": {"action_time": "2020-10-10T21:17:26.402Z", "user": 2, "content_type": 66, "object_id": "13", "object_repr": "FacebookSDK", "action_flag": 2, "change_message": "[{\"changed\": {\"fields\": [\"html\"]}}]"}}, {"model": "admin.logentry", "pk": 514, "fields": {"action_time": "2020-10-10T21:18:25.686Z", "user": 2, "content_type": 66, "object_id": "13", "object_repr": "FacebookSDK", "action_flag": 2, "change_message": "[{\"changed\": {\"fields\": [\"html\"]}}]"}}, {"model": "admin.logentry", "pk": 515, "fields": {"action_time": "2020-10-10T21:19:17.230Z", "user": 2, "content_type": 66, "object_id": "13", "object_repr": "FacebookSDK", "action_flag": 2, "change_message": "[{\"changed\": {\"fields\": [\"html\"]}}]"}}, {"model": "admin.logentry", "pk": 516, "fields": {"action_time": "2020-10-10T21:20:18.707Z", "user": 2, "content_type": 66, "object_id": "13", "object_repr": "FacebookSDK", "action_flag": 2, "change_message": "[{\"changed\": {\"fields\": [\"html\"]}}]"}}, {"model": "admin.logentry", "pk": 517, "fields": {"action_time": "2020-10-10T21:20:46.869Z", "user": 2, "content_type": 66, "object_id": "13", "object_repr": "FacebookSDK", "action_flag": 2, "change_message": "[{\"changed\": {\"fields\": [\"html\"]}}]"}}, {"model": "admin.logentry", "pk": 518, "fields": {"action_time": "2020-10-10T21:21:09.702Z", "user": 2, "content_type": 66, "object_id": "13", "object_repr": "FacebookSDK", "action_flag": 2, "change_message": "[{\"changed\": {\"fields\": [\"html\"]}}]"}}, {"model": "admin.logentry", "pk": 519, "fields": {"action_time": "2020-10-10T21:22:01.719Z", "user": 2, "content_type": 66, "object_id": "13", "object_repr": "FacebookSDK", "action_flag": 2, "change_message": "[{\"changed\": {\"fields\": [\"html\"]}}]"}}, {"model": "admin.logentry", "pk": 520, "fields": {"action_time": "2020-10-10T21:22:43.910Z", "user": 2, "content_type": 66, "object_id": "13", "object_repr": "FacebookSDK", "action_flag": 2, "change_message": "[{\"changed\": {\"fields\": [\"html\"]}}]"}}, {"model": "admin.logentry", "pk": 521, "fields": {"action_time": "2020-10-10T21:23:42.775Z", "user": 2, "content_type": 66, "object_id": "13", "object_repr": "FacebookSDK", "action_flag": 2, "change_message": "[{\"changed\": {\"fields\": [\"html\"]}}]"}}, {"model": "admin.logentry", "pk": 522, "fields": {"action_time": "2020-10-10T21:24:20.000Z", "user": 2, "content_type": 66, "object_id": "13", "object_repr": "FacebookSDK", "action_flag": 2, "change_message": "[{\"changed\": {\"fields\": [\"html\"]}}]"}}, {"model": "admin.logentry", "pk": 523, "fields": {"action_time": "2020-10-10T21:24:43.200Z", "user": 2, "content_type": 66, "object_id": "13", "object_repr": "FacebookSDK", "action_flag": 2, "change_message": "[{\"changed\": {\"fields\": [\"html\"]}}]"}}, {"model": "admin.logentry", "pk": 524, "fields": {"action_time": "2020-10-10T21:25:19.645Z", "user": 2, "content_type": 66, "object_id": "13", "object_repr": "FacebookSDK", "action_flag": 2, "change_message": "[{\"changed\": {\"fields\": [\"html\"]}}]"}}, {"model": "admin.logentry", "pk": 525, "fields": {"action_time": "2020-10-10T21:26:15.491Z", "user": 2, "content_type": 66, "object_id": "13", "object_repr": "FacebookSDK", "action_flag": 2, "change_message": "[{\"changed\": {\"fields\": [\"html\"]}}]"}}, {"model": "admin.logentry", "pk": 526, "fields": {"action_time": "2020-10-10T21:27:10.504Z", "user": 2, "content_type": 66, "object_id": "13", "object_repr": "FacebookSDK", "action_flag": 2, "change_message": "[{\"changed\": {\"fields\": [\"html\"]}}]"}}, {"model": "admin.logentry", "pk": 527, "fields": {"action_time": "2020-10-10T21:27:37.609Z", "user": 2, "content_type": 66, "object_id": "13", "object_repr": "FacebookSDK", "action_flag": 2, "change_message": "[{\"changed\": {\"fields\": [\"html\"]}}]"}}, {"model": "admin.logentry", "pk": 528, "fields": {"action_time": "2020-10-10T21:28:34.954Z", "user": 2, "content_type": 66, "object_id": "13", "object_repr": "FacebookSDK", "action_flag": 2, "change_message": "[{\"changed\": {\"fields\": [\"html\"]}}]"}}, {"model": "admin.logentry", "pk": 529, "fields": {"action_time": "2020-10-10T21:29:06.778Z", "user": 2, "content_type": 66, "object_id": "13", "object_repr": "FacebookSDK", "action_flag": 2, "change_message": "[{\"changed\": {\"fields\": [\"html\"]}}]"}}, {"model": "admin.logentry", "pk": 530, "fields": {"action_time": "2020-10-10T21:29:30.309Z", "user": 2, "content_type": 66, "object_id": "13", "object_repr": "FacebookSDK", "action_flag": 2, "change_message": "[{\"changed\": {\"fields\": [\"html\"]}}]"}}, {"model": "admin.logentry", "pk": 531, "fields": {"action_time": "2020-10-10T21:30:22.705Z", "user": 2, "content_type": 66, "object_id": "13", "object_repr": "FacebookSDK", "action_flag": 2, "change_message": "[]"}}, {"model": "admin.logentry", "pk": 532, "fields": {"action_time": "2020-10-10T21:30:39.382Z", "user": 2, "content_type": 66, "object_id": "13", "object_repr": "FacebookSDK", "action_flag": 2, "change_message": "[{\"changed\": {\"fields\": [\"html\"]}}]"}}, {"model": "admin.logentry", "pk": 533, "fields": {"action_time": "2020-10-10T21:32:40.008Z", "user": 2, "content_type": 66, "object_id": "13", "object_repr": "FacebookSDK", "action_flag": 2, "change_message": "[{\"changed\": {\"fields\": [\"html\"]}}]"}}, {"model": "admin.logentry", "pk": 534, "fields": {"action_time": "2020-10-10T21:33:27.409Z", "user": 2, "content_type": 66, "object_id": "13", "object_repr": "FacebookSDK", "action_flag": 2, "change_message": "[{\"changed\": {\"fields\": [\"html\"]}}]"}}, {"model": "admin.logentry", "pk": 535, "fields": {"action_time": "2020-10-10T21:34:43.306Z", "user": 2, "content_type": 66, "object_id": "13", "object_repr": "FacebookSDK", "action_flag": 2, "change_message": "[{\"changed\": {\"fields\": [\"html\"]}}]"}}, {"model": "admin.logentry", "pk": 536, "fields": {"action_time": "2020-10-10T21:35:25.022Z", "user": 2, "content_type": 66, "object_id": "13", "object_repr": "FacebookSDK", "action_flag": 2, "change_message": "[{\"changed\": {\"fields\": [\"html\"]}}]"}}, {"model": "admin.logentry", "pk": 537, "fields": {"action_time": "2020-10-10T21:38:42.487Z", "user": 2, "content_type": 66, "object_id": "13", "object_repr": "FacebookSDK", "action_flag": 2, "change_message": "[{\"changed\": {\"fields\": [\"html\"]}}]"}}, {"model": "admin.logentry", "pk": 538, "fields": {"action_time": "2020-10-10T21:40:51.800Z", "user": 2, "content_type": 66, "object_id": "13", "object_repr": "FacebookSDK", "action_flag": 2, "change_message": "[{\"changed\": {\"fields\": [\"html\"]}}]"}}, {"model": "admin.logentry", "pk": 539, "fields": {"action_time": "2020-10-10T21:44:52.093Z", "user": 2, "content_type": 66, "object_id": "13", "object_repr": "FacebookSDK", "action_flag": 2, "change_message": "[{\"changed\": {\"fields\": [\"html\"]}}]"}}, {"model": "admin.logentry", "pk": 540, "fields": {"action_time": "2020-10-10T21:45:29.819Z", "user": 2, "content_type": 66, "object_id": "13", "object_repr": "FacebookSDK", "action_flag": 2, "change_message": "[{\"changed\": {\"fields\": [\"html\"]}}]"}}, {"model": "admin.logentry", "pk": 541, "fields": {"action_time": "2020-10-10T21:48:40.046Z", "user": 2, "content_type": 66, "object_id": "13", "object_repr": "FacebookSDK", "action_flag": 2, "change_message": "[{\"changed\": {\"fields\": [\"html\"]}}]"}}, {"model": "admin.logentry", "pk": 542, "fields": {"action_time": "2020-10-10T21:50:32.199Z", "user": 2, "content_type": 66, "object_id": "13", "object_repr": "FacebookSDK", "action_flag": 2, "change_message": "[{\"changed\": {\"fields\": [\"html\"]}}]"}}, {"model": "admin.logentry", "pk": 543, "fields": {"action_time": "2020-10-10T21:53:09.361Z", "user": 2, "content_type": 66, "object_id": "13", "object_repr": "FacebookSDK", "action_flag": 2, "change_message": "[{\"changed\": {\"fields\": [\"html\"]}}]"}}, {"model": "admin.logentry", "pk": 544, "fields": {"action_time": "2020-10-10T21:54:49.590Z", "user": 2, "content_type": 66, "object_id": "13", "object_repr": "FacebookSDK", "action_flag": 2, "change_message": "[{\"changed\": {\"fields\": [\"html\"]}}]"}}, {"model": "admin.logentry", "pk": 545, "fields": {"action_time": "2020-10-10T21:55:49.247Z", "user": 2, "content_type": 2, "object_id": "48", "object_repr": "Social Media Development Page", "action_flag": 2, "change_message": "[{\"changed\": {\"fields\": [\"title\", \"slug\"]}}]"}}, {"model": "admin.logentry", "pk": 546, "fields": {"action_time": "2020-10-10T21:55:52.309Z", "user": 2, "content_type": 2, "object_id": "48", "object_repr": "Social Media Development Page", "action_flag": 2, "change_message": ""}}, {"model": "admin.logentry", "pk": 547, "fields": {"action_time": "2020-10-10T21:55:56.491Z", "user": 2, "content_type": 2, "object_id": "48", "object_repr": "Social Media Development Page", "action_flag": 2, "change_message": ""}}, {"model": "admin.logentry", "pk": 548, "fields": {"action_time": "2020-10-11T03:32:28.026Z", "user": 2, "content_type": 66, "object_id": "13", "object_repr": "FacebookSDK", "action_flag": 2, "change_message": "[{\"changed\": {\"fields\": [\"html\"]}}]"}}, {"model": "admin.logentry", "pk": 549, "fields": {"action_time": "2020-10-11T03:48:35.166Z", "user": 2, "content_type": 66, "object_id": "13", "object_repr": "FacebookSDK", "action_flag": 2, "change_message": "[{\"changed\": {\"fields\": [\"html\"]}}]"}}, {"model": "admin.logentry", "pk": 550, "fields": {"action_time": "2020-10-11T03:48:44.114Z", "user": 2, "content_type": 2, "object_id": "48", "object_repr": "Social Media Development Page", "action_flag": 2, "change_message": ""}}, {"model": "admin.logentry", "pk": 551, "fields": {"action_time": "2020-10-11T03:54:40.283Z", "user": 2, "content_type": 66, "object_id": "13", "object_repr": "FacebookSDK", "action_flag": 2, "change_message": "[{\"changed\": {\"fields\": [\"html\"]}}]"}}, {"model": "admin.logentry", "pk": 552, "fields": {"action_time": "2020-10-11T03:55:52.671Z", "user": 2, "content_type": 66, "object_id": "13", "object_repr": "FacebookSDK", "action_flag": 2, "change_message": "[{\"changed\": {\"fields\": [\"html\"]}}]"}}, {"model": "admin.logentry", "pk": 553, "fields": {"action_time": "2020-10-11T03:57:02.866Z", "user": 2, "content_type": 2, "object_id": "48", "object_repr": "Social Media Development Page", "action_flag": 2, "change_message": ""}}, {"model": "admin.logentry", "pk": 554, "fields": {"action_time": "2020-10-11T17:03:17.840Z", "user": 2, "content_type": 66, "object_id": "13", "object_repr": "FacebookSDK", "action_flag": 2, "change_message": "[{\"changed\": {\"fields\": [\"html\"]}}]"}}, {"model": "admin.logentry", "pk": 555, "fields": {"action_time": "2020-10-11T17:04:08.288Z", "user": 2, "content_type": 2, "object_id": "48", "object_repr": "Social Media Development Page", "action_flag": 2, "change_message": ""}}, {"model": "admin.logentry", "pk": 556, "fields": {"action_time": "2020-10-11T18:35:57.440Z", "user": 2, "content_type": 2, "object_id": "48", "object_repr": "Social Media Development Page", "action_flag": 2, "change_message": ""}}, {"model": "admin.logentry", "pk": 557, "fields": {"action_time": "2020-10-11T19:11:44.305Z", "user": 2, "content_type": 24, "object_id": "3654", "object_repr": "test", "action_flag": 3, "change_message": ""}}, {"model": "admin.logentry", "pk": 558, "fields": {"action_time": "2020-10-11T19:12:20.686Z", "user": 2, "content_type": 2, "object_id": "48", "object_repr": "Social Media Development Page", "action_flag": 2, "change_message": ""}}, {"model": "admin.logentry", "pk": 559, "fields": {"action_time": "2020-10-11T19:18:37.035Z", "user": 2, "content_type": 9, "object_id": "2", "object_repr": "stage.bridge-hospice.com", "action_flag": 1, "change_message": "[{\"added\": {}}]"}}, {"model": "cms.usersettings", "pk": 2, "fields": {"user": 2, "language": "en", "clipboard": 12}}, {"model": "filer.file", "pk": 1, "fields": {"polymorphic_ctype": 30, "folder": null, "file": "filer_public/4b/e8/4be8120d-23c8-4abe-ad9c-8ec90c76c495/home01.jpg", "_file_size": 4335358, "sha1": "d9e82500dd669151b1e5abad5d77026b73980631", "has_all_mandatory_data": false, "original_filename": "Home01.jpg", "name": "", "description": null, "owner": null, "uploaded_at": "2020-05-16T08:33:45.926Z", "modified_at": "2020-05-16T08:33:45.926Z", "is_public": true}}, {"model": "filer.file", "pk": 2, "fields": {"polymorphic_ctype": 30, "folder": null, "file": "filer_public/7c/9f/7c9fb8b1-feda-4c6b-b2c4-9aa3735c2813/home05.jpg", "_file_size": 4171782, "sha1": "c2321c2d9e9e1cd7559d9c7e9c8cda896ff77bb5", "has_all_mandatory_data": false, "original_filename": "Home05.jpg", "name": "", "description": null, "owner": null, "uploaded_at": "2020-05-16T08:45:35.749Z", "modified_at": "2020-05-16T08:45:35.749Z", "is_public": true}}, {"model": "filer.file", "pk": 3, "fields": {"polymorphic_ctype": 30, "folder": null, "file": "filer_public/08/bc/08bca602-c1fb-4583-bf70-717f1cb6662f/home03.jpg", "_file_size": 4496431, "sha1": "fe9aa49432b3b263e21f2754267576803685a1bb", "has_all_mandatory_data": false, "original_filename": "Home03.jpg", "name": "", "description": null, "owner": null, "uploaded_at": "2020-05-16T08:45:35.758Z", "modified_at": "2020-05-16T08:45:35.758Z", "is_public": true}}, {"model": "filer.file", "pk": 4, "fields": {"polymorphic_ctype": 30, "folder": null, "file": "filer_public/ba/51/ba5148d6-b923-4457-b236-8057e63497b5/home04.jpg", "_file_size": 7212136, "sha1": "4a6787ed7699727974ca50f0254de8fd7ea299ad", "has_all_mandatory_data": false, "original_filename": "Home04.jpg", "name": "", "description": null, "owner": null, "uploaded_at": "2020-05-16T08:45:35.790Z", "modified_at": "2020-05-16T08:45:35.790Z", "is_public": true}}, {"model": "filer.file", "pk": 5, "fields": {"polymorphic_ctype": 30, "folder": null, "file": "filer_public/2e/94/2e94ad5d-04af-4575-b0e0-d4f93e73d748/home02.jpg", "_file_size": 2969491, "sha1": "3155f9360845e17ccb20757449aab37cdf86d69d", "has_all_mandatory_data": false, "original_filename": "Home02.jpg", "name": "", "description": null, "owner": null, "uploaded_at": "2020-05-16T08:45:48.691Z", "modified_at": "2020-05-16T08:45:48.691Z", "is_public": true}}, {"model": "filer.file", "pk": 6, "fields": {"polymorphic_ctype": 30, "folder": null, "file": "filer_public/6f/cb/6fcbaba0-1ba6-4968-bb59-687768f49bd6/valor.png", "_file_size": 29184, "sha1": "00099b615f68c6459b985100a579419320efeac6", "has_all_mandatory_data": false, "original_filename": "Valor.png", "name": "", "description": null, "owner": null, "uploaded_at": "2020-05-16T11:21:31.900Z", "modified_at": "2020-05-16T11:21:31.900Z", "is_public": true}}, {"model": "filer.file", "pk": 7, "fields": {"polymorphic_ctype": 30, "folder": null, "file": "filer_public/c1/3f/c13fd1e5-72d8-490b-bb70-31b8e6113a08/daveswish.png", "_file_size": 29831, "sha1": "b74b3e3b2866044320891864ec4f5349209a3645", "has_all_mandatory_data": false, "original_filename": "DavesWish.png", "name": "", "description": null, "owner": null, "uploaded_at": "2020-05-16T11:31:03.064Z", "modified_at": "2020-05-16T11:31:03.064Z", "is_public": true}}, {"model": "filer.file", "pk": 10, "fields": {"polymorphic_ctype": 30, "folder": null, "file": "filer_public/2f/89/2f89e80b-63e6-4bce-b0ce-1e0fbab2ffde/comingsoon.png", "_file_size": 110254, "sha1": "126671a47ce88580bec8c1f384912b0b2e425d62", "has_all_mandatory_data": false, "original_filename": "comingsoon.png", "name": "", "description": null, "owner": 2, "uploaded_at": "2020-05-21T04:22:30.766Z", "modified_at": "2020-05-21T04:22:30.766Z", "is_public": true}}, {"model": "filer.file", "pk": 13, "fields": {"polymorphic_ctype": 30, "folder": null, "file": "filer_public/12/e7/12e728b2-0b6c-496e-80bf-84485706c5ae/bridgehospicelogo.png", "_file_size": 52180, "sha1": "cade476d711b3411da1286c71af7031386a63df8", "has_all_mandatory_data": false, "original_filename": "BridgeHospiceLogo.png", "name": "", "description": "", "owner": 2, "uploaded_at": "2020-06-12T17:58:05.082Z", "modified_at": "2020-06-12T17:58:35.697Z", "is_public": true}}, {"model": "filer.clipboard", "pk": 2, "fields": {"user": 2}}, {"model": "filer.image", "pk": 1, "fields": {"_height": 2389, "_width": 3579, "default_alt_text": null, "default_caption": null, "subject_location": "", "date_taken": "2020-05-16T08:33:45.916Z", "author": null, "must_always_publish_author_credit": false, "must_always_publish_copyright": false}}, {"model": "filer.image", "pk": 2, "fields": {"_height": 1872, "_width": 2808, "default_alt_text": null, "default_caption": null, "subject_location": "", "date_taken": "2020-05-16T08:45:35.725Z", "author": null, "must_always_publish_author_credit": false, "must_always_publish_copyright": false}}, {"model": "filer.image", "pk": 3, "fields": {"_height": 2510, "_width": 3760, "default_alt_text": null, "default_caption": null, "subject_location": "", "date_taken": "2020-05-16T08:45:35.727Z", "author": null, "must_always_publish_author_credit": false, "must_always_publish_copyright": false}}, {"model": "filer.image", "pk": 4, "fields": {"_height": 3070, "_width": 4600, "default_alt_text": null, "default_caption": null, "subject_location": "", "date_taken": "2020-05-16T08:45:35.775Z", "author": null, "must_always_publish_author_credit": false, "must_always_publish_copyright": false}}, {"model": "filer.image", "pk": 5, "fields": {"_height": 1728, "_width": 2592, "default_alt_text": null, "default_caption": null, "subject_location": "", "date_taken": "2020-05-16T08:45:48.687Z", "author": null, "must_always_publish_author_credit": false, "must_always_publish_copyright": false}}, {"model": "filer.image", "pk": 6, "fields": {"_height": 179, "_width": 181, "default_alt_text": null, "default_caption": null, "subject_location": "", "date_taken": "2020-05-16T11:21:31.897Z", "author": null, "must_always_publish_author_credit": false, "must_always_publish_copyright": false}}, {"model": "filer.image", "pk": 7, "fields": {"_height": 230, "_width": 507, "default_alt_text": null, "default_caption": null, "subject_location": "", "date_taken": "2020-05-16T11:31:03.060Z", "author": null, "must_always_publish_author_credit": false, "must_always_publish_copyright": false}}, {"model": "filer.image", "pk": 10, "fields": {"_height": 540, "_width": 960, "default_alt_text": null, "default_caption": null, "subject_location": "", "date_taken": "2020-05-21T04:22:30.763Z", "author": null, "must_always_publish_author_credit": false, "must_always_publish_copyright": false}}, {"model": "filer.image", "pk": 13, "fields": {"_height": 370, "_width": 391, "default_alt_text": null, "default_caption": null, "subject_location": "196,185", "date_taken": "2020-06-12T17:58:05.080Z", "author": null, "must_always_publish_author_credit": false, "must_always_publish_copyright": false}}, {"model": "core_forms.profile", "pk": 1, "fields": {"user": 2, "street_address": "", "city": "", "state": "TX", "zip_code": "", "mobile_phone": ""}}]