[{"model": "contenttypes.contenttype", "pk": 1, "fields": {"app_label": "cms", "model": "placeholder"}}, {"model": "contenttypes.contenttype", "pk": 2, "fields": {"app_label": "cms", "model": "page"}}, {"model": "contenttypes.contenttype", "pk": 3, "fields": {"app_label": "auth", "model": "permission"}}, {"model": "contenttypes.contenttype", "pk": 4, "fields": {"app_label": "auth", "model": "group"}}, {"model": "contenttypes.contenttype", "pk": 5, "fields": {"app_label": "auth", "model": "user"}}, {"model": "contenttypes.contenttype", "pk": 6, "fields": {"app_label": "contenttypes", "model": "contenttype"}}, {"model": "contenttypes.contenttype", "pk": 7, "fields": {"app_label": "sessions", "model": "session"}}, {"model": "contenttypes.contenttype", "pk": 8, "fields": {"app_label": "admin", "model": "logentry"}}, {"model": "contenttypes.contenttype", "pk": 9, "fields": {"app_label": "sites", "model": "site"}}, {"model": "contenttypes.contenttype", "pk": 10, "fields": {"app_label": "cms", "model": "cmsplugin"}}, {"model": "contenttypes.contenttype", "pk": 11, "fields": {"app_label": "cms", "model": "aliaspluginmodel"}}, {"model": "contenttypes.contenttype", "pk": 12, "fields": {"app_label": "cms", "model": "globalpagepermission"}}, {"model": "contenttypes.contenttype", "pk": 13, "fields": {"app_label": "cms", "model": "pagepermission"}}, {"model": "contenttypes.contenttype", "pk": 14, "fields": {"app_label": "cms", "model": "pageuser"}}, {"model": "contenttypes.contenttype", "pk": 15, "fields": {"app_label": "cms", "model": "pageusergroup"}}, {"model": "contenttypes.contenttype", "pk": 16, "fields": {"app_label": "cms", "model": "placeholderreference"}}, {"model": "contenttypes.contenttype", "pk": 17, "fields": {"app_label": "cms", "model": "staticplaceholder"}}, {"model": "contenttypes.contenttype", "pk": 18, "fields": {"app_label": "cms", "model": "title"}}, {"model": "contenttypes.contenttype", "pk": 19, "fields": {"app_label": "cms", "model": "usersettings"}}, {"model": "contenttypes.contenttype", "pk": 20, "fields": {"app_label": "cms", "model": "urlconfrevision"}}, {"model": "contenttypes.contenttype", "pk": 21, "fields": {"app_label": "cms", "model": "pagetype"}}, {"model": "contenttypes.contenttype", "pk": 22, "fields": {"app_label": "cms", "model": "treenode"}}, {"model": "contenttypes.contenttype", "pk": 23, "fields": {"app_label": "menus", "model": "cachekey"}}, {"model": "contenttypes.contenttype", "pk": 24, "fields": {"app_label": "djangocms_text_ckeditor", "model": "text"}}, {"model": "contenttypes.contenttype", "pk": 25, "fields": {"app_label": "filer", "model": "clipboard"}}, {"model": "contenttypes.contenttype", "pk": 26, "fields": {"app_label": "filer", "model": "clipboarditem"}}, {"model": "contenttypes.contenttype", "pk": 27, "fields": {"app_label": "filer", "model": "file"}}, {"model": "contenttypes.contenttype", "pk": 28, "fields": {"app_label": "filer", "model": "folder"}}, {"model": "contenttypes.contenttype", "pk": 29, "fields": {"app_label": "filer", "model": "folderpermission"}}, {"model": "contenttypes.contenttype", "pk": 30, "fields": {"app_label": "filer", "model": "image"}}, {"model": "contenttypes.contenttype", "pk": 31, "fields": {"app_label": "filer", "model": "thumbnailoption"}}, {"model": "contenttypes.contenttype", "pk": 32, "fields": {"app_label": "easy_thumbnails", "model": "source"}}, {"model": "contenttypes.contenttype", "pk": 33, "fields": {"app_label": "easy_thumbnails", "model": "thumbnail"}}, {"model": "contenttypes.contenttype", "pk": 34, "fields": {"app_label": "easy_thumbnails", "model": "thumbnaildimensions"}}, {"model": "contenttypes.contenttype", "pk": 35, "fields": {"app_label": "bootstrap4_alerts", "model": "bootstrap4alerts"}}, {"model": "contenttypes.contenttype", "pk": 36, "fields": {"app_label": "bootstrap4_badge", "model": "bootstrap4badge"}}, {"model": "contenttypes.contenttype", "pk": 37, "fields": {"app_label": "bootstrap4_card", "model": "bootstrap4card"}}, {"model": "contenttypes.contenttype", "pk": 38, "fields": {"app_label": "bootstrap4_card", "model": "bootstrap4cardinner"}}, {"model": "contenttypes.contenttype", "pk": 39, "fields": {"app_label": "bootstrap4_carousel", "model": "bootstrap4carousel"}}, {"model": "contenttypes.contenttype", "pk": 40, "fields": {"app_label": "bootstrap4_carousel", "model": "bootstrap4carouselslide"}}, {"model": "contenttypes.contenttype", "pk": 41, "fields": {"app_label": "bootstrap4_collapse", "model": "bootstrap4collapse"}}, {"model": "contenttypes.contenttype", "pk": 42, "fields": {"app_label": "bootstrap4_collapse", "model": "bootstrap4collapsecontainer"}}, {"model": "contenttypes.contenttype", "pk": 43, "fields": {"app_label": "bootstrap4_collapse", "model": "bootstrap4collapsetrigger"}}, {"model": "contenttypes.contenttype", "pk": 44, "fields": {"app_label": "bootstrap4_content", "model": "bootstrap4blockquote"}}, {"model": "contenttypes.contenttype", "pk": 45, "fields": {"app_label": "bootstrap4_content", "model": "bootstrap4code"}}, {"model": "contenttypes.contenttype", "pk": 46, "fields": {"app_label": "bootstrap4_content", "model": "bootstrap4figure"}}, {"model": "contenttypes.contenttype", "pk": 47, "fields": {"app_label": "bootstrap4_grid", "model": "bootstrap4gridcolumn"}}, {"model": "contenttypes.contenttype", "pk": 48, "fields": {"app_label": "bootstrap4_grid", "model": "bootstrap4gridcontainer"}}, {"model": "contenttypes.contenttype", "pk": 49, "fields": {"app_label": "bootstrap4_grid", "model": "bootstrap4gridrow"}}, {"model": "contenttypes.contenttype", "pk": 50, "fields": {"app_label": "bootstrap4_jumbotron", "model": "bootstrap4jumbotron"}}, {"model": "contenttypes.contenttype", "pk": 51, "fields": {"app_label": "bootstrap4_link", "model": "bootstrap4link"}}, {"model": "contenttypes.contenttype", "pk": 52, "fields": {"app_label": "bootstrap4_listgroup", "model": "bootstrap4listgroup"}}, {"model": "contenttypes.contenttype", "pk": 53, "fields": {"app_label": "bootstrap4_listgroup", "model": "bootstrap4listgroupitem"}}, {"model": "contenttypes.contenttype", "pk": 54, "fields": {"app_label": "bootstrap4_media", "model": "bootstrap4media"}}, {"model": "contenttypes.contenttype", "pk": 55, "fields": {"app_label": "bootstrap4_media", "model": "bootstrap4mediabody"}}, {"model": "contenttypes.contenttype", "pk": 56, "fields": {"app_label": "bootstrap4_picture", "model": "bootstrap4picture"}}, {"model": "contenttypes.contenttype", "pk": 57, "fields": {"app_label": "bootstrap4_tabs", "model": "bootstrap4tab"}}, {"model": "contenttypes.contenttype", "pk": 58, "fields": {"app_label": "bootstrap4_tabs", "model": "bootstrap4tabitem"}}, {"model": "contenttypes.contenttype", "pk": 59, "fields": {"app_label": "bootstrap4_utilities", "model": "bootstrap4spacing"}}, {"model": "contenttypes.contenttype", "pk": 60, "fields": {"app_label": "djangocms_file", "model": "file"}}, {"model": "contenttypes.contenttype", "pk": 61, "fields": {"app_label": "djangocms_file", "model": "folder"}}, {"model": "contenttypes.contenttype", "pk": 62, "fields": {"app_label": "djangocms_icon", "model": "icon"}}, {"model": "contenttypes.contenttype", "pk": 63, "fields": {"app_label": "djangocms_link", "model": "link"}}, {"model": "contenttypes.contenttype", "pk": 64, "fields": {"app_label": "djangocms_picture", "model": "picture"}}, {"model": "contenttypes.contenttype", "pk": 65, "fields": {"app_label": "djangocms_style", "model": "style"}}, {"model": "contenttypes.contenttype", "pk": 66, "fields": {"app_label": "djangocms_snippet", "model": "snippet"}}, {"model": "contenttypes.contenttype", "pk": 67, "fields": {"app_label": "djangocms_snippet", "model": "snippetptr"}}, {"model": "contenttypes.contenttype", "pk": 68, "fields": {"app_label": "djangocms_googlemap", "model": "googlemap"}}, {"model": "contenttypes.contenttype", "pk": 69, "fields": {"app_label": "djangocms_googlemap", "model": "googlemapmarker"}}, {"model": "contenttypes.contenttype", "pk": 70, "fields": {"app_label": "djangocms_googlemap", "model": "googlemaproute"}}, {"model": "contenttypes.contenttype", "pk": 71, "fields": {"app_label": "djangocms_video", "model": "videoplayer"}}, {"model": "contenttypes.contenttype", "pk": 72, "fields": {"app_label": "djangocms_video", "model": "videosource"}}, {"model": "contenttypes.contenttype", "pk": 73, "fields": {"app_label": "djangocms_video", "model": "videotrack"}}, {"model": "contenttypes.contenttype", "pk": 74, "fields": {"app_label": "custom_plugins", "model": "test1"}}, {"model": "contenttypes.contenttype", "pk": 75, "fields": {"app_label": "forms", "model": "volunteerapplication"}}, {"model": "sessions.session", "pk": "1tr5lyx17b5x7simr73dibps0k6cmaqx", "fields": {"session_data": "MWFhNmIxNDg2ZTkxMjRiMDM1Mjg5ZjU0ZjAwZWY5ZDk0NWNhMzY2NDp7ImNtc190b29sYmFyX2Rpc2FibGVkIjpmYWxzZSwiY21zX2VkaXQiOmZhbHNlLCJjbXNfcHJldmlldyI6dHJ1ZSwiX2F1dGhfdXNlcl9pZCI6IjIiLCJfYXV0aF91c2VyX2JhY2tlbmQiOiJkamFuZ28uY29udHJpYi5hdXRoLmJhY2tlbmRzLk1vZGVsQmFja2VuZCIsIl9hdXRoX3VzZXJfaGFzaCI6ImUzM2IzNGRkOTdjYTEwZTMyZDk2YmFjNGRhYjI3NjQ0YTMyMzQ2MzIifQ==", "expire_date": "2020-06-14T21:06:07.802Z"}}, {"model": "sessions.session", "pk": "2ulxs0v5a5n5l6gmdmeutgiox30lz7ax", "fields": {"session_data": "ZGVjYmZkZmQ2ZjQyNDQxNjJmMDFkZTkzYTc5ODJkNGNmZWU5ZjNkOTp7ImNtc190b29sYmFyX2Rpc2FibGVkIjpmYWxzZSwiY21zX2VkaXQiOnRydWUsImNtc19wcmV2aWV3IjpmYWxzZX0=", "expire_date": "2020-06-05T15:59:38.947Z"}}, {"model": "sessions.session", "pk": "3n7m8zdwi2o333uyi3jts018ata9wijs", "fields": {"session_data": "YzRhMTZlNzdlZWYxNjQ4NWY1NjYyYmU5YmQ5ODRjYWZiYjNiMDI1MTp7Il9hdXRoX3VzZXJfaWQiOiIxIiwiX2F1dGhfdXNlcl9iYWNrZW5kIjoiZGphbmdvLmNvbnRyaWIuYXV0aC5iYWNrZW5kcy5Nb2RlbEJhY2tlbmQiLCJfYXV0aF91c2VyX2hhc2giOiI1ZWQ1ZjI3NjNjMzJjYTg4MDJhNWU1YmQwZjlmNWIzOTliNTRhMTRlIiwiY21zX3Rvb2xiYXJfZGlzYWJsZWQiOmZhbHNlLCJjbXNfZWRpdCI6ZmFsc2UsImNtc19wcmV2aWV3Ijp0cnVlLCJ3aXphcmRfd2l6YXJkX2NyZWF0ZV92aWV3Ijp7InN0ZXAiOm51bGwsInN0ZXBfZGF0YSI6e30sInN0ZXBfZmlsZXMiOnt9LCJleHRyYV9kYXRhIjp7fX0sImZpbGVyX2xhc3RfZm9sZGVyX2lkIjpudWxsfQ==", "expire_date": "2020-05-30T11:47:06.092Z"}}, {"model": "sessions.session", "pk": "8b1bergvc34spujj1xsv5rk1wakvhu4y", "fields": {"session_data": "MmYxZjI3MmY2ZDM4YWExZTUxMDJiNzU2OWUxN2JjMmNmZGM0NzFkYTp7ImNtc190b29sYmFyX2Rpc2FibGVkIjpmYWxzZSwiY21zX2VkaXQiOmZhbHNlLCJjbXNfcHJldmlldyI6dHJ1ZSwiX2F1dGhfdXNlcl9pZCI6IjIiLCJfYXV0aF91c2VyX2JhY2tlbmQiOiJkamFuZ28uY29udHJpYi5hdXRoLmJhY2tlbmRzLk1vZGVsQmFja2VuZCIsIl9hdXRoX3VzZXJfaGFzaCI6ImUzM2IzNGRkOTdjYTEwZTMyZDk2YmFjNGRhYjI3NjQ0YTMyMzQ2MzIiLCJmaWxlcl9sYXN0X2ZvbGRlcl9pZCI6bnVsbH0=", "expire_date": "2020-06-02T23:18:26.215Z"}}, {"model": "sessions.session", "pk": "8bxu7otj46lvmijs4zq8g24yfjdpzct7", "fields": {"session_data": "ZGVjYmZkZmQ2ZjQyNDQxNjJmMDFkZTkzYTc5ODJkNGNmZWU5ZjNkOTp7ImNtc190b29sYmFyX2Rpc2FibGVkIjpmYWxzZSwiY21zX2VkaXQiOnRydWUsImNtc19wcmV2aWV3IjpmYWxzZX0=", "expire_date": "2020-06-14T17:27:50.434Z"}}, {"model": "sessions.session", "pk": "9m4lk262xxsjxootk6f4wwyqnmuroxgk", "fields": {"session_data": "ZDAxMzEzYTg5ZTk5YzNiNWViODNkMDU3YTlhNTRiYzM1Yjg1N2FlYzp7ImNtc190b29sYmFyX2Rpc2FibGVkIjpmYWxzZSwiY21zX2VkaXQiOnRydWUsImNtc19wcmV2aWV3IjpmYWxzZSwiX2F1dGhfdXNlcl9pZCI6IjIiLCJfYXV0aF91c2VyX2JhY2tlbmQiOiJkamFuZ28uY29udHJpYi5hdXRoLmJhY2tlbmRzLk1vZGVsQmFja2VuZCIsIl9hdXRoX3VzZXJfaGFzaCI6ImUzM2IzNGRkOTdjYTEwZTMyZDk2YmFjNGRhYjI3NjQ0YTMyMzQ2MzIiLCJmaWxlcl9sYXN0X2ZvbGRlcl9pZCI6bnVsbH0=", "expire_date": "2020-06-14T17:10:12.292Z"}}, {"model": "sessions.session", "pk": "bku3c786tt09ec5yn28p0slc5dvekb6w", "fields": {"session_data": "YTVhNTFhYmIwZjhiNzAwMzQ5MzA5MGU4N2U1MzgwNWJkODgwM2UzYzp7Il9hdXRoX3VzZXJfaWQiOiI0IiwiX2F1dGhfdXNlcl9iYWNrZW5kIjoiZGphbmdvLmNvbnRyaWIuYXV0aC5iYWNrZW5kcy5Nb2RlbEJhY2tlbmQiLCJfYXV0aF91c2VyX2hhc2giOiI3ZTZmMjI5MGI5M2Y0ZDIwYjcyZWZkMDdkZjQ1OTQ3YzQyNGJmN2NhIn0=", "expire_date": "2020-06-14T22:11:30.824Z"}}, {"model": "sessions.session", "pk": "kotrscu82u20vie08qyn751c9td6tn9n", "fields": {"session_data": "ZGVjYmZkZmQ2ZjQyNDQxNjJmMDFkZTkzYTc5ODJkNGNmZWU5ZjNkOTp7ImNtc190b29sYmFyX2Rpc2FibGVkIjpmYWxzZSwiY21zX2VkaXQiOnRydWUsImNtc19wcmV2aWV3IjpmYWxzZX0=", "expire_date": "2020-06-01T03:01:10.407Z"}}, {"model": "sessions.session", "pk": "plkcgvgi9nzyxjt94zwm098f1se1hfh3", "fields": {"session_data": "ZGVjYmZkZmQ2ZjQyNDQxNjJmMDFkZTkzYTc5ODJkNGNmZWU5ZjNkOTp7ImNtc190b29sYmFyX2Rpc2FibGVkIjpmYWxzZSwiY21zX2VkaXQiOnRydWUsImNtc19wcmV2aWV3IjpmYWxzZX0=", "expire_date": "2020-06-14T21:19:20.711Z"}}, {"model": "sessions.session", "pk": "vcjbauihhs4hjd0ryxqymi3dzznguj7e", "fields": {"session_data": "ZGVjYmZkZmQ2ZjQyNDQxNjJmMDFkZTkzYTc5ODJkNGNmZWU5ZjNkOTp7ImNtc190b29sYmFyX2Rpc2FibGVkIjpmYWxzZSwiY21zX2VkaXQiOnRydWUsImNtc19wcmV2aWV3IjpmYWxzZX0=", "expire_date": "2020-06-05T15:18:57.729Z"}}, {"model": "sessions.session", "pk": "vls2ogqc4rz5vjn9gyn2o17gfmp7wzy6", "fields": {"session_data": "ZGVjYmZkZmQ2ZjQyNDQxNjJmMDFkZTkzYTc5ODJkNGNmZWU5ZjNkOTp7ImNtc190b29sYmFyX2Rpc2FibGVkIjpmYWxzZSwiY21zX2VkaXQiOnRydWUsImNtc19wcmV2aWV3IjpmYWxzZX0=", "expire_date": "2020-06-13T02:06:18.147Z"}}, {"model": "sessions.session", "pk": "wj0gyj4den010d6mq27hmpj4gmmjj3bl", "fields": {"session_data": "NjAzZjA1MTcwZjNlNWZjNmMwNWZiNWE5NWJhNGU1Zjc5ZjU0ZjVjNDp7ImNtc19lZGl0IjpmYWxzZSwiY21zX3ByZXZpZXciOnRydWUsImNtc190b29sYmFyX2Rpc2FibGVkIjpmYWxzZSwiX2F1dGhfdXNlcl9pZCI6IjEiLCJfYXV0aF91c2VyX2JhY2tlbmQiOiJkamFuZ28uY29udHJpYi5hdXRoLmJhY2tlbmRzLk1vZGVsQmFja2VuZCIsIl9hdXRoX3VzZXJfaGFzaCI6ImZkNDQ2OWExZTk4YmZiMjE0ZDg2MzNkODVjZGE5ZGNlYjFhZDM0N2QifQ==", "expire_date": "2020-06-01T06:20:41.359Z"}}, {"model": "sessions.session", "pk": "xgkbqt01vbhdz93niz6ds58sgajvvekk", "fields": {"session_data": "MmYxZjI3MmY2ZDM4YWExZTUxMDJiNzU2OWUxN2JjMmNmZGM0NzFkYTp7ImNtc190b29sYmFyX2Rpc2FibGVkIjpmYWxzZSwiY21zX2VkaXQiOmZhbHNlLCJjbXNfcHJldmlldyI6dHJ1ZSwiX2F1dGhfdXNlcl9pZCI6IjIiLCJfYXV0aF91c2VyX2JhY2tlbmQiOiJkamFuZ28uY29udHJpYi5hdXRoLmJhY2tlbmRzLk1vZGVsQmFja2VuZCIsIl9hdXRoX3VzZXJfaGFzaCI6ImUzM2IzNGRkOTdjYTEwZTMyZDk2YmFjNGRhYjI3NjQ0YTMyMzQ2MzIiLCJmaWxlcl9sYXN0X2ZvbGRlcl9pZCI6bnVsbH0=", "expire_date": "2020-06-26T21:46:45.097Z"}}, {"model": "sessions.session", "pk": "xwcr1u9ejrs2l8yr1q7l7d27xxos9q4y", "fields": {"session_data": "YmRlYWZmY2Y2YWE4M2ZiZDIxNzZhNTA3ZjNjMjlkYzI1OWEzYThmZTp7ImNtc190b29sYmFyX2Rpc2FibGVkIjpmYWxzZSwiY21zX2VkaXQiOnRydWUsImNtc19wcmV2aWV3IjpmYWxzZSwiX2F1dGhfdXNlcl9pZCI6IjIiLCJfYXV0aF91c2VyX2JhY2tlbmQiOiJkamFuZ28uY29udHJpYi5hdXRoLmJhY2tlbmRzLk1vZGVsQmFja2VuZCIsIl9hdXRoX3VzZXJfaGFzaCI6ImUzM2IzNGRkOTdjYTEwZTMyZDk2YmFjNGRhYjI3NjQ0YTMyMzQ2MzIifQ==", "expire_date": "2020-06-14T17:52:30.780Z"}}, {"model": "sites.site", "pk": 1, "fields": {"domain": "bridge-hospice.com", "name": "bridge-hospice.com"}}, {"model": "cms.treenode", "pk": 1, "fields": {"path": "0001", "depth": 1, "numchild": 0, "parent": null, "site": 1}}, {"model": "cms.treenode", "pk": 2, "fields": {"path": "0002", "depth": 1, "numchild": 0, "parent": null, "site": 1}}, {"model": "cms.treenode", "pk": 4, "fields": {"path": "0007", "depth": 1, "numchild": 0, "parent": null, "site": 1}}, {"model": "cms.treenode", "pk": 5, "fields": {"path": "0006", "depth": 1, "numchild": 0, "parent": null, "site": 1}}, {"model": "cms.treenode", "pk": 6, "fields": {"path": "0005", "depth": 1, "numchild": 0, "parent": null, "site": 1}}, {"model": "cms.treenode", "pk": 13, "fields": {"path": "0009", "depth": 1, "numchild": 1, "parent": null, "site": 1}}, {"model": "cms.treenode", "pk": 14, "fields": {"path": "00090001", "depth": 2, "numchild": 0, "parent": 13, "site": 1}}, {"model": "cms.treenode", "pk": 15, "fields": {"path": "0003", "depth": 1, "numchild": 0, "parent": null, "site": 1}}, {"model": "cms.treenode", "pk": 17, "fields": {"path": "000900010001", "depth": 3, "numchild": 0, "parent": 14, "site": 1}}, {"model": "cms.page", "pk": 1, "fields": {"created_by": "admin", "changed_by": "webmaster", "creation_date": "2020-05-16T08:19:51.384Z", "changed_date": "2020-06-11T21:08:44.055Z", "publication_date": "2020-05-16T08:19:51.395Z", "publication_end_date": null, "in_navigation": false, "soft_root": false, "reverse_id": null, "navigation_extenders": null, "template": "landing-page.html", "login_required": false, "limit_visibility_in_menu": null, "is_home": true, "application_urls": null, "application_namespace": null, "publisher_is_draft": true, "publisher_public": 2, "languages": "en", "xframe_options": 0, "is_page_type": false, "node": 1, "placeholders": [2]}}, {"model": "cms.page", "pk": 2, "fields": {"created_by": "admin", "changed_by": "webmaster", "creation_date": "2020-05-16T08:19:51.396Z", "changed_date": "2020-06-12T19:13:32.463Z", "publication_date": "2020-05-16T08:19:51.395Z", "publication_end_date": null, "in_navigation": false, "soft_root": false, "reverse_id": null, "navigation_extenders": null, "template": "landing-page.html", "login_required": false, "limit_visibility_in_menu": null, "is_home": true, "application_urls": null, "application_namespace": null, "publisher_is_draft": false, "publisher_public": 1, "languages": "en", "xframe_options": 0, "is_page_type": false, "node": 1, "placeholders": [3]}}, {"model": "cms.page", "pk": 3, "fields": {"created_by": "admin", "changed_by": "webmaster", "creation_date": "2020-05-16T08:20:12.067Z", "changed_date": "2020-06-11T21:16:12.765Z", "publication_date": "2020-05-16T11:41:45.670Z", "publication_end_date": null, "in_navigation": true, "soft_root": false, "reverse_id": null, "navigation_extenders": null, "template": "basic-page.html", "login_required": false, "limit_visibility_in_menu": null, "is_home": false, "application_urls": null, "application_namespace": null, "publisher_is_draft": true, "publisher_public": 4, "languages": "en", "xframe_options": 0, "is_page_type": false, "node": 2, "placeholders": [6, 10]}}, {"model": "cms.page", "pk": 4, "fields": {"created_by": "admin", "changed_by": "webmaster", "creation_date": "2020-05-16T11:41:45.670Z", "changed_date": "2020-06-11T21:16:31.158Z", "publication_date": "2020-05-16T11:41:45.670Z", "publication_end_date": null, "in_navigation": true, "soft_root": false, "reverse_id": null, "navigation_extenders": null, "template": "INHERIT", "login_required": false, "limit_visibility_in_menu": null, "is_home": false, "application_urls": null, "application_namespace": null, "publisher_is_draft": false, "publisher_public": 3, "languages": "en", "xframe_options": 0, "is_page_type": false, "node": 2, "placeholders": [7, 11]}}, {"model": "cms.page", "pk": 7, "fields": {"created_by": "webmaster", "changed_by": "webmaster", "creation_date": "2020-05-21T04:13:16.323Z", "changed_date": "2020-06-12T21:46:26.650Z", "publication_date": "2020-05-21T04:14:18.110Z", "publication_end_date": null, "in_navigation": true, "soft_root": false, "reverse_id": null, "navigation_extenders": null, "template": "basic-page.html", "login_required": false, "limit_visibility_in_menu": null, "is_home": false, "application_urls": null, "application_namespace": null, "publisher_is_draft": true, "publisher_public": 10, "languages": "en", "xframe_options": 0, "is_page_type": false, "node": 4, "placeholders": [18, 19]}}, {"model": "cms.page", "pk": 8, "fields": {"created_by": "webmaster", "changed_by": "webmaster", "creation_date": "2020-05-21T04:13:52.498Z", "changed_date": "2020-06-12T21:46:30.009Z", "publication_date": "2020-05-21T04:13:58.914Z", "publication_end_date": null, "in_navigation": true, "soft_root": false, "reverse_id": null, "navigation_extenders": null, "template": "basic-page.html", "login_required": false, "limit_visibility_in_menu": null, "is_home": false, "application_urls": null, "application_namespace": null, "publisher_is_draft": true, "publisher_public": 9, "languages": "en", "xframe_options": 0, "is_page_type": false, "node": 5, "placeholders": [20, 21]}}, {"model": "cms.page", "pk": 9, "fields": {"created_by": "webmaster", "changed_by": "webmaster", "creation_date": "2020-05-21T04:13:58.914Z", "changed_date": "2020-06-12T21:46:44.950Z", "publication_date": "2020-05-21T04:13:58.914Z", "publication_end_date": null, "in_navigation": true, "soft_root": false, "reverse_id": null, "navigation_extenders": null, "template": "INHERIT", "login_required": false, "limit_visibility_in_menu": null, "is_home": false, "application_urls": null, "application_namespace": null, "publisher_is_draft": false, "publisher_public": 8, "languages": "en", "xframe_options": 0, "is_page_type": false, "node": 5, "placeholders": [22, 23]}}, {"model": "cms.page", "pk": 10, "fields": {"created_by": "webmaster", "changed_by": "webmaster", "creation_date": "2020-05-21T04:14:18.110Z", "changed_date": "2020-06-12T21:46:34.690Z", "publication_date": "2020-05-21T04:14:18.110Z", "publication_end_date": null, "in_navigation": true, "soft_root": false, "reverse_id": null, "navigation_extenders": null, "template": "basic-page.html", "login_required": false, "limit_visibility_in_menu": null, "is_home": false, "application_urls": null, "application_namespace": null, "publisher_is_draft": false, "publisher_public": 7, "languages": "en", "xframe_options": 0, "is_page_type": false, "node": 4, "placeholders": [24, 25]}}, {"model": "cms.page", "pk": 11, "fields": {"created_by": "webmaster", "changed_by": "webmaster", "creation_date": "2020-05-22T15:38:14.008Z", "changed_date": "2020-06-11T21:19:34.661Z", "publication_date": "2020-06-01T20:54:34.725Z", "publication_end_date": null, "in_navigation": true, "soft_root": false, "reverse_id": null, "navigation_extenders": null, "template": "basic-page.html", "login_required": false, "limit_visibility_in_menu": null, "is_home": false, "application_urls": null, "application_namespace": null, "publisher_is_draft": true, "publisher_public": 27, "languages": "en", "xframe_options": 0, "is_page_type": false, "node": 6, "placeholders": [26, 27]}}, {"model": "cms.page", "pk": 21, "fields": {"created_by": "webmaster", "changed_by": "webmaster", "creation_date": "2020-05-31T21:50:40.951Z", "changed_date": "2020-05-31T21:58:08.687Z", "publication_date": "2020-05-31T21:53:11.934Z", "publication_end_date": null, "in_navigation": false, "soft_root": false, "reverse_id": null, "navigation_extenders": null, "template": "INHERIT", "login_required": false, "limit_visibility_in_menu": null, "is_home": false, "application_urls": "Formshook", "application_namespace": "forms", "publisher_is_draft": true, "publisher_public": 23, "languages": "en", "xframe_options": 0, "is_page_type": false, "node": 13, "placeholders": [46, 47]}}, {"model": "cms.page", "pk": 22, "fields": {"created_by": "webmaster", "changed_by": "webmaster", "creation_date": "2020-05-31T21:51:11.504Z", "changed_date": "2020-06-12T21:42:19.372Z", "publication_date": "2020-05-31T21:53:15.823Z", "publication_end_date": null, "in_navigation": false, "soft_root": false, "reverse_id": null, "navigation_extenders": null, "template": "basic-page.html", "login_required": false, "limit_visibility_in_menu": null, "is_home": false, "application_urls": null, "application_namespace": null, "publisher_is_draft": true, "publisher_public": 24, "languages": "en", "xframe_options": 0, "is_page_type": false, "node": 14, "placeholders": [48, 49]}}, {"model": "cms.page", "pk": 23, "fields": {"created_by": "webmaster", "changed_by": "webmaster", "creation_date": "2020-05-31T21:53:11.935Z", "changed_date": "2020-05-31T22:01:46.270Z", "publication_date": "2020-05-31T21:53:11.934Z", "publication_end_date": null, "in_navigation": false, "soft_root": false, "reverse_id": null, "navigation_extenders": null, "template": "INHERIT", "login_required": false, "limit_visibility_in_menu": null, "is_home": false, "application_urls": "Formshook", "application_namespace": "forms", "publisher_is_draft": false, "publisher_public": 21, "languages": "en", "xframe_options": 0, "is_page_type": false, "node": 13, "placeholders": [50, 51]}}, {"model": "cms.page", "pk": 24, "fields": {"created_by": "webmaster", "changed_by": "webmaster", "creation_date": "2020-05-31T21:53:15.824Z", "changed_date": "2020-06-12T21:43:19.066Z", "publication_date": "2020-05-31T21:53:15.823Z", "publication_end_date": null, "in_navigation": false, "soft_root": false, "reverse_id": null, "navigation_extenders": null, "template": "basic-page.html", "login_required": false, "limit_visibility_in_menu": null, "is_home": false, "application_urls": null, "application_namespace": null, "publisher_is_draft": false, "publisher_public": 22, "languages": "en", "xframe_options": 0, "is_page_type": false, "node": 14, "placeholders": [52, 53]}}, {"model": "cms.page", "pk": 25, "fields": {"created_by": "webmaster", "changed_by": "webmaster", "creation_date": "2020-05-31T21:58:18.453Z", "changed_date": "2020-06-11T21:24:52.716Z", "publication_date": "2020-05-31T22:01:29.795Z", "publication_end_date": null, "in_navigation": true, "soft_root": false, "reverse_id": null, "navigation_extenders": null, "template": "basic-page.html", "login_required": false, "limit_visibility_in_menu": null, "is_home": false, "application_urls": null, "application_namespace": null, "publisher_is_draft": true, "publisher_public": 26, "languages": "en", "xframe_options": 0, "is_page_type": false, "node": 15, "placeholders": [54, 55]}}, {"model": "cms.page", "pk": 26, "fields": {"created_by": "webmaster", "changed_by": "webmaster", "creation_date": "2020-05-31T22:01:29.795Z", "changed_date": "2020-06-11T23:09:12.401Z", "publication_date": "2020-05-31T22:01:29.795Z", "publication_end_date": null, "in_navigation": true, "soft_root": false, "reverse_id": null, "navigation_extenders": null, "template": "basic-page.html", "login_required": false, "limit_visibility_in_menu": null, "is_home": false, "application_urls": null, "application_namespace": null, "publisher_is_draft": false, "publisher_public": 25, "languages": "en", "xframe_options": 0, "is_page_type": false, "node": 15, "placeholders": [56, 57]}}, {"model": "cms.page", "pk": 27, "fields": {"created_by": "webmaster", "changed_by": "webmaster", "creation_date": "2020-06-01T20:54:34.726Z", "changed_date": "2020-06-11T21:19:57.056Z", "publication_date": "2020-06-01T20:54:34.725Z", "publication_end_date": null, "in_navigation": true, "soft_root": false, "reverse_id": null, "navigation_extenders": null, "template": "INHERIT", "login_required": false, "limit_visibility_in_menu": null, "is_home": false, "application_urls": null, "application_namespace": null, "publisher_is_draft": false, "publisher_public": 11, "languages": "en", "xframe_options": 0, "is_page_type": false, "node": 6, "placeholders": [59, 60]}}, {"model": "cms.page", "pk": 30, "fields": {"created_by": "webmaster", "changed_by": "webmaster", "creation_date": "2020-06-02T01:10:14.512Z", "changed_date": "2020-06-02T01:17:19.257Z", "publication_date": "2020-06-02T01:10:27.411Z", "publication_end_date": null, "in_navigation": false, "soft_root": false, "reverse_id": null, "navigation_extenders": null, "template": "INHERIT", "login_required": false, "limit_visibility_in_menu": null, "is_home": false, "application_urls": null, "application_namespace": null, "publisher_is_draft": true, "publisher_public": 31, "languages": "en", "xframe_options": 0, "is_page_type": false, "node": 17, "placeholders": [65, 66]}}, {"model": "cms.page", "pk": 31, "fields": {"created_by": "webmaster", "changed_by": "webmaster", "creation_date": "2020-06-02T01:10:27.411Z", "changed_date": "2020-06-02T01:18:06.747Z", "publication_date": "2020-06-02T01:10:27.411Z", "publication_end_date": null, "in_navigation": false, "soft_root": false, "reverse_id": null, "navigation_extenders": null, "template": "INHERIT", "login_required": false, "limit_visibility_in_menu": null, "is_home": false, "application_urls": null, "application_namespace": null, "publisher_is_draft": false, "publisher_public": 30, "languages": "en", "xframe_options": 0, "is_page_type": false, "node": 17, "placeholders": [67, 68]}}, {"model": "cms.placeholder", "pk": 1, "fields": {"slot": "clipboard", "default_width": null}}, {"model": "cms.placeholder", "pk": 2, "fields": {"slot": "content", "default_width": null}}, {"model": "cms.placeholder", "pk": 3, "fields": {"slot": "content", "default_width": null}}, {"model": "cms.placeholder", "pk": 4, "fields": {"slot": "Footer", "default_width": null}}, {"model": "cms.placeholder", "pk": 5, "fields": {"slot": "Footer", "default_width": null}}, {"model": "cms.placeholder", "pk": 6, "fields": {"slot": "content", "default_width": null}}, {"model": "cms.placeholder", "pk": 7, "fields": {"slot": "content", "default_width": null}}, {"model": "cms.placeholder", "pk": 8, "fields": {"slot": "subheading", "default_width": null}}, {"model": "cms.placeholder", "pk": 9, "fields": {"slot": "subheading", "default_width": null}}, {"model": "cms.placeholder", "pk": 10, "fields": {"slot": "subheading", "default_width": null}}, {"model": "cms.placeholder", "pk": 11, "fields": {"slot": "subheading", "default_width": null}}, {"model": "cms.placeholder", "pk": 12, "fields": {"slot": "clipboard", "default_width": null}}, {"model": "cms.placeholder", "pk": 13, "fields": {"slot": "clipboard", "default_width": null}}, {"model": "cms.placeholder", "pk": 18, "fields": {"slot": "subheading", "default_width": null}}, {"model": "cms.placeholder", "pk": 19, "fields": {"slot": "content", "default_width": null}}, {"model": "cms.placeholder", "pk": 20, "fields": {"slot": "subheading", "default_width": null}}, {"model": "cms.placeholder", "pk": 21, "fields": {"slot": "content", "default_width": null}}, {"model": "cms.placeholder", "pk": 22, "fields": {"slot": "subheading", "default_width": null}}, {"model": "cms.placeholder", "pk": 23, "fields": {"slot": "content", "default_width": null}}, {"model": "cms.placeholder", "pk": 24, "fields": {"slot": "subheading", "default_width": null}}, {"model": "cms.placeholder", "pk": 25, "fields": {"slot": "content", "default_width": null}}, {"model": "cms.placeholder", "pk": 26, "fields": {"slot": "subheading", "default_width": null}}, {"model": "cms.placeholder", "pk": 27, "fields": {"slot": "content", "default_width": null}}, {"model": "cms.placeholder", "pk": 46, "fields": {"slot": "subheading", "default_width": null}}, {"model": "cms.placeholder", "pk": 47, "fields": {"slot": "content", "default_width": null}}, {"model": "cms.placeholder", "pk": 48, "fields": {"slot": "subheading", "default_width": null}}, {"model": "cms.placeholder", "pk": 49, "fields": {"slot": "content", "default_width": null}}, {"model": "cms.placeholder", "pk": 50, "fields": {"slot": "subheading", "default_width": null}}, {"model": "cms.placeholder", "pk": 51, "fields": {"slot": "content", "default_width": null}}, {"model": "cms.placeholder", "pk": 52, "fields": {"slot": "subheading", "default_width": null}}, {"model": "cms.placeholder", "pk": 53, "fields": {"slot": "content", "default_width": null}}, {"model": "cms.placeholder", "pk": 54, "fields": {"slot": "subheading", "default_width": null}}, {"model": "cms.placeholder", "pk": 55, "fields": {"slot": "content", "default_width": null}}, {"model": "cms.placeholder", "pk": 56, "fields": {"slot": "subheading", "default_width": null}}, {"model": "cms.placeholder", "pk": 57, "fields": {"slot": "content", "default_width": null}}, {"model": "cms.placeholder", "pk": 58, "fields": {"slot": "clipboard", "default_width": null}}, {"model": "cms.placeholder", "pk": 59, "fields": {"slot": "subheading", "default_width": null}}, {"model": "cms.placeholder", "pk": 60, "fields": {"slot": "content", "default_width": null}}, {"model": "cms.placeholder", "pk": 65, "fields": {"slot": "subheading", "default_width": null}}, {"model": "cms.placeholder", "pk": 66, "fields": {"slot": "content", "default_width": null}}, {"model": "cms.placeholder", "pk": 67, "fields": {"slot": "subheading", "default_width": null}}, {"model": "cms.placeholder", "pk": 68, "fields": {"slot": "content", "default_width": null}}, {"model": "cms.cmsplugin", "pk": 1, "fields": {"path": "0018000100020001", "depth": 4, "numchild": 0, "placeholder": 4, "parent": 633, "position": 0, "language": "en", "plugin_type": "TextPlugin", "creation_date": "2020-05-16T08:27:52.400Z", "changed_date": "2020-05-19T22:21:15.069Z"}}, {"model": "cms.cmsplugin", "pk": 53, "fields": {"path": "000Y", "depth": 1, "numchild": 0, "placeholder": 6, "parent": null, "position": 1, "language": "en", "plugin_type": "Bootstrap4GridContainerPlugin", "creation_date": "2020-05-16T11:38:32.807Z", "changed_date": "2020-05-16T11:38:32.810Z"}}, {"model": "cms.cmsplugin", "pk": 54, "fields": {"path": "000Y0001", "depth": 2, "numchild": 1, "placeholder": 6, "parent": 53, "position": 1, "language": "en", "plugin_type": "Bootstrap4GridRowPlugin", "creation_date": "2020-05-16T11:38:39.096Z", "changed_date": "2020-05-19T02:53:59.451Z"}}, {"model": "cms.cmsplugin", "pk": 55, "fields": {"path": "000Y00010001", "depth": 3, "numchild": 1, "placeholder": 6, "parent": 54, "position": 0, "language": "en", "plugin_type": "Bootstrap4GridColumnPlugin", "creation_date": "2020-05-16T11:38:44.663Z", "changed_date": "2020-05-19T22:46:31.312Z"}}, {"model": "cms.cmsplugin", "pk": 56, "fields": {"path": "000Y000100010001", "depth": 4, "numchild": 5, "placeholder": 6, "parent": 55, "position": 0, "language": "en", "plugin_type": "Bootstrap4ListGroupPlugin", "creation_date": "2020-05-16T11:39:25.947Z", "changed_date": "2020-05-16T11:39:25.949Z"}}, {"model": "cms.cmsplugin", "pk": 57, "fields": {"path": "000Y0001000100010001", "depth": 5, "numchild": 1, "placeholder": 6, "parent": 56, "position": 0, "language": "en", "plugin_type": "Bootstrap4ListGroupItemPlugin", "creation_date": "2020-05-16T11:39:40.371Z", "changed_date": "2020-05-16T11:39:40.373Z"}}, {"model": "cms.cmsplugin", "pk": 58, "fields": {"path": "000Y00010001000100010001", "depth": 6, "numchild": 0, "placeholder": 6, "parent": 57, "position": 0, "language": "en", "plugin_type": "TextPlugin", "creation_date": "2020-05-16T11:39:46.585Z", "changed_date": "2020-05-19T22:49:29.632Z"}}, {"model": "cms.cmsplugin", "pk": 59, "fields": {"path": "000Y0001000100010002", "depth": 5, "numchild": 1, "placeholder": 6, "parent": 56, "position": 1, "language": "en", "plugin_type": "Bootstrap4ListGroupItemPlugin", "creation_date": "2020-05-16T11:40:32.515Z", "changed_date": "2020-05-16T11:40:32.518Z"}}, {"model": "cms.cmsplugin", "pk": 60, "fields": {"path": "000Y00010001000100020001", "depth": 6, "numchild": 0, "placeholder": 6, "parent": 59, "position": 0, "language": "en", "plugin_type": "TextPlugin", "creation_date": "2020-05-16T11:40:34.914Z", "changed_date": "2020-05-19T22:47:42.437Z"}}, {"model": "cms.cmsplugin", "pk": 61, "fields": {"path": "000Y0001000100010003", "depth": 5, "numchild": 1, "placeholder": 6, "parent": 56, "position": 2, "language": "en", "plugin_type": "Bootstrap4ListGroupItemPlugin", "creation_date": "2020-05-16T11:40:51.688Z", "changed_date": "2020-05-16T11:40:51.691Z"}}, {"model": "cms.cmsplugin", "pk": 62, "fields": {"path": "000Y00010001000100030001", "depth": 6, "numchild": 0, "placeholder": 6, "parent": 61, "position": 0, "language": "en", "plugin_type": "TextPlugin", "creation_date": "2020-05-16T11:40:54.407Z", "changed_date": "2020-05-19T22:48:25.126Z"}}, {"model": "cms.cmsplugin", "pk": 63, "fields": {"path": "000Y0001000100010004", "depth": 5, "numchild": 1, "placeholder": 6, "parent": 56, "position": 3, "language": "en", "plugin_type": "Bootstrap4ListGroupItemPlugin", "creation_date": "2020-05-16T11:41:08.698Z", "changed_date": "2020-05-16T11:41:08.702Z"}}, {"model": "cms.cmsplugin", "pk": 64, "fields": {"path": "000Y00010001000100040001", "depth": 6, "numchild": 0, "placeholder": 6, "parent": 63, "position": 0, "language": "en", "plugin_type": "TextPlugin", "creation_date": "2020-05-16T11:41:15.603Z", "changed_date": "2020-05-19T22:48:42.046Z"}}, {"model": "cms.cmsplugin", "pk": 65, "fields": {"path": "000Y0001000100010005", "depth": 5, "numchild": 1, "placeholder": 6, "parent": 56, "position": 4, "language": "en", "plugin_type": "Bootstrap4ListGroupItemPlugin", "creation_date": "2020-05-16T11:41:26.190Z", "changed_date": "2020-05-16T11:41:26.194Z"}}, {"model": "cms.cmsplugin", "pk": 66, "fields": {"path": "000Y00010001000100050001", "depth": 6, "numchild": 0, "placeholder": 6, "parent": 65, "position": 0, "language": "en", "plugin_type": "TextPlugin", "creation_date": "2020-05-16T11:41:29.046Z", "changed_date": "2020-05-19T22:48:03.591Z"}}, {"model": "cms.cmsplugin", "pk": 244, "fields": {"path": "000X0001", "depth": 2, "numchild": 0, "placeholder": 6, "parent": 480, "position": 0, "language": "en", "plugin_type": "GoogleMapPlugin", "creation_date": "2020-05-18T05:18:14.212Z", "changed_date": "2020-05-18T06:17:16.840Z"}}, {"model": "cms.cmsplugin", "pk": 260, "fields": {"path": "000Y00010002", "depth": 3, "numchild": 1, "placeholder": 6, "parent": 54, "position": 1, "language": "en", "plugin_type": "Bootstrap4GridColumnPlugin", "creation_date": "2020-05-18T05:52:20.158Z", "changed_date": "2020-05-19T22:37:56.795Z"}}, {"model": "cms.cmsplugin", "pk": 409, "fields": {"path": "000Y000100020001", "depth": 4, "numchild": 0, "placeholder": 6, "parent": 260, "position": 0, "language": "en", "plugin_type": "SnippetPlugin", "creation_date": "2020-05-18T06:13:01.558Z", "changed_date": "2020-05-18T06:19:25.057Z"}}, {"model": "cms.cmsplugin", "pk": 480, "fields": {"path": "000X", "depth": 1, "numchild": 1, "placeholder": 6, "parent": null, "position": 0, "language": "en", "plugin_type": "Bootstrap4GridContainerPlugin", "creation_date": "2020-05-19T02:52:33.890Z", "changed_date": "2020-05-19T22:37:34.507Z"}}, {"model": "cms.cmsplugin", "pk": 630, "fields": {"path": "0018", "depth": 1, "numchild": 1, "placeholder": 4, "parent": null, "position": 1, "language": "en", "plugin_type": "Bootstrap4GridContainerPlugin", "creation_date": "2020-05-19T22:17:21.254Z", "changed_date": "2020-05-19T22:17:21.262Z"}}, {"model": "cms.cmsplugin", "pk": 631, "fields": {"path": "00180001", "depth": 2, "numchild": 1, "placeholder": 4, "parent": 630, "position": 0, "language": "en", "plugin_type": "Bootstrap4GridRowPlugin", "creation_date": "2020-05-19T22:17:54.410Z", "changed_date": "2020-05-19T22:19:25.241Z"}}, {"model": "cms.cmsplugin", "pk": 633, "fields": {"path": "001800010002", "depth": 3, "numchild": 1, "placeholder": 4, "parent": 631, "position": 0, "language": "en", "plugin_type": "Bootstrap4GridColumnPlugin", "creation_date": "2020-05-19T22:18:12.797Z", "changed_date": "2020-05-19T22:18:27.155Z"}}, {"model": "cms.cmsplugin", "pk": 677, "fields": {"path": "001D", "depth": 1, "numchild": 1, "placeholder": 5, "parent": null, "position": 1, "language": "en", "plugin_type": "Bootstrap4GridContainerPlugin", "creation_date": "2020-05-19T22:17:21.254Z", "changed_date": "2020-05-19T22:21:27.654Z"}}, {"model": "cms.cmsplugin", "pk": 678, "fields": {"path": "001D0001", "depth": 2, "numchild": 1, "placeholder": 5, "parent": 677, "position": 0, "language": "en", "plugin_type": "Bootstrap4GridRowPlugin", "creation_date": "2020-05-19T22:17:54.410Z", "changed_date": "2020-05-19T22:21:27.665Z"}}, {"model": "cms.cmsplugin", "pk": 679, "fields": {"path": "001D00010001", "depth": 3, "numchild": 1, "placeholder": 5, "parent": 678, "position": 0, "language": "en", "plugin_type": "Bootstrap4GridColumnPlugin", "creation_date": "2020-05-19T22:18:12.797Z", "changed_date": "2020-05-19T22:21:27.680Z"}}, {"model": "cms.cmsplugin", "pk": 680, "fields": {"path": "001D000100010001", "depth": 4, "numchild": 0, "placeholder": 5, "parent": 679, "position": 0, "language": "en", "plugin_type": "TextPlugin", "creation_date": "2020-05-16T08:27:52.400Z", "changed_date": "2020-05-19T22:21:27.708Z"}}, {"model": "cms.cmsplugin", "pk": 753, "fields": {"path": "001H", "depth": 1, "numchild": 5, "placeholder": 2, "parent": null, "position": 1, "language": "en", "plugin_type": "Bootstrap4GridContainerPlugin", "creation_date": "2020-05-16T08:30:43.899Z", "changed_date": "2020-05-19T22:27:21.756Z"}}, {"model": "cms.cmsplugin", "pk": 755, "fields": {"path": "001H0002", "depth": 2, "numchild": 2, "placeholder": 2, "parent": 753, "position": 1, "language": "en", "plugin_type": "Bootstrap4GridRowPlugin", "creation_date": "2020-05-16T10:19:58.676Z", "changed_date": "2020-05-19T22:27:21.761Z"}}, {"model": "cms.cmsplugin", "pk": 756, "fields": {"path": "001H00020001", "depth": 3, "numchild": 2, "placeholder": 2, "parent": 755, "position": 0, "language": "en", "plugin_type": "Bootstrap4GridColumnPlugin", "creation_date": "2020-05-16T10:23:37.425Z", "changed_date": "2020-05-19T22:27:21.764Z"}}, {"model": "cms.cmsplugin", "pk": 757, "fields": {"path": "001H000200010001", "depth": 4, "numchild": 0, "placeholder": 2, "parent": 756, "position": 1, "language": "en", "plugin_type": "TextPlugin", "creation_date": "2020-05-16T10:24:08.247Z", "changed_date": "2020-05-19T22:27:21.921Z"}}, {"model": "cms.cmsplugin", "pk": 758, "fields": {"path": "001H00020002", "depth": 3, "numchild": 1, "placeholder": 2, "parent": 755, "position": 1, "language": "en", "plugin_type": "Bootstrap4GridColumnPlugin", "creation_date": "2020-05-16T10:23:58.595Z", "changed_date": "2020-05-19T23:06:38.249Z"}}, {"model": "cms.cmsplugin", "pk": 759, "fields": {"path": "001H000200020001", "depth": 4, "numchild": 0, "placeholder": 2, "parent": 758, "position": 0, "language": "en", "plugin_type": "TextPlugin", "creation_date": "2020-05-16T10:55:28.090Z", "changed_date": "2020-05-19T23:17:17.140Z"}}, {"model": "cms.cmsplugin", "pk": 760, "fields": {"path": "001H0003", "depth": 2, "numchild": 4, "placeholder": 2, "parent": 753, "position": 3, "language": "en", "plugin_type": "Bootstrap4GridRowPlugin", "creation_date": "2020-05-16T10:59:01.962Z", "changed_date": "2020-05-19T22:27:21.787Z"}}, {"model": "cms.cmsplugin", "pk": 761, "fields": {"path": "001H00030001", "depth": 3, "numchild": 1, "placeholder": 2, "parent": 760, "position": 0, "language": "en", "plugin_type": "Bootstrap4GridColumnPlugin", "creation_date": "2020-05-16T10:59:01.967Z", "changed_date": "2020-05-19T22:27:21.789Z"}}, {"model": "cms.cmsplugin", "pk": 762, "fields": {"path": "001H000300010001", "depth": 4, "numchild": 0, "placeholder": 2, "parent": 761, "position": 0, "language": "en", "plugin_type": "TextPlugin", "creation_date": "2020-05-16T11:02:11.678Z", "changed_date": "2020-05-19T22:27:21.940Z"}}, {"model": "cms.cmsplugin", "pk": 763, "fields": {"path": "001H00030002", "depth": 3, "numchild": 1, "placeholder": 2, "parent": 760, "position": 1, "language": "en", "plugin_type": "Bootstrap4GridColumnPlugin", "creation_date": "2020-05-16T10:59:01.969Z", "changed_date": "2020-05-19T22:27:21.800Z"}}, {"model": "cms.cmsplugin", "pk": 764, "fields": {"path": "001H000300020001", "depth": 4, "numchild": 0, "placeholder": 2, "parent": 763, "position": 0, "language": "en", "plugin_type": "TextPlugin", "creation_date": "2020-05-16T11:03:24.601Z", "changed_date": "2020-05-19T22:27:21.947Z"}}, {"model": "cms.cmsplugin", "pk": 765, "fields": {"path": "001H00030003", "depth": 3, "numchild": 1, "placeholder": 2, "parent": 760, "position": 2, "language": "en", "plugin_type": "Bootstrap4GridColumnPlugin", "creation_date": "2020-05-16T10:59:01.971Z", "changed_date": "2020-05-19T22:27:21.813Z"}}, {"model": "cms.cmsplugin", "pk": 766, "fields": {"path": "001H000300030001", "depth": 4, "numchild": 0, "placeholder": 2, "parent": 765, "position": 0, "language": "en", "plugin_type": "TextPlugin", "creation_date": "2020-05-16T11:04:20.938Z", "changed_date": "2020-05-19T22:27:21.956Z"}}, {"model": "cms.cmsplugin", "pk": 767, "fields": {"path": "001H00030004", "depth": 3, "numchild": 1, "placeholder": 2, "parent": 760, "position": 3, "language": "en", "plugin_type": "Bootstrap4GridColumnPlugin", "creation_date": "2020-05-19T21:32:30.209Z", "changed_date": "2020-05-19T22:33:04.798Z"}}, {"model": "cms.cmsplugin", "pk": 768, "fields": {"path": "001H000300040001", "depth": 4, "numchild": 0, "placeholder": 2, "parent": 767, "position": 0, "language": "en", "plugin_type": "TextPlugin", "creation_date": "2020-05-19T21:32:43.858Z", "changed_date": "2020-05-19T22:34:27.890Z"}}, {"model": "cms.cmsplugin", "pk": 769, "fields": {"path": "001H00070001", "depth": 3, "numchild": 2, "placeholder": 2, "parent": 789, "position": 0, "language": "en", "plugin_type": "Bootstrap4GridRowPlugin", "creation_date": "2020-05-16T11:12:17.558Z", "changed_date": "2020-05-19T22:27:21.833Z"}}, {"model": "cms.cmsplugin", "pk": 770, "fields": {"path": "001H000700010001", "depth": 4, "numchild": 1, "placeholder": 2, "parent": 769, "position": 0, "language": "en", "plugin_type": "Bootstrap4GridColumnPlugin", "creation_date": "2020-05-16T11:20:04.800Z", "changed_date": "2020-05-19T22:27:21.835Z"}}, {"model": "cms.cmsplugin", "pk": 771, "fields": {"path": "001H0007000100010001", "depth": 5, "numchild": 0, "placeholder": 2, "parent": 770, "position": 0, "language": "en", "plugin_type": "Bootstrap4PicturePlugin", "creation_date": "2020-05-16T11:23:20.853Z", "changed_date": "2020-05-19T22:28:26.420Z"}}, {"model": "cms.cmsplugin", "pk": 772, "fields": {"path": "001H000700010002", "depth": 4, "numchild": 1, "placeholder": 2, "parent": 769, "position": 1, "language": "en", "plugin_type": "Bootstrap4GridColumnPlugin", "creation_date": "2020-05-16T11:20:04.803Z", "changed_date": "2020-05-19T22:27:21.844Z"}}, {"model": "cms.cmsplugin", "pk": 773, "fields": {"path": "001H0007000100020001", "depth": 5, "numchild": 0, "placeholder": 2, "parent": 772, "position": 0, "language": "en", "plugin_type": "TextPlugin", "creation_date": "2020-05-16T11:26:05.387Z", "changed_date": "2020-05-19T22:27:21.971Z"}}, {"model": "cms.cmsplugin", "pk": 774, "fields": {"path": "001H0005", "depth": 2, "numchild": 1, "placeholder": 2, "parent": 753, "position": 0, "language": "en", "plugin_type": "Bootstrap4GridRowPlugin", "creation_date": "2020-05-16T11:31:46.559Z", "changed_date": "2020-05-19T22:27:21.855Z"}}, {"model": "cms.cmsplugin", "pk": 775, "fields": {"path": "001H00050001", "depth": 3, "numchild": 2, "placeholder": 2, "parent": 774, "position": 0, "language": "en", "plugin_type": "Bootstrap4GridColumnPlugin", "creation_date": "2020-05-16T11:31:46.565Z", "changed_date": "2020-05-19T22:27:21.859Z"}}, {"model": "cms.cmsplugin", "pk": 776, "fields": {"path": "001H000500010001", "depth": 4, "numchild": 0, "placeholder": 2, "parent": 775, "position": 0, "language": "en", "plugin_type": "TextPlugin", "creation_date": "2020-05-16T11:33:03.958Z", "changed_date": "2020-05-19T22:27:21.980Z"}}, {"model": "cms.cmsplugin", "pk": 777, "fields": {"path": "001H000500010002", "depth": 4, "numchild": 0, "placeholder": 2, "parent": 775, "position": 1, "language": "en", "plugin_type": "TextPlugin", "creation_date": "2020-05-18T03:00:15.674Z", "changed_date": "2020-05-19T22:27:21.986Z"}}, {"model": "cms.cmsplugin", "pk": 778, "fields": {"path": "001H0006", "depth": 2, "numchild": 1, "placeholder": 2, "parent": 753, "position": 5, "language": "en", "plugin_type": "Bootstrap4LinkPlugin", "creation_date": "2020-05-19T22:24:23.224Z", "changed_date": "2020-05-21T04:27:49.177Z"}}, {"model": "cms.cmsplugin", "pk": 779, "fields": {"path": "001H00060001", "depth": 3, "numchild": 1, "placeholder": 2, "parent": 778, "position": 0, "language": "en", "plugin_type": "Bootstrap4GridRowPlugin", "creation_date": "2020-05-16T11:13:12.805Z", "changed_date": "2020-05-19T22:42:36.475Z"}}, {"model": "cms.cmsplugin", "pk": 780, "fields": {"path": "001H000600010001", "depth": 4, "numchild": 1, "placeholder": 2, "parent": 779, "position": 0, "language": "en", "plugin_type": "Bootstrap4GridColumnPlugin", "creation_date": "2020-05-16T11:20:26.328Z", "changed_date": "2020-05-19T22:43:38.339Z"}}, {"model": "cms.cmsplugin", "pk": 781, "fields": {"path": "001H0006000100010001", "depth": 5, "numchild": 0, "placeholder": 2, "parent": 780, "position": 0, "language": "en", "plugin_type": "Bootstrap4PicturePlugin", "creation_date": "2020-05-16T11:31:10.099Z", "changed_date": "2020-05-19T22:42:15.100Z"}}, {"model": "cms.cmsplugin", "pk": 782, "fields": {"path": "001I", "depth": 1, "numchild": 2, "placeholder": 2, "parent": null, "position": 0, "language": "en", "plugin_type": "Bootstrap4GridContainerPlugin", "creation_date": "2020-05-19T02:47:53.795Z", "changed_date": "2020-05-21T03:56:42.731Z"}}, {"model": "cms.cmsplugin", "pk": 783, "fields": {"path": "001I0001", "depth": 2, "numchild": 5, "placeholder": 2, "parent": 782, "position": 0, "language": "en", "plugin_type": "Bootstrap4CarouselPlugin", "creation_date": "2020-05-16T08:32:06.270Z", "changed_date": "2020-05-19T22:27:21.895Z"}}, {"model": "cms.cmsplugin", "pk": 784, "fields": {"path": "001I00010001", "depth": 3, "numchild": 0, "placeholder": 2, "parent": 783, "position": 0, "language": "en", "plugin_type": "Bootstrap4CarouselSlidePlugin", "creation_date": "2020-05-16T08:43:19.355Z", "changed_date": "2020-05-19T22:27:21.899Z"}}, {"model": "cms.cmsplugin", "pk": 785, "fields": {"path": "001I00010002", "depth": 3, "numchild": 0, "placeholder": 2, "parent": 783, "position": 1, "language": "en", "plugin_type": "Bootstrap4CarouselSlidePlugin", "creation_date": "2020-05-16T08:45:55.891Z", "changed_date": "2020-05-19T22:27:21.904Z"}}, {"model": "cms.cmsplugin", "pk": 786, "fields": {"path": "001I00010003", "depth": 3, "numchild": 0, "placeholder": 2, "parent": 783, "position": 2, "language": "en", "plugin_type": "Bootstrap4CarouselSlidePlugin", "creation_date": "2020-05-16T08:46:11.472Z", "changed_date": "2020-05-19T22:27:21.908Z"}}, {"model": "cms.cmsplugin", "pk": 787, "fields": {"path": "001I00010004", "depth": 3, "numchild": 0, "placeholder": 2, "parent": 783, "position": 3, "language": "en", "plugin_type": "Bootstrap4CarouselSlidePlugin", "creation_date": "2020-05-16T08:46:35.592Z", "changed_date": "2020-05-19T22:27:21.912Z"}}, {"model": "cms.cmsplugin", "pk": 788, "fields": {"path": "001I00010005", "depth": 3, "numchild": 0, "placeholder": 2, "parent": 783, "position": 4, "language": "en", "plugin_type": "Bootstrap4CarouselSlidePlugin", "creation_date": "2020-05-16T08:46:49.607Z", "changed_date": "2020-05-19T22:27:21.917Z"}}, {"model": "cms.cmsplugin", "pk": 789, "fields": {"path": "001H0007", "depth": 2, "numchild": 1, "placeholder": 2, "parent": 753, "position": 4, "language": "en", "plugin_type": "Bootstrap4LinkPlugin", "creation_date": "2020-05-19T22:28:08.898Z", "changed_date": "2020-05-21T04:27:28.453Z"}}, {"model": "cms.cmsplugin", "pk": 1037, "fields": {"path": "001H000200010002", "depth": 4, "numchild": 0, "placeholder": 2, "parent": 756, "position": 0, "language": "en", "plugin_type": "SnippetPlugin", "creation_date": "2020-05-19T23:12:52.586Z", "changed_date": "2020-05-19T23:17:44.006Z"}}, {"model": "cms.cmsplugin", "pk": 1116, "fields": {"path": "001I0004", "depth": 2, "numchild": 1, "placeholder": 2, "parent": 782, "position": 1, "language": "en", "plugin_type": "Bootstrap4GridContainerPlugin", "creation_date": "2020-05-21T03:52:20.109Z", "changed_date": "2020-05-21T04:30:20.742Z"}}, {"model": "cms.cmsplugin", "pk": 1118, "fields": {"path": "001I0004000200010001", "depth": 5, "numchild": 0, "placeholder": 2, "parent": 1186, "position": 0, "language": "en", "plugin_type": "TextPlugin", "creation_date": "2020-05-21T03:54:56.977Z", "changed_date": "2020-06-02T01:51:30.654Z"}}, {"model": "cms.cmsplugin", "pk": 1119, "fields": {"path": "001I0004000200010002", "depth": 5, "numchild": 0, "placeholder": 2, "parent": 1186, "position": 1, "language": "en", "plugin_type": "Bootstrap4PicturePlugin", "creation_date": "2020-05-21T03:56:31.302Z", "changed_date": "2020-06-12T19:12:17.799Z"}}, {"model": "cms.cmsplugin", "pk": 1128, "fields": {"path": "0021", "depth": 1, "numchild": 1, "placeholder": 19, "parent": null, "position": 0, "language": "en", "plugin_type": "Bootstrap4GridContainerPlugin", "creation_date": "2020-05-19T22:05:06.583Z", "changed_date": "2020-05-21T04:23:42.462Z"}}, {"model": "cms.cmsplugin", "pk": 1129, "fields": {"path": "00210001", "depth": 2, "numchild": 1, "placeholder": 19, "parent": 1128, "position": 0, "language": "en", "plugin_type": "Bootstrap4GridRowPlugin", "creation_date": "2020-05-19T22:05:19.409Z", "changed_date": "2020-05-21T04:23:42.469Z"}}, {"model": "cms.cmsplugin", "pk": 1130, "fields": {"path": "002100010001", "depth": 3, "numchild": 1, "placeholder": 19, "parent": 1129, "position": 0, "language": "en", "plugin_type": "Bootstrap4GridColumnPlugin", "creation_date": "2020-05-19T22:05:30.640Z", "changed_date": "2020-05-21T04:23:42.476Z"}}, {"model": "cms.cmsplugin", "pk": 1131, "fields": {"path": "0021000100010001", "depth": 4, "numchild": 0, "placeholder": 19, "parent": 1130, "position": 0, "language": "en", "plugin_type": "Bootstrap4PicturePlugin", "creation_date": "2020-05-19T22:11:13.322Z", "changed_date": "2020-05-21T04:23:42.482Z"}}, {"model": "cms.cmsplugin", "pk": 1136, "fields": {"path": "0023", "depth": 1, "numchild": 1, "placeholder": 21, "parent": null, "position": 0, "language": "en", "plugin_type": "Bootstrap4GridContainerPlugin", "creation_date": "2020-05-19T22:05:06.583Z", "changed_date": "2020-05-21T04:23:58.612Z"}}, {"model": "cms.cmsplugin", "pk": 1137, "fields": {"path": "00230001", "depth": 2, "numchild": 1, "placeholder": 21, "parent": 1136, "position": 0, "language": "en", "plugin_type": "Bootstrap4GridRowPlugin", "creation_date": "2020-05-19T22:05:19.409Z", "changed_date": "2020-05-21T04:23:58.618Z"}}, {"model": "cms.cmsplugin", "pk": 1138, "fields": {"path": "002300010001", "depth": 3, "numchild": 1, "placeholder": 21, "parent": 1137, "position": 0, "language": "en", "plugin_type": "Bootstrap4GridColumnPlugin", "creation_date": "2020-05-19T22:05:30.640Z", "changed_date": "2020-05-21T04:23:58.627Z"}}, {"model": "cms.cmsplugin", "pk": 1139, "fields": {"path": "0023000100010001", "depth": 4, "numchild": 0, "placeholder": 21, "parent": 1138, "position": 0, "language": "en", "plugin_type": "Bootstrap4PicturePlugin", "creation_date": "2020-05-19T22:11:13.322Z", "changed_date": "2020-05-21T04:23:58.634Z"}}, {"model": "cms.cmsplugin", "pk": 1185, "fields": {"path": "001I00040002", "depth": 3, "numchild": 1, "placeholder": 2, "parent": 1116, "position": 0, "language": "en", "plugin_type": "Bootstrap4GridRowPlugin", "creation_date": "2020-05-21T04:29:21.270Z", "changed_date": "2020-05-21T04:29:21.273Z"}}, {"model": "cms.cmsplugin", "pk": 1186, "fields": {"path": "001I000400020001", "depth": 4, "numchild": 2, "placeholder": 2, "parent": 1185, "position": 0, "language": "en", "plugin_type": "Bootstrap4GridColumnPlugin", "creation_date": "2020-05-21T04:29:21.276Z", "changed_date": "2020-05-21T04:30:14.431Z"}}, {"model": "cms.cmsplugin", "pk": 1233, "fields": {"path": "0028", "depth": 1, "numchild": 1, "placeholder": 27, "parent": null, "position": 1, "language": "en", "plugin_type": "Bootstrap4GridContainerPlugin", "creation_date": "2020-05-22T15:38:32.135Z", "changed_date": "2020-06-01T20:50:07.079Z"}}, {"model": "cms.cmsplugin", "pk": 1234, "fields": {"path": "00280001", "depth": 2, "numchild": 2, "placeholder": 27, "parent": 1233, "position": 0, "language": "en", "plugin_type": "Bootstrap4GridRowPlugin", "creation_date": "2020-05-22T15:38:42.373Z", "changed_date": "2020-06-01T20:48:48.652Z"}}, {"model": "cms.cmsplugin", "pk": 1235, "fields": {"path": "002800010001", "depth": 3, "numchild": 1, "placeholder": 27, "parent": 1234, "position": 0, "language": "en", "plugin_type": "Bootstrap4GridColumnPlugin", "creation_date": "2020-05-22T15:38:42.377Z", "changed_date": "2020-06-01T20:50:24.477Z"}}, {"model": "cms.cmsplugin", "pk": 1236, "fields": {"path": "0028000100010001", "depth": 4, "numchild": 0, "placeholder": 27, "parent": 1235, "position": 0, "language": "en", "plugin_type": "SnippetPlugin", "creation_date": "2020-05-22T15:39:16.053Z", "changed_date": "2020-06-01T20:53:09.807Z"}}, {"model": "cms.cmsplugin", "pk": 1238, "fields": {"path": "0029", "depth": 1, "numchild": 1, "placeholder": 27, "parent": null, "position": 0, "language": "en", "plugin_type": "Bootstrap4GridContainerPlugin", "creation_date": "2020-05-22T15:56:32.885Z", "changed_date": "2020-05-22T15:56:32.888Z"}}, {"model": "cms.cmsplugin", "pk": 1239, "fields": {"path": "00290001", "depth": 2, "numchild": 1, "placeholder": 27, "parent": 1238, "position": 0, "language": "en", "plugin_type": "Bootstrap4GridRowPlugin", "creation_date": "2020-05-22T15:56:42.153Z", "changed_date": "2020-05-22T15:56:42.156Z"}}, {"model": "cms.cmsplugin", "pk": 1240, "fields": {"path": "002900010001", "depth": 3, "numchild": 2, "placeholder": 27, "parent": 1239, "position": 0, "language": "en", "plugin_type": "Bootstrap4GridColumnPlugin", "creation_date": "2020-05-22T15:56:42.158Z", "changed_date": "2020-05-31T03:38:56.482Z"}}, {"model": "cms.cmsplugin", "pk": 1241, "fields": {"path": "0029000100010001", "depth": 4, "numchild": 0, "placeholder": 27, "parent": 1240, "position": 0, "language": "en", "plugin_type": "TextPlugin", "creation_date": "2020-05-22T15:56:48.453Z", "changed_date": "2020-05-22T15:56:48.453Z"}}, {"model": "cms.cmsplugin", "pk": 1245, "fields": {"path": "0029000100010002", "depth": 4, "numchild": 0, "placeholder": 27, "parent": 1240, "position": 1, "language": "en", "plugin_type": "SnippetPlugin", "creation_date": "2020-05-22T16:17:29.780Z", "changed_date": "2020-06-01T20:54:15.861Z"}}, {"model": "cms.cmsplugin", "pk": 1246, "fields": {"path": "0028000100020001", "depth": 4, "numchild": 0, "placeholder": 27, "parent": 1361, "position": 0, "language": "en", "plugin_type": "SnippetPlugin", "creation_date": "2020-05-22T16:22:06.235Z", "changed_date": "2020-06-01T20:46:42.618Z"}}, {"model": "cms.cmsplugin", "pk": 1339, "fields": {"path": "002C", "depth": 1, "numchild": 1, "placeholder": 47, "parent": null, "position": 0, "language": "en", "plugin_type": "Bootstrap4GridContainerPlugin", "creation_date": "2020-05-31T21:54:21.923Z", "changed_date": "2020-05-31T21:54:21.929Z"}}, {"model": "cms.cmsplugin", "pk": 1340, "fields": {"path": "002C0001", "depth": 2, "numchild": 1, "placeholder": 47, "parent": 1339, "position": 0, "language": "en", "plugin_type": "Bootstrap4GridRowPlugin", "creation_date": "2020-05-31T21:54:25.859Z", "changed_date": "2020-05-31T21:54:25.862Z"}}, {"model": "cms.cmsplugin", "pk": 1341, "fields": {"path": "002C00010001", "depth": 3, "numchild": 1, "placeholder": 47, "parent": 1340, "position": 0, "language": "en", "plugin_type": "Bootstrap4GridColumnPlugin", "creation_date": "2020-05-31T21:54:30.971Z", "changed_date": "2020-05-31T21:56:07.075Z"}}, {"model": "cms.cmsplugin", "pk": 1342, "fields": {"path": "002C000100010001", "depth": 4, "numchild": 0, "placeholder": 47, "parent": 1341, "position": 0, "language": "en", "plugin_type": "Bootstrap4LinkPlugin", "creation_date": "2020-05-31T21:55:00.372Z", "changed_date": "2020-05-31T21:56:45.420Z"}}, {"model": "cms.cmsplugin", "pk": 1343, "fields": {"path": "002D", "depth": 1, "numchild": 1, "placeholder": 12, "parent": null, "position": 0, "language": "en", "plugin_type": "Bootstrap4GridContainerPlugin", "creation_date": "2020-05-31T21:54:21.923Z", "changed_date": "2020-05-31T21:58:39.146Z"}}, {"model": "cms.cmsplugin", "pk": 1344, "fields": {"path": "002D0001", "depth": 2, "numchild": 1, "placeholder": 12, "parent": 1343, "position": 0, "language": "en", "plugin_type": "Bootstrap4GridRowPlugin", "creation_date": "2020-05-31T21:54:25.859Z", "changed_date": "2020-05-31T21:58:39.159Z"}}, {"model": "cms.cmsplugin", "pk": 1345, "fields": {"path": "002D00010001", "depth": 3, "numchild": 1, "placeholder": 12, "parent": 1344, "position": 0, "language": "en", "plugin_type": "Bootstrap4GridColumnPlugin", "creation_date": "2020-05-31T21:54:30.971Z", "changed_date": "2020-05-31T21:58:39.173Z"}}, {"model": "cms.cmsplugin", "pk": 1346, "fields": {"path": "002D000100010001", "depth": 4, "numchild": 0, "placeholder": 12, "parent": 1345, "position": 0, "language": "en", "plugin_type": "Bootstrap4LinkPlugin", "creation_date": "2020-05-31T21:55:00.372Z", "changed_date": "2020-05-31T21:58:39.186Z"}}, {"model": "cms.cmsplugin", "pk": 1347, "fields": {"path": "002E", "depth": 1, "numchild": 1, "placeholder": 55, "parent": null, "position": 0, "language": "en", "plugin_type": "Bootstrap4GridContainerPlugin", "creation_date": "2020-05-31T21:54:21.923Z", "changed_date": "2020-05-31T21:58:56.236Z"}}, {"model": "cms.cmsplugin", "pk": 1348, "fields": {"path": "002E0001", "depth": 2, "numchild": 1, "placeholder": 55, "parent": 1347, "position": 0, "language": "en", "plugin_type": "Bootstrap4GridRowPlugin", "creation_date": "2020-05-31T21:54:25.859Z", "changed_date": "2020-05-31T21:58:56.249Z"}}, {"model": "cms.cmsplugin", "pk": 1349, "fields": {"path": "002E00010001", "depth": 3, "numchild": 3, "placeholder": 55, "parent": 1348, "position": 0, "language": "en", "plugin_type": "Bootstrap4GridColumnPlugin", "creation_date": "2020-05-31T21:54:30.971Z", "changed_date": "2020-05-31T21:58:56.260Z"}}, {"model": "cms.cmsplugin", "pk": 1350, "fields": {"path": "002E000100010001", "depth": 4, "numchild": 0, "placeholder": 55, "parent": 1349, "position": 1, "language": "en", "plugin_type": "Bootstrap4LinkPlugin", "creation_date": "2020-05-31T21:55:00.372Z", "changed_date": "2020-06-11T23:07:25.750Z"}}, {"model": "cms.cmsplugin", "pk": 1351, "fields": {"path": "002E000100010002", "depth": 4, "numchild": 0, "placeholder": 55, "parent": 1349, "position": 0, "language": "en", "plugin_type": "TextPlugin", "creation_date": "2020-05-31T21:59:18.875Z", "changed_date": "2020-06-11T23:05:31.827Z"}}, {"model": "cms.cmsplugin", "pk": 1357, "fields": {"path": "002G", "depth": 1, "numchild": 1, "placeholder": 51, "parent": null, "position": 0, "language": "en", "plugin_type": "Bootstrap4GridContainerPlugin", "creation_date": "2020-05-31T21:54:21.923Z", "changed_date": "2020-05-31T22:01:46.304Z"}}, {"model": "cms.cmsplugin", "pk": 1358, "fields": {"path": "002G0001", "depth": 2, "numchild": 1, "placeholder": 51, "parent": 1357, "position": 0, "language": "en", "plugin_type": "Bootstrap4GridRowPlugin", "creation_date": "2020-05-31T21:54:25.859Z", "changed_date": "2020-05-31T22:01:46.306Z"}}, {"model": "cms.cmsplugin", "pk": 1359, "fields": {"path": "002G00010001", "depth": 3, "numchild": 1, "placeholder": 51, "parent": 1358, "position": 0, "language": "en", "plugin_type": "Bootstrap4GridColumnPlugin", "creation_date": "2020-05-31T21:54:30.971Z", "changed_date": "2020-05-31T22:01:46.309Z"}}, {"model": "cms.cmsplugin", "pk": 1360, "fields": {"path": "002G000100010001", "depth": 4, "numchild": 0, "placeholder": 51, "parent": 1359, "position": 0, "language": "en", "plugin_type": "Bootstrap4LinkPlugin", "creation_date": "2020-05-31T21:55:00.372Z", "changed_date": "2020-05-31T22:01:46.312Z"}}, {"model": "cms.cmsplugin", "pk": 1361, "fields": {"path": "002800010002", "depth": 3, "numchild": 1, "placeholder": 27, "parent": 1234, "position": 1, "language": "en", "plugin_type": "Bootstrap4GridColumnPlugin", "creation_date": "2020-06-01T20:44:26.281Z", "changed_date": "2020-06-01T20:50:35.550Z"}}, {"model": "cms.cmsplugin", "pk": 1440, "fields": {"path": "002O000100010001", "depth": 4, "numchild": 0, "placeholder": 66, "parent": 1443, "position": 0, "language": "en", "plugin_type": "TextPlugin", "creation_date": "2020-06-02T01:14:32.060Z", "changed_date": "2020-06-02T01:21:59.975Z"}}, {"model": "cms.cmsplugin", "pk": 1441, "fields": {"path": "002O", "depth": 1, "numchild": 1, "placeholder": 66, "parent": null, "position": 1, "language": "en", "plugin_type": "Bootstrap4GridContainerPlugin", "creation_date": "2020-06-02T01:15:47.044Z", "changed_date": "2020-06-02T01:15:47.048Z"}}, {"model": "cms.cmsplugin", "pk": 1442, "fields": {"path": "002O0001", "depth": 2, "numchild": 1, "placeholder": 66, "parent": 1441, "position": 0, "language": "en", "plugin_type": "Bootstrap4GridRowPlugin", "creation_date": "2020-06-02T01:15:55.631Z", "changed_date": "2020-06-02T01:15:55.633Z"}}, {"model": "cms.cmsplugin", "pk": 1443, "fields": {"path": "002O00010001", "depth": 3, "numchild": 2, "placeholder": 66, "parent": 1442, "position": 0, "language": "en", "plugin_type": "Bootstrap4GridColumnPlugin", "creation_date": "2020-06-02T01:15:55.635Z", "changed_date": "2020-06-02T01:16:11.324Z"}}, {"model": "cms.cmsplugin", "pk": 1486, "fields": {"path": "002R", "depth": 1, "numchild": 1, "placeholder": 5, "parent": null, "position": 1, "language": "en", "plugin_type": "Bootstrap4GridContainerPlugin", "creation_date": "2020-05-19T22:17:21.254Z", "changed_date": "2020-06-02T01:17:06.180Z"}}, {"model": "cms.cmsplugin", "pk": 1487, "fields": {"path": "002R0001", "depth": 2, "numchild": 1, "placeholder": 5, "parent": 1486, "position": 0, "language": "en", "plugin_type": "Bootstrap4GridRowPlugin", "creation_date": "2020-05-19T22:17:54.410Z", "changed_date": "2020-06-02T01:17:06.185Z"}}, {"model": "cms.cmsplugin", "pk": 1488, "fields": {"path": "002R00010001", "depth": 3, "numchild": 1, "placeholder": 5, "parent": 1487, "position": 0, "language": "en", "plugin_type": "Bootstrap4GridColumnPlugin", "creation_date": "2020-05-19T22:18:12.797Z", "changed_date": "2020-06-02T01:17:06.191Z"}}, {"model": "cms.cmsplugin", "pk": 1489, "fields": {"path": "002R000100010001", "depth": 4, "numchild": 0, "placeholder": 5, "parent": 1488, "position": 0, "language": "en", "plugin_type": "TextPlugin", "creation_date": "2020-05-16T08:27:52.400Z", "changed_date": "2020-06-02T01:17:06.203Z"}}, {"model": "cms.cmsplugin", "pk": 1494, "fields": {"path": "002T", "depth": 1, "numchild": 1, "placeholder": 51, "parent": null, "position": 0, "language": "en", "plugin_type": "Bootstrap4GridContainerPlugin", "creation_date": "2020-05-31T21:54:21.923Z", "changed_date": "2020-06-02T01:18:01.690Z"}}, {"model": "cms.cmsplugin", "pk": 1495, "fields": {"path": "002T0001", "depth": 2, "numchild": 1, "placeholder": 51, "parent": 1494, "position": 0, "language": "en", "plugin_type": "Bootstrap4GridRowPlugin", "creation_date": "2020-05-31T21:54:25.859Z", "changed_date": "2020-06-02T01:18:01.691Z"}}, {"model": "cms.cmsplugin", "pk": 1496, "fields": {"path": "002T00010001", "depth": 3, "numchild": 1, "placeholder": 51, "parent": 1495, "position": 0, "language": "en", "plugin_type": "Bootstrap4GridColumnPlugin", "creation_date": "2020-05-31T21:54:30.971Z", "changed_date": "2020-06-02T01:18:01.692Z"}}, {"model": "cms.cmsplugin", "pk": 1497, "fields": {"path": "002T000100010001", "depth": 4, "numchild": 0, "placeholder": 51, "parent": 1496, "position": 0, "language": "en", "plugin_type": "Bootstrap4LinkPlugin", "creation_date": "2020-05-31T21:55:00.372Z", "changed_date": "2020-06-02T01:18:01.693Z"}}, {"model": "cms.cmsplugin", "pk": 1498, "fields": {"path": "002U", "depth": 1, "numchild": 1, "placeholder": 68, "parent": null, "position": 1, "language": "en", "plugin_type": "Bootstrap4GridContainerPlugin", "creation_date": "2020-06-02T01:15:47.044Z", "changed_date": "2020-06-02T01:18:06.812Z"}}, {"model": "cms.cmsplugin", "pk": 1499, "fields": {"path": "002U0001", "depth": 2, "numchild": 1, "placeholder": 68, "parent": 1498, "position": 0, "language": "en", "plugin_type": "Bootstrap4GridRowPlugin", "creation_date": "2020-06-02T01:15:55.631Z", "changed_date": "2020-06-02T01:18:06.812Z"}}, {"model": "cms.cmsplugin", "pk": 1500, "fields": {"path": "002U00010001", "depth": 3, "numchild": 1, "placeholder": 68, "parent": 1499, "position": 0, "language": "en", "plugin_type": "Bootstrap4GridColumnPlugin", "creation_date": "2020-06-02T01:15:55.635Z", "changed_date": "2020-06-02T01:18:06.814Z"}}, {"model": "cms.cmsplugin", "pk": 1501, "fields": {"path": "002U000100010001", "depth": 4, "numchild": 0, "placeholder": 68, "parent": 1500, "position": 0, "language": "en", "plugin_type": "TextPlugin", "creation_date": "2020-06-02T01:14:32.060Z", "changed_date": "2020-06-02T01:18:06.818Z"}}, {"model": "cms.cmsplugin", "pk": 1502, "fields": {"path": "002O000100010002", "depth": 4, "numchild": 0, "placeholder": 66, "parent": 1443, "position": 1, "language": "en", "plugin_type": "TextPlugin", "creation_date": "2020-06-02T01:22:03.628Z", "changed_date": "2020-06-02T01:23:26.224Z"}}, {"model": "cms.cmsplugin", "pk": 1806, "fields": {"path": "0034", "depth": 1, "numchild": 1, "placeholder": 7, "parent": null, "position": 0, "language": "en", "plugin_type": "Bootstrap4GridContainerPlugin", "creation_date": "2020-05-19T02:52:33.890Z", "changed_date": "2020-06-11T21:16:31.331Z"}}, {"model": "cms.cmsplugin", "pk": 1807, "fields": {"path": "00340001", "depth": 2, "numchild": 0, "placeholder": 7, "parent": 1806, "position": 0, "language": "en", "plugin_type": "GoogleMapPlugin", "creation_date": "2020-05-18T05:18:14.212Z", "changed_date": "2020-06-11T21:16:31.333Z"}}, {"model": "cms.cmsplugin", "pk": 1808, "fields": {"path": "0035", "depth": 1, "numchild": 1, "placeholder": 7, "parent": null, "position": 1, "language": "en", "plugin_type": "Bootstrap4GridContainerPlugin", "creation_date": "2020-05-16T11:38:32.807Z", "changed_date": "2020-06-11T21:16:31.337Z"}}, {"model": "cms.cmsplugin", "pk": 1809, "fields": {"path": "00350001", "depth": 2, "numchild": 2, "placeholder": 7, "parent": 1808, "position": 1, "language": "en", "plugin_type": "Bootstrap4GridRowPlugin", "creation_date": "2020-05-16T11:38:39.096Z", "changed_date": "2020-06-11T21:16:31.338Z"}}, {"model": "cms.cmsplugin", "pk": 1810, "fields": {"path": "003500010001", "depth": 3, "numchild": 1, "placeholder": 7, "parent": 1809, "position": 0, "language": "en", "plugin_type": "Bootstrap4GridColumnPlugin", "creation_date": "2020-05-16T11:38:44.663Z", "changed_date": "2020-06-11T21:16:31.341Z"}}, {"model": "cms.cmsplugin", "pk": 1811, "fields": {"path": "0035000100010001", "depth": 4, "numchild": 5, "placeholder": 7, "parent": 1810, "position": 0, "language": "en", "plugin_type": "Bootstrap4ListGroupPlugin", "creation_date": "2020-05-16T11:39:25.947Z", "changed_date": "2020-06-11T21:16:31.343Z"}}, {"model": "cms.cmsplugin", "pk": 1812, "fields": {"path": "00350001000100010001", "depth": 5, "numchild": 1, "placeholder": 7, "parent": 1811, "position": 0, "language": "en", "plugin_type": "Bootstrap4ListGroupItemPlugin", "creation_date": "2020-05-16T11:39:40.371Z", "changed_date": "2020-06-11T21:16:31.346Z"}}, {"model": "cms.cmsplugin", "pk": 1813, "fields": {"path": "003500010001000100010001", "depth": 6, "numchild": 0, "placeholder": 7, "parent": 1812, "position": 0, "language": "en", "plugin_type": "TextPlugin", "creation_date": "2020-05-16T11:39:46.585Z", "changed_date": "2020-06-11T21:16:31.409Z"}}, {"model": "cms.cmsplugin", "pk": 1814, "fields": {"path": "00350001000100010002", "depth": 5, "numchild": 1, "placeholder": 7, "parent": 1811, "position": 1, "language": "en", "plugin_type": "Bootstrap4ListGroupItemPlugin", "creation_date": "2020-05-16T11:40:32.515Z", "changed_date": "2020-06-11T21:16:31.357Z"}}, {"model": "cms.cmsplugin", "pk": 1815, "fields": {"path": "003500010001000100020001", "depth": 6, "numchild": 0, "placeholder": 7, "parent": 1814, "position": 0, "language": "en", "plugin_type": "TextPlugin", "creation_date": "2020-05-16T11:40:34.914Z", "changed_date": "2020-06-11T21:16:31.417Z"}}, {"model": "cms.cmsplugin", "pk": 1816, "fields": {"path": "00350001000100010003", "depth": 5, "numchild": 1, "placeholder": 7, "parent": 1811, "position": 2, "language": "en", "plugin_type": "Bootstrap4ListGroupItemPlugin", "creation_date": "2020-05-16T11:40:51.688Z", "changed_date": "2020-06-11T21:16:31.369Z"}}, {"model": "cms.cmsplugin", "pk": 1817, "fields": {"path": "003500010001000100030001", "depth": 6, "numchild": 0, "placeholder": 7, "parent": 1816, "position": 0, "language": "en", "plugin_type": "TextPlugin", "creation_date": "2020-05-16T11:40:54.407Z", "changed_date": "2020-06-11T21:16:31.425Z"}}, {"model": "cms.cmsplugin", "pk": 1818, "fields": {"path": "00350001000100010004", "depth": 5, "numchild": 1, "placeholder": 7, "parent": 1811, "position": 3, "language": "en", "plugin_type": "Bootstrap4ListGroupItemPlugin", "creation_date": "2020-05-16T11:41:08.698Z", "changed_date": "2020-06-11T21:16:31.378Z"}}, {"model": "cms.cmsplugin", "pk": 1819, "fields": {"path": "003500010001000100040001", "depth": 6, "numchild": 0, "placeholder": 7, "parent": 1818, "position": 0, "language": "en", "plugin_type": "TextPlugin", "creation_date": "2020-05-16T11:41:15.603Z", "changed_date": "2020-06-11T21:16:31.433Z"}}, {"model": "cms.cmsplugin", "pk": 1820, "fields": {"path": "00350001000100010005", "depth": 5, "numchild": 1, "placeholder": 7, "parent": 1811, "position": 4, "language": "en", "plugin_type": "Bootstrap4ListGroupItemPlugin", "creation_date": "2020-05-16T11:41:26.190Z", "changed_date": "2020-06-11T21:16:31.392Z"}}, {"model": "cms.cmsplugin", "pk": 1821, "fields": {"path": "003500010001000100050001", "depth": 6, "numchild": 0, "placeholder": 7, "parent": 1820, "position": 0, "language": "en", "plugin_type": "TextPlugin", "creation_date": "2020-05-16T11:41:29.046Z", "changed_date": "2020-06-11T21:16:31.440Z"}}, {"model": "cms.cmsplugin", "pk": 1822, "fields": {"path": "003500010002", "depth": 3, "numchild": 1, "placeholder": 7, "parent": 1809, "position": 1, "language": "en", "plugin_type": "Bootstrap4GridColumnPlugin", "creation_date": "2020-05-18T05:52:20.158Z", "changed_date": "2020-06-11T21:16:31.401Z"}}, {"model": "cms.cmsplugin", "pk": 1823, "fields": {"path": "0035000100020001", "depth": 4, "numchild": 0, "placeholder": 7, "parent": 1822, "position": 0, "language": "en", "plugin_type": "SnippetPlugin", "creation_date": "2020-05-18T06:13:01.558Z", "changed_date": "2020-06-11T21:16:31.404Z"}}, {"model": "cms.cmsplugin", "pk": 1824, "fields": {"path": "0036", "depth": 1, "numchild": 1, "placeholder": 60, "parent": null, "position": 1, "language": "en", "plugin_type": "Bootstrap4GridContainerPlugin", "creation_date": "2020-05-22T15:38:32.135Z", "changed_date": "2020-06-11T21:19:57.196Z"}}, {"model": "cms.cmsplugin", "pk": 1825, "fields": {"path": "00360001", "depth": 2, "numchild": 2, "placeholder": 60, "parent": 1824, "position": 0, "language": "en", "plugin_type": "Bootstrap4GridRowPlugin", "creation_date": "2020-05-22T15:38:42.373Z", "changed_date": "2020-06-11T21:19:57.198Z"}}, {"model": "cms.cmsplugin", "pk": 1826, "fields": {"path": "003600010001", "depth": 3, "numchild": 1, "placeholder": 60, "parent": 1825, "position": 0, "language": "en", "plugin_type": "Bootstrap4GridColumnPlugin", "creation_date": "2020-05-22T15:38:42.377Z", "changed_date": "2020-06-11T21:19:57.201Z"}}, {"model": "cms.cmsplugin", "pk": 1827, "fields": {"path": "0036000100010001", "depth": 4, "numchild": 0, "placeholder": 60, "parent": 1826, "position": 0, "language": "en", "plugin_type": "SnippetPlugin", "creation_date": "2020-05-22T15:39:16.053Z", "changed_date": "2020-06-11T21:19:57.203Z"}}, {"model": "cms.cmsplugin", "pk": 1828, "fields": {"path": "003600010002", "depth": 3, "numchild": 1, "placeholder": 60, "parent": 1825, "position": 1, "language": "en", "plugin_type": "Bootstrap4GridColumnPlugin", "creation_date": "2020-06-01T20:44:26.281Z", "changed_date": "2020-06-11T21:19:57.207Z"}}, {"model": "cms.cmsplugin", "pk": 1829, "fields": {"path": "0036000100020001", "depth": 4, "numchild": 0, "placeholder": 60, "parent": 1828, "position": 0, "language": "en", "plugin_type": "SnippetPlugin", "creation_date": "2020-05-22T16:22:06.235Z", "changed_date": "2020-06-11T21:19:57.210Z"}}, {"model": "cms.cmsplugin", "pk": 1830, "fields": {"path": "0037", "depth": 1, "numchild": 1, "placeholder": 60, "parent": null, "position": 0, "language": "en", "plugin_type": "Bootstrap4GridContainerPlugin", "creation_date": "2020-05-22T15:56:32.885Z", "changed_date": "2020-06-11T21:19:57.213Z"}}, {"model": "cms.cmsplugin", "pk": 1831, "fields": {"path": "00370001", "depth": 2, "numchild": 1, "placeholder": 60, "parent": 1830, "position": 0, "language": "en", "plugin_type": "Bootstrap4GridRowPlugin", "creation_date": "2020-05-22T15:56:42.153Z", "changed_date": "2020-06-11T21:19:57.215Z"}}, {"model": "cms.cmsplugin", "pk": 1832, "fields": {"path": "003700010001", "depth": 3, "numchild": 1, "placeholder": 60, "parent": 1831, "position": 0, "language": "en", "plugin_type": "Bootstrap4GridColumnPlugin", "creation_date": "2020-05-22T15:56:42.158Z", "changed_date": "2020-06-11T21:19:57.217Z"}}, {"model": "cms.cmsplugin", "pk": 1833, "fields": {"path": "0037000100010001", "depth": 4, "numchild": 0, "placeholder": 60, "parent": 1832, "position": 1, "language": "en", "plugin_type": "SnippetPlugin", "creation_date": "2020-05-22T16:17:29.780Z", "changed_date": "2020-06-11T21:19:57.219Z"}}, {"model": "cms.cmsplugin", "pk": 1851, "fields": {"path": "003C", "depth": 1, "numchild": 0, "placeholder": 2, "parent": null, "position": 2, "language": "en", "plugin_type": "SnippetPlugin", "creation_date": "2020-06-11T21:42:14.850Z", "changed_date": "2020-06-11T22:50:36.066Z"}}, {"model": "cms.cmsplugin", "pk": 1853, "fields": {"path": "002E000100010003", "depth": 4, "numchild": 0, "placeholder": 55, "parent": 1349, "position": 2, "language": "en", "plugin_type": "TextPlugin", "creation_date": "2020-06-11T22:52:10.901Z", "changed_date": "2020-06-11T22:52:16.382Z"}}, {"model": "cms.cmsplugin", "pk": 1897, "fields": {"path": "003G", "depth": 1, "numchild": 1, "placeholder": 57, "parent": null, "position": 0, "language": "en", "plugin_type": "Bootstrap4GridContainerPlugin", "creation_date": "2020-05-31T21:54:21.923Z", "changed_date": "2020-06-11T23:09:12.556Z"}}, {"model": "cms.cmsplugin", "pk": 1898, "fields": {"path": "003G0001", "depth": 2, "numchild": 1, "placeholder": 57, "parent": 1897, "position": 0, "language": "en", "plugin_type": "Bootstrap4GridRowPlugin", "creation_date": "2020-05-31T21:54:25.859Z", "changed_date": "2020-06-11T23:09:12.558Z"}}, {"model": "cms.cmsplugin", "pk": 1899, "fields": {"path": "003G00010001", "depth": 3, "numchild": 3, "placeholder": 57, "parent": 1898, "position": 0, "language": "en", "plugin_type": "Bootstrap4GridColumnPlugin", "creation_date": "2020-05-31T21:54:30.971Z", "changed_date": "2020-06-11T23:09:12.561Z"}}, {"model": "cms.cmsplugin", "pk": 1900, "fields": {"path": "003G000100010001", "depth": 4, "numchild": 0, "placeholder": 57, "parent": 1899, "position": 1, "language": "en", "plugin_type": "Bootstrap4LinkPlugin", "creation_date": "2020-05-31T21:55:00.372Z", "changed_date": "2020-06-11T23:09:12.564Z"}}, {"model": "cms.cmsplugin", "pk": 1901, "fields": {"path": "003G000100010002", "depth": 4, "numchild": 0, "placeholder": 57, "parent": 1899, "position": 0, "language": "en", "plugin_type": "TextPlugin", "creation_date": "2020-05-31T21:59:18.875Z", "changed_date": "2020-06-11T23:09:12.582Z"}}, {"model": "cms.cmsplugin", "pk": 1902, "fields": {"path": "003G000100010003", "depth": 4, "numchild": 0, "placeholder": 57, "parent": 1899, "position": 2, "language": "en", "plugin_type": "TextPlugin", "creation_date": "2020-06-11T22:52:10.901Z", "changed_date": "2020-06-11T23:09:12.590Z"}}, {"model": "cms.cmsplugin", "pk": 1946, "fields": {"path": "003H", "depth": 1, "numchild": 5, "placeholder": 3, "parent": null, "position": 1, "language": "en", "plugin_type": "Bootstrap4GridContainerPlugin", "creation_date": "2020-05-16T08:30:43.899Z", "changed_date": "2020-06-12T19:13:32.590Z"}}, {"model": "cms.cmsplugin", "pk": 1947, "fields": {"path": "003H0001", "depth": 2, "numchild": 2, "placeholder": 3, "parent": 1946, "position": 1, "language": "en", "plugin_type": "Bootstrap4GridRowPlugin", "creation_date": "2020-05-16T10:19:58.676Z", "changed_date": "2020-06-12T19:13:32.591Z"}}, {"model": "cms.cmsplugin", "pk": 1948, "fields": {"path": "003H00010001", "depth": 3, "numchild": 2, "placeholder": 3, "parent": 1947, "position": 0, "language": "en", "plugin_type": "Bootstrap4GridColumnPlugin", "creation_date": "2020-05-16T10:23:37.425Z", "changed_date": "2020-06-12T19:13:32.593Z"}}, {"model": "cms.cmsplugin", "pk": 1949, "fields": {"path": "003H000100010001", "depth": 4, "numchild": 0, "placeholder": 3, "parent": 1948, "position": 1, "language": "en", "plugin_type": "TextPlugin", "creation_date": "2020-05-16T10:24:08.247Z", "changed_date": "2020-06-12T19:13:32.684Z"}}, {"model": "cms.cmsplugin", "pk": 1950, "fields": {"path": "003H000100010002", "depth": 4, "numchild": 0, "placeholder": 3, "parent": 1948, "position": 0, "language": "en", "plugin_type": "SnippetPlugin", "creation_date": "2020-05-19T23:12:52.586Z", "changed_date": "2020-06-12T19:13:32.599Z"}}, {"model": "cms.cmsplugin", "pk": 1951, "fields": {"path": "003H00010002", "depth": 3, "numchild": 1, "placeholder": 3, "parent": 1947, "position": 1, "language": "en", "plugin_type": "Bootstrap4GridColumnPlugin", "creation_date": "2020-05-16T10:23:58.595Z", "changed_date": "2020-06-12T19:13:32.601Z"}}, {"model": "cms.cmsplugin", "pk": 1952, "fields": {"path": "003H000100020001", "depth": 4, "numchild": 0, "placeholder": 3, "parent": 1951, "position": 0, "language": "en", "plugin_type": "TextPlugin", "creation_date": "2020-05-16T10:55:28.090Z", "changed_date": "2020-06-12T19:13:32.687Z"}}, {"model": "cms.cmsplugin", "pk": 1953, "fields": {"path": "003H0002", "depth": 2, "numchild": 4, "placeholder": 3, "parent": 1946, "position": 3, "language": "en", "plugin_type": "Bootstrap4GridRowPlugin", "creation_date": "2020-05-16T10:59:01.962Z", "changed_date": "2020-06-12T19:13:32.607Z"}}, {"model": "cms.cmsplugin", "pk": 1954, "fields": {"path": "003H00020001", "depth": 3, "numchild": 1, "placeholder": 3, "parent": 1953, "position": 0, "language": "en", "plugin_type": "Bootstrap4GridColumnPlugin", "creation_date": "2020-05-16T10:59:01.967Z", "changed_date": "2020-06-12T19:13:32.609Z"}}, {"model": "cms.cmsplugin", "pk": 1955, "fields": {"path": "003H000200010001", "depth": 4, "numchild": 0, "placeholder": 3, "parent": 1954, "position": 0, "language": "en", "plugin_type": "TextPlugin", "creation_date": "2020-05-16T11:02:11.678Z", "changed_date": "2020-06-12T19:13:32.691Z"}}, {"model": "cms.cmsplugin", "pk": 1956, "fields": {"path": "003H00020002", "depth": 3, "numchild": 1, "placeholder": 3, "parent": 1953, "position": 1, "language": "en", "plugin_type": "Bootstrap4GridColumnPlugin", "creation_date": "2020-05-16T10:59:01.969Z", "changed_date": "2020-06-12T19:13:32.614Z"}}, {"model": "cms.cmsplugin", "pk": 1957, "fields": {"path": "003H000200020001", "depth": 4, "numchild": 0, "placeholder": 3, "parent": 1956, "position": 0, "language": "en", "plugin_type": "TextPlugin", "creation_date": "2020-05-16T11:03:24.601Z", "changed_date": "2020-06-12T19:13:32.695Z"}}, {"model": "cms.cmsplugin", "pk": 1958, "fields": {"path": "003H00020003", "depth": 3, "numchild": 1, "placeholder": 3, "parent": 1953, "position": 2, "language": "en", "plugin_type": "Bootstrap4GridColumnPlugin", "creation_date": "2020-05-16T10:59:01.971Z", "changed_date": "2020-06-12T19:13:32.619Z"}}, {"model": "cms.cmsplugin", "pk": 1959, "fields": {"path": "003H000200030001", "depth": 4, "numchild": 0, "placeholder": 3, "parent": 1958, "position": 0, "language": "en", "plugin_type": "TextPlugin", "creation_date": "2020-05-16T11:04:20.938Z", "changed_date": "2020-06-12T19:13:32.699Z"}}, {"model": "cms.cmsplugin", "pk": 1960, "fields": {"path": "003H00020004", "depth": 3, "numchild": 1, "placeholder": 3, "parent": 1953, "position": 3, "language": "en", "plugin_type": "Bootstrap4GridColumnPlugin", "creation_date": "2020-05-19T21:32:30.209Z", "changed_date": "2020-06-12T19:13:32.624Z"}}, {"model": "cms.cmsplugin", "pk": 1961, "fields": {"path": "003H000200040001", "depth": 4, "numchild": 0, "placeholder": 3, "parent": 1960, "position": 0, "language": "en", "plugin_type": "TextPlugin", "creation_date": "2020-05-19T21:32:43.858Z", "changed_date": "2020-06-12T19:13:32.703Z"}}, {"model": "cms.cmsplugin", "pk": 1962, "fields": {"path": "003H0003", "depth": 2, "numchild": 1, "placeholder": 3, "parent": 1946, "position": 0, "language": "en", "plugin_type": "Bootstrap4GridRowPlugin", "creation_date": "2020-05-16T11:31:46.559Z", "changed_date": "2020-06-12T19:13:32.628Z"}}, {"model": "cms.cmsplugin", "pk": 1963, "fields": {"path": "003H00030001", "depth": 3, "numchild": 2, "placeholder": 3, "parent": 1962, "position": 0, "language": "en", "plugin_type": "Bootstrap4GridColumnPlugin", "creation_date": "2020-05-16T11:31:46.565Z", "changed_date": "2020-06-12T19:13:32.630Z"}}, {"model": "cms.cmsplugin", "pk": 1964, "fields": {"path": "003H000300010001", "depth": 4, "numchild": 0, "placeholder": 3, "parent": 1963, "position": 0, "language": "en", "plugin_type": "TextPlugin", "creation_date": "2020-05-16T11:33:03.958Z", "changed_date": "2020-06-12T19:13:32.707Z"}}, {"model": "cms.cmsplugin", "pk": 1965, "fields": {"path": "003H000300010002", "depth": 4, "numchild": 0, "placeholder": 3, "parent": 1963, "position": 1, "language": "en", "plugin_type": "TextPlugin", "creation_date": "2020-05-18T03:00:15.674Z", "changed_date": "2020-06-12T19:13:32.711Z"}}, {"model": "cms.cmsplugin", "pk": 1966, "fields": {"path": "003H0004", "depth": 2, "numchild": 1, "placeholder": 3, "parent": 1946, "position": 5, "language": "en", "plugin_type": "Bootstrap4LinkPlugin", "creation_date": "2020-05-19T22:24:23.224Z", "changed_date": "2020-06-12T19:13:32.638Z"}}, {"model": "cms.cmsplugin", "pk": 1967, "fields": {"path": "003H00040001", "depth": 3, "numchild": 1, "placeholder": 3, "parent": 1966, "position": 0, "language": "en", "plugin_type": "Bootstrap4GridRowPlugin", "creation_date": "2020-05-16T11:13:12.805Z", "changed_date": "2020-06-12T19:13:32.639Z"}}, {"model": "cms.cmsplugin", "pk": 1968, "fields": {"path": "003H000400010001", "depth": 4, "numchild": 1, "placeholder": 3, "parent": 1967, "position": 0, "language": "en", "plugin_type": "Bootstrap4GridColumnPlugin", "creation_date": "2020-05-16T11:20:26.328Z", "changed_date": "2020-06-12T19:13:32.641Z"}}, {"model": "cms.cmsplugin", "pk": 1969, "fields": {"path": "003H0004000100010001", "depth": 5, "numchild": 0, "placeholder": 3, "parent": 1968, "position": 0, "language": "en", "plugin_type": "Bootstrap4PicturePlugin", "creation_date": "2020-05-16T11:31:10.099Z", "changed_date": "2020-06-12T19:13:32.642Z"}}, {"model": "cms.cmsplugin", "pk": 1970, "fields": {"path": "003H0005", "depth": 2, "numchild": 1, "placeholder": 3, "parent": 1946, "position": 4, "language": "en", "plugin_type": "Bootstrap4LinkPlugin", "creation_date": "2020-05-19T22:28:08.898Z", "changed_date": "2020-06-12T19:13:32.645Z"}}, {"model": "cms.cmsplugin", "pk": 1971, "fields": {"path": "003H00050001", "depth": 3, "numchild": 2, "placeholder": 3, "parent": 1970, "position": 0, "language": "en", "plugin_type": "Bootstrap4GridRowPlugin", "creation_date": "2020-05-16T11:12:17.558Z", "changed_date": "2020-06-12T19:13:32.646Z"}}, {"model": "cms.cmsplugin", "pk": 1972, "fields": {"path": "003H000500010001", "depth": 4, "numchild": 1, "placeholder": 3, "parent": 1971, "position": 0, "language": "en", "plugin_type": "Bootstrap4GridColumnPlugin", "creation_date": "2020-05-16T11:20:04.800Z", "changed_date": "2020-06-12T19:13:32.648Z"}}, {"model": "cms.cmsplugin", "pk": 1973, "fields": {"path": "003H0005000100010001", "depth": 5, "numchild": 0, "placeholder": 3, "parent": 1972, "position": 0, "language": "en", "plugin_type": "Bootstrap4PicturePlugin", "creation_date": "2020-05-16T11:23:20.853Z", "changed_date": "2020-06-12T19:13:32.649Z"}}, {"model": "cms.cmsplugin", "pk": 1974, "fields": {"path": "003H000500010002", "depth": 4, "numchild": 1, "placeholder": 3, "parent": 1971, "position": 1, "language": "en", "plugin_type": "Bootstrap4GridColumnPlugin", "creation_date": "2020-05-16T11:20:04.803Z", "changed_date": "2020-06-12T19:13:32.653Z"}}, {"model": "cms.cmsplugin", "pk": 1975, "fields": {"path": "003H0005000100020001", "depth": 5, "numchild": 0, "placeholder": 3, "parent": 1974, "position": 0, "language": "en", "plugin_type": "TextPlugin", "creation_date": "2020-05-16T11:26:05.387Z", "changed_date": "2020-06-12T19:13:32.714Z"}}, {"model": "cms.cmsplugin", "pk": 1976, "fields": {"path": "003I", "depth": 1, "numchild": 2, "placeholder": 3, "parent": null, "position": 0, "language": "en", "plugin_type": "Bootstrap4GridContainerPlugin", "creation_date": "2020-05-19T02:47:53.795Z", "changed_date": "2020-06-12T19:13:32.658Z"}}, {"model": "cms.cmsplugin", "pk": 1977, "fields": {"path": "003I0001", "depth": 2, "numchild": 5, "placeholder": 3, "parent": 1976, "position": 0, "language": "en", "plugin_type": "Bootstrap4CarouselPlugin", "creation_date": "2020-05-16T08:32:06.270Z", "changed_date": "2020-06-12T19:13:32.659Z"}}, {"model": "cms.cmsplugin", "pk": 1978, "fields": {"path": "003I00010001", "depth": 3, "numchild": 0, "placeholder": 3, "parent": 1977, "position": 0, "language": "en", "plugin_type": "Bootstrap4CarouselSlidePlugin", "creation_date": "2020-05-16T08:43:19.355Z", "changed_date": "2020-06-12T19:13:32.660Z"}}, {"model": "cms.cmsplugin", "pk": 1979, "fields": {"path": "003I00010002", "depth": 3, "numchild": 0, "placeholder": 3, "parent": 1977, "position": 1, "language": "en", "plugin_type": "Bootstrap4CarouselSlidePlugin", "creation_date": "2020-05-16T08:45:55.891Z", "changed_date": "2020-06-12T19:13:32.662Z"}}, {"model": "cms.cmsplugin", "pk": 1980, "fields": {"path": "003I00010003", "depth": 3, "numchild": 0, "placeholder": 3, "parent": 1977, "position": 2, "language": "en", "plugin_type": "Bootstrap4CarouselSlidePlugin", "creation_date": "2020-05-16T08:46:11.472Z", "changed_date": "2020-06-12T19:13:32.664Z"}}, {"model": "cms.cmsplugin", "pk": 1981, "fields": {"path": "003I00010004", "depth": 3, "numchild": 0, "placeholder": 3, "parent": 1977, "position": 3, "language": "en", "plugin_type": "Bootstrap4CarouselSlidePlugin", "creation_date": "2020-05-16T08:46:35.592Z", "changed_date": "2020-06-12T19:13:32.667Z"}}, {"model": "cms.cmsplugin", "pk": 1982, "fields": {"path": "003I00010005", "depth": 3, "numchild": 0, "placeholder": 3, "parent": 1977, "position": 4, "language": "en", "plugin_type": "Bootstrap4CarouselSlidePlugin", "creation_date": "2020-05-16T08:46:49.607Z", "changed_date": "2020-06-12T19:13:32.669Z"}}, {"model": "cms.cmsplugin", "pk": 1983, "fields": {"path": "003I0002", "depth": 2, "numchild": 1, "placeholder": 3, "parent": 1976, "position": 1, "language": "en", "plugin_type": "Bootstrap4GridContainerPlugin", "creation_date": "2020-05-21T03:52:20.109Z", "changed_date": "2020-06-12T19:13:32.671Z"}}, {"model": "cms.cmsplugin", "pk": 1984, "fields": {"path": "003I00020001", "depth": 3, "numchild": 1, "placeholder": 3, "parent": 1983, "position": 0, "language": "en", "plugin_type": "Bootstrap4GridRowPlugin", "creation_date": "2020-05-21T04:29:21.270Z", "changed_date": "2020-06-12T19:13:32.672Z"}}, {"model": "cms.cmsplugin", "pk": 1985, "fields": {"path": "003I000200010001", "depth": 4, "numchild": 2, "placeholder": 3, "parent": 1984, "position": 0, "language": "en", "plugin_type": "Bootstrap4GridColumnPlugin", "creation_date": "2020-05-21T04:29:21.276Z", "changed_date": "2020-06-12T19:13:32.673Z"}}, {"model": "cms.cmsplugin", "pk": 1986, "fields": {"path": "003I0002000100010001", "depth": 5, "numchild": 0, "placeholder": 3, "parent": 1985, "position": 0, "language": "en", "plugin_type": "TextPlugin", "creation_date": "2020-05-21T03:54:56.977Z", "changed_date": "2020-06-12T19:13:32.718Z"}}, {"model": "cms.cmsplugin", "pk": 1987, "fields": {"path": "003I0002000100010002", "depth": 5, "numchild": 0, "placeholder": 3, "parent": 1985, "position": 1, "language": "en", "plugin_type": "Bootstrap4PicturePlugin", "creation_date": "2020-05-21T03:56:31.302Z", "changed_date": "2020-06-12T19:13:32.678Z"}}, {"model": "cms.cmsplugin", "pk": 1988, "fields": {"path": "003J", "depth": 1, "numchild": 0, "placeholder": 3, "parent": null, "position": 2, "language": "en", "plugin_type": "SnippetPlugin", "creation_date": "2020-06-11T21:42:14.850Z", "changed_date": "2020-06-12T19:13:32.682Z"}}, {"model": "cms.cmsplugin", "pk": 1989, "fields": {"path": "003K", "depth": 1, "numchild": 1, "placeholder": 25, "parent": null, "position": 0, "language": "en", "plugin_type": "Bootstrap4GridContainerPlugin", "creation_date": "2020-05-19T22:05:06.583Z", "changed_date": "2020-06-12T21:46:34.759Z"}}, {"model": "cms.cmsplugin", "pk": 1990, "fields": {"path": "003K0001", "depth": 2, "numchild": 1, "placeholder": 25, "parent": 1989, "position": 0, "language": "en", "plugin_type": "Bootstrap4GridRowPlugin", "creation_date": "2020-05-19T22:05:19.409Z", "changed_date": "2020-06-12T21:46:34.761Z"}}, {"model": "cms.cmsplugin", "pk": 1991, "fields": {"path": "003K00010001", "depth": 3, "numchild": 1, "placeholder": 25, "parent": 1990, "position": 0, "language": "en", "plugin_type": "Bootstrap4GridColumnPlugin", "creation_date": "2020-05-19T22:05:30.640Z", "changed_date": "2020-06-12T21:46:34.762Z"}}, {"model": "cms.cmsplugin", "pk": 1992, "fields": {"path": "003K000100010001", "depth": 4, "numchild": 0, "placeholder": 25, "parent": 1991, "position": 0, "language": "en", "plugin_type": "Bootstrap4PicturePlugin", "creation_date": "2020-05-19T22:11:13.322Z", "changed_date": "2020-06-12T21:46:34.763Z"}}, {"model": "cms.cmsplugin", "pk": 1993, "fields": {"path": "003L", "depth": 1, "numchild": 1, "placeholder": 23, "parent": null, "position": 0, "language": "en", "plugin_type": "Bootstrap4GridContainerPlugin", "creation_date": "2020-05-19T22:05:06.583Z", "changed_date": "2020-06-12T21:46:45.016Z"}}, {"model": "cms.cmsplugin", "pk": 1994, "fields": {"path": "003L0001", "depth": 2, "numchild": 1, "placeholder": 23, "parent": 1993, "position": 0, "language": "en", "plugin_type": "Bootstrap4GridRowPlugin", "creation_date": "2020-05-19T22:05:19.409Z", "changed_date": "2020-06-12T21:46:45.017Z"}}, {"model": "cms.cmsplugin", "pk": 1995, "fields": {"path": "003L00010001", "depth": 3, "numchild": 1, "placeholder": 23, "parent": 1994, "position": 0, "language": "en", "plugin_type": "Bootstrap4GridColumnPlugin", "creation_date": "2020-05-19T22:05:30.640Z", "changed_date": "2020-06-12T21:46:45.018Z"}}, {"model": "cms.cmsplugin", "pk": 1996, "fields": {"path": "003L000100010001", "depth": 4, "numchild": 0, "placeholder": 23, "parent": 1995, "position": 0, "language": "en", "plugin_type": "Bootstrap4PicturePlugin", "creation_date": "2020-05-19T22:11:13.322Z", "changed_date": "2020-06-12T21:46:45.019Z"}}, {"model": "cms.cmsplugin", "pk": 1998, "fields": {"path": "000Y000100010001000100010001", "depth": 7, "numchild": 0, "placeholder": 6, "parent": 58, "position": 0, "language": "en", "plugin_type": "IconPlugin", "creation_date": "2020-06-12T23:00:36.808Z", "changed_date": "2020-06-12T23:00:36.811Z"}}, {"model": "cms.cmsplugin", "pk": 1999, "fields": {"path": "000Y000100010001000200010001", "depth": 7, "numchild": 0, "placeholder": 6, "parent": 60, "position": 0, "language": "en", "plugin_type": "IconPlugin", "creation_date": "2020-06-12T23:01:57.645Z", "changed_date": "2020-06-12T23:01:57.647Z"}}, {"model": "cms.cmsplugin", "pk": 2000, "fields": {"path": "000Y000100010001000200010002", "depth": 7, "numchild": 0, "placeholder": 6, "parent": 60, "position": 1, "language": "en", "plugin_type": "IconPlugin", "creation_date": "2020-06-12T23:02:38.184Z", "changed_date": "2020-06-12T23:02:38.187Z"}}, {"model": "cms.cmsplugin", "pk": 2001, "fields": {"path": "000Y000100010001000200010003", "depth": 7, "numchild": 0, "placeholder": 6, "parent": 60, "position": 2, "language": "en", "plugin_type": "IconPlugin", "creation_date": "2020-06-12T23:04:08.988Z", "changed_date": "2020-06-12T23:04:08.991Z"}}, {"model": "cms.cmsplugin", "pk": 2002, "fields": {"path": "000Y000100010001000300010001", "depth": 7, "numchild": 0, "placeholder": 6, "parent": 62, "position": 0, "language": "en", "plugin_type": "IconPlugin", "creation_date": "2020-06-12T23:04:42.607Z", "changed_date": "2020-06-12T23:04:42.608Z"}}, {"model": "cms.cmsplugin", "pk": 2003, "fields": {"path": "000Y000100010001000400010001", "depth": 7, "numchild": 0, "placeholder": 6, "parent": 64, "position": 0, "language": "en", "plugin_type": "IconPlugin", "creation_date": "2020-06-12T23:07:32.463Z", "changed_date": "2020-06-12T23:07:32.465Z"}}, {"model": "cms.cmsplugin", "pk": 2004, "fields": {"path": "000Y000100010001000500010001", "depth": 7, "numchild": 0, "placeholder": 6, "parent": 66, "position": 0, "language": "en", "plugin_type": "IconPlugin", "creation_date": "2020-06-12T23:10:37.501Z", "changed_date": "2020-06-12T23:10:37.503Z"}}, {"model": "cms.cmsplugin", "pk": 2005, "fields": {"path": "003M", "depth": 1, "numchild": 1, "placeholder": 7, "parent": null, "position": 0, "language": "en", "plugin_type": "Bootstrap4GridContainerPlugin", "creation_date": "2020-05-19T02:52:33.890Z", "changed_date": "2020-06-12T23:11:01.854Z"}}, {"model": "cms.cmsplugin", "pk": 2006, "fields": {"path": "003M0001", "depth": 2, "numchild": 0, "placeholder": 7, "parent": 2005, "position": 0, "language": "en", "plugin_type": "GoogleMapPlugin", "creation_date": "2020-05-18T05:18:14.212Z", "changed_date": "2020-06-12T23:11:01.855Z"}}, {"model": "cms.cmsplugin", "pk": 2007, "fields": {"path": "003N", "depth": 1, "numchild": 1, "placeholder": 7, "parent": null, "position": 1, "language": "en", "plugin_type": "Bootstrap4GridContainerPlugin", "creation_date": "2020-05-16T11:38:32.807Z", "changed_date": "2020-06-12T23:11:01.857Z"}}, {"model": "cms.cmsplugin", "pk": 2008, "fields": {"path": "003N0001", "depth": 2, "numchild": 2, "placeholder": 7, "parent": 2007, "position": 1, "language": "en", "plugin_type": "Bootstrap4GridRowPlugin", "creation_date": "2020-05-16T11:38:39.096Z", "changed_date": "2020-06-12T23:11:01.858Z"}}, {"model": "cms.cmsplugin", "pk": 2009, "fields": {"path": "003N00010001", "depth": 3, "numchild": 1, "placeholder": 7, "parent": 2008, "position": 0, "language": "en", "plugin_type": "Bootstrap4GridColumnPlugin", "creation_date": "2020-05-16T11:38:44.663Z", "changed_date": "2020-06-12T23:11:01.860Z"}}, {"model": "cms.cmsplugin", "pk": 2010, "fields": {"path": "003N000100010001", "depth": 4, "numchild": 5, "placeholder": 7, "parent": 2009, "position": 0, "language": "en", "plugin_type": "Bootstrap4ListGroupPlugin", "creation_date": "2020-05-16T11:39:25.947Z", "changed_date": "2020-06-12T23:11:01.861Z"}}, {"model": "cms.cmsplugin", "pk": 2011, "fields": {"path": "003N0001000100010001", "depth": 5, "numchild": 1, "placeholder": 7, "parent": 2010, "position": 0, "language": "en", "plugin_type": "Bootstrap4ListGroupItemPlugin", "creation_date": "2020-05-16T11:39:40.371Z", "changed_date": "2020-06-12T23:11:01.862Z"}}, {"model": "cms.cmsplugin", "pk": 2012, "fields": {"path": "003N00010001000100010001", "depth": 6, "numchild": 1, "placeholder": 7, "parent": 2011, "position": 0, "language": "en", "plugin_type": "TextPlugin", "creation_date": "2020-05-16T11:39:46.585Z", "changed_date": "2020-06-12T23:11:01.907Z"}}, {"model": "cms.cmsplugin", "pk": 2013, "fields": {"path": "003N000100010001000100010001", "depth": 7, "numchild": 0, "placeholder": 7, "parent": 2012, "position": 0, "language": "en", "plugin_type": "IconPlugin", "creation_date": "2020-06-12T23:00:36.808Z", "changed_date": "2020-06-12T23:11:01.867Z"}}, {"model": "cms.cmsplugin", "pk": 2014, "fields": {"path": "003N0001000100010002", "depth": 5, "numchild": 1, "placeholder": 7, "parent": 2010, "position": 1, "language": "en", "plugin_type": "Bootstrap4ListGroupItemPlugin", "creation_date": "2020-05-16T11:40:32.515Z", "changed_date": "2020-06-12T23:11:01.870Z"}}, {"model": "cms.cmsplugin", "pk": 2015, "fields": {"path": "003N00010001000100020001", "depth": 6, "numchild": 3, "placeholder": 7, "parent": 2014, "position": 0, "language": "en", "plugin_type": "TextPlugin", "creation_date": "2020-05-16T11:40:34.914Z", "changed_date": "2020-06-12T23:11:01.915Z"}}, {"model": "cms.cmsplugin", "pk": 2016, "fields": {"path": "003N000100010001000200010001", "depth": 7, "numchild": 0, "placeholder": 7, "parent": 2015, "position": 0, "language": "en", "plugin_type": "IconPlugin", "creation_date": "2020-06-12T23:01:57.645Z", "changed_date": "2020-06-12T23:11:01.874Z"}}, {"model": "cms.cmsplugin", "pk": 2017, "fields": {"path": "003N000100010001000200010002", "depth": 7, "numchild": 0, "placeholder": 7, "parent": 2015, "position": 1, "language": "en", "plugin_type": "IconPlugin", "creation_date": "2020-06-12T23:02:38.184Z", "changed_date": "2020-06-12T23:11:01.876Z"}}, {"model": "cms.cmsplugin", "pk": 2018, "fields": {"path": "003N000100010001000200010003", "depth": 7, "numchild": 0, "placeholder": 7, "parent": 2015, "position": 2, "language": "en", "plugin_type": "IconPlugin", "creation_date": "2020-06-12T23:04:08.988Z", "changed_date": "2020-06-12T23:11:01.879Z"}}, {"model": "cms.cmsplugin", "pk": 2019, "fields": {"path": "003N0001000100010003", "depth": 5, "numchild": 1, "placeholder": 7, "parent": 2010, "position": 2, "language": "en", "plugin_type": "Bootstrap4ListGroupItemPlugin", "creation_date": "2020-05-16T11:40:51.688Z", "changed_date": "2020-06-12T23:11:01.881Z"}}, {"model": "cms.cmsplugin", "pk": 2020, "fields": {"path": "003N00010001000100030001", "depth": 6, "numchild": 1, "placeholder": 7, "parent": 2019, "position": 0, "language": "en", "plugin_type": "TextPlugin", "creation_date": "2020-05-16T11:40:54.407Z", "changed_date": "2020-06-12T23:11:01.922Z"}}, {"model": "cms.cmsplugin", "pk": 2021, "fields": {"path": "003N000100010001000300010001", "depth": 7, "numchild": 0, "placeholder": 7, "parent": 2020, "position": 0, "language": "en", "plugin_type": "IconPlugin", "creation_date": "2020-06-12T23:04:42.607Z", "changed_date": "2020-06-12T23:11:01.885Z"}}, {"model": "cms.cmsplugin", "pk": 2022, "fields": {"path": "003N0001000100010004", "depth": 5, "numchild": 1, "placeholder": 7, "parent": 2010, "position": 3, "language": "en", "plugin_type": "Bootstrap4ListGroupItemPlugin", "creation_date": "2020-05-16T11:41:08.698Z", "changed_date": "2020-06-12T23:11:01.887Z"}}, {"model": "cms.cmsplugin", "pk": 2023, "fields": {"path": "003N00010001000100040001", "depth": 6, "numchild": 1, "placeholder": 7, "parent": 2022, "position": 0, "language": "en", "plugin_type": "TextPlugin", "creation_date": "2020-05-16T11:41:15.603Z", "changed_date": "2020-06-12T23:11:01.928Z"}}, {"model": "cms.cmsplugin", "pk": 2024, "fields": {"path": "003N000100010001000400010001", "depth": 7, "numchild": 0, "placeholder": 7, "parent": 2023, "position": 0, "language": "en", "plugin_type": "IconPlugin", "creation_date": "2020-06-12T23:07:32.463Z", "changed_date": "2020-06-12T23:11:01.892Z"}}, {"model": "cms.cmsplugin", "pk": 2025, "fields": {"path": "003N0001000100010005", "depth": 5, "numchild": 1, "placeholder": 7, "parent": 2010, "position": 4, "language": "en", "plugin_type": "Bootstrap4ListGroupItemPlugin", "creation_date": "2020-05-16T11:41:26.190Z", "changed_date": "2020-06-12T23:11:01.895Z"}}, {"model": "cms.cmsplugin", "pk": 2026, "fields": {"path": "003N00010001000100050001", "depth": 6, "numchild": 1, "placeholder": 7, "parent": 2025, "position": 0, "language": "en", "plugin_type": "TextPlugin", "creation_date": "2020-05-16T11:41:29.046Z", "changed_date": "2020-06-12T23:11:01.934Z"}}, {"model": "cms.cmsplugin", "pk": 2027, "fields": {"path": "003N000100010001000500010001", "depth": 7, "numchild": 0, "placeholder": 7, "parent": 2026, "position": 0, "language": "en", "plugin_type": "IconPlugin", "creation_date": "2020-06-12T23:10:37.501Z", "changed_date": "2020-06-12T23:11:01.899Z"}}, {"model": "cms.cmsplugin", "pk": 2028, "fields": {"path": "003N00010002", "depth": 3, "numchild": 1, "placeholder": 7, "parent": 2008, "position": 1, "language": "en", "plugin_type": "Bootstrap4GridColumnPlugin", "creation_date": "2020-05-18T05:52:20.158Z", "changed_date": "2020-06-12T23:11:01.902Z"}}, {"model": "cms.cmsplugin", "pk": 2029, "fields": {"path": "003N000100020001", "depth": 4, "numchild": 0, "placeholder": 7, "parent": 2028, "position": 0, "language": "en", "plugin_type": "SnippetPlugin", "creation_date": "2020-05-18T06:13:01.558Z", "changed_date": "2020-06-12T23:11:01.904Z"}}, {"model": "cms.cmsplugin", "pk": 2030, "fields": {"path": "002E0001000100020001", "depth": 5, "numchild": 0, "placeholder": 55, "parent": 1351, "position": 0, "language": "en", "plugin_type": "IconPlugin", "creation_date": "2020-06-12T23:12:22.883Z", "changed_date": "2020-06-12T23:12:22.885Z"}}, {"model": "cms.cmsplugin", "pk": 2031, "fields": {"path": "001H0002000200010001", "depth": 5, "numchild": 0, "placeholder": 2, "parent": 759, "position": 0, "language": "en", "plugin_type": "IconPlugin", "creation_date": "2020-06-12T23:17:50.796Z", "changed_date": "2020-06-12T23:17:50.798Z"}}, {"model": "cms.cmsplugin", "pk": 2033, "fields": {"path": "001H0002000200010003", "depth": 5, "numchild": 0, "placeholder": 2, "parent": 759, "position": 2, "language": "en", "plugin_type": "IconPlugin", "creation_date": "2020-06-12T23:21:22.718Z", "changed_date": "2020-06-12T23:21:22.721Z"}}, {"model": "cms.cmsplugin", "pk": 2034, "fields": {"path": "001H0002000200010004", "depth": 5, "numchild": 0, "placeholder": 2, "parent": 759, "position": 3, "language": "en", "plugin_type": "IconPlugin", "creation_date": "2020-06-12T23:21:53.293Z", "changed_date": "2020-06-12T23:21:53.296Z"}}, {"model": "cms.cmsplugin", "pk": 2042, "fields": {"path": "001H0002000200010005", "depth": 5, "numchild": 0, "placeholder": 2, "parent": 759, "position": 3, "language": "en", "plugin_type": "IconPlugin", "creation_date": "2020-06-12T23:37:44.356Z", "changed_date": "2020-06-12T23:37:44.359Z"}}, {"model": "cms.cmsplugin", "pk": 2043, "fields": {"path": "001H0002000200010006", "depth": 5, "numchild": 0, "placeholder": 2, "parent": 759, "position": 4, "language": "en", "plugin_type": "IconPlugin", "creation_date": "2020-06-12T23:39:07.685Z", "changed_date": "2020-06-12T23:39:07.687Z"}}, {"model": "cms.cmsplugin", "pk": 2044, "fields": {"path": "003O", "depth": 1, "numchild": 5, "placeholder": 3, "parent": null, "position": 1, "language": "en", "plugin_type": "Bootstrap4GridContainerPlugin", "creation_date": "2020-05-16T08:30:43.899Z", "changed_date": "2020-06-12T23:45:57.472Z"}}, {"model": "cms.cmsplugin", "pk": 2045, "fields": {"path": "003O0001", "depth": 2, "numchild": 2, "placeholder": 3, "parent": 2044, "position": 1, "language": "en", "plugin_type": "Bootstrap4GridRowPlugin", "creation_date": "2020-05-16T10:19:58.676Z", "changed_date": "2020-06-12T23:45:57.474Z"}}, {"model": "cms.cmsplugin", "pk": 2046, "fields": {"path": "003O00010001", "depth": 3, "numchild": 2, "placeholder": 3, "parent": 2045, "position": 0, "language": "en", "plugin_type": "Bootstrap4GridColumnPlugin", "creation_date": "2020-05-16T10:23:37.425Z", "changed_date": "2020-06-12T23:45:57.476Z"}}, {"model": "cms.cmsplugin", "pk": 2047, "fields": {"path": "003O000100010001", "depth": 4, "numchild": 0, "placeholder": 3, "parent": 2046, "position": 1, "language": "en", "plugin_type": "TextPlugin", "creation_date": "2020-05-16T10:24:08.247Z", "changed_date": "2020-06-12T23:45:57.577Z"}}, {"model": "cms.cmsplugin", "pk": 2048, "fields": {"path": "003O000100010002", "depth": 4, "numchild": 0, "placeholder": 3, "parent": 2046, "position": 0, "language": "en", "plugin_type": "SnippetPlugin", "creation_date": "2020-05-19T23:12:52.586Z", "changed_date": "2020-06-12T23:45:57.481Z"}}, {"model": "cms.cmsplugin", "pk": 2049, "fields": {"path": "003O00010002", "depth": 3, "numchild": 1, "placeholder": 3, "parent": 2045, "position": 1, "language": "en", "plugin_type": "Bootstrap4GridColumnPlugin", "creation_date": "2020-05-16T10:23:58.595Z", "changed_date": "2020-06-12T23:45:57.483Z"}}, {"model": "cms.cmsplugin", "pk": 2050, "fields": {"path": "003O000100020001", "depth": 4, "numchild": 5, "placeholder": 3, "parent": 2049, "position": 0, "language": "en", "plugin_type": "TextPlugin", "creation_date": "2020-05-16T10:55:28.090Z", "changed_date": "2020-06-12T23:45:57.585Z"}}, {"model": "cms.cmsplugin", "pk": 2051, "fields": {"path": "003O0001000200010001", "depth": 5, "numchild": 0, "placeholder": 3, "parent": 2050, "position": 0, "language": "en", "plugin_type": "IconPlugin", "creation_date": "2020-06-12T23:17:50.796Z", "changed_date": "2020-06-12T23:45:57.490Z"}}, {"model": "cms.cmsplugin", "pk": 2052, "fields": {"path": "003O0001000200010002", "depth": 5, "numchild": 0, "placeholder": 3, "parent": 2050, "position": 2, "language": "en", "plugin_type": "IconPlugin", "creation_date": "2020-06-12T23:21:22.718Z", "changed_date": "2020-06-12T23:45:57.492Z"}}, {"model": "cms.cmsplugin", "pk": 2053, "fields": {"path": "003O0001000200010003", "depth": 5, "numchild": 0, "placeholder": 3, "parent": 2050, "position": 3, "language": "en", "plugin_type": "IconPlugin", "creation_date": "2020-06-12T23:21:53.293Z", "changed_date": "2020-06-12T23:45:57.494Z"}}, {"model": "cms.cmsplugin", "pk": 2054, "fields": {"path": "003O0001000200010004", "depth": 5, "numchild": 0, "placeholder": 3, "parent": 2050, "position": 3, "language": "en", "plugin_type": "IconPlugin", "creation_date": "2020-06-12T23:37:44.356Z", "changed_date": "2020-06-12T23:45:57.496Z"}}, {"model": "cms.cmsplugin", "pk": 2055, "fields": {"path": "003O0001000200010005", "depth": 5, "numchild": 0, "placeholder": 3, "parent": 2050, "position": 4, "language": "en", "plugin_type": "IconPlugin", "creation_date": "2020-06-12T23:39:07.685Z", "changed_date": "2020-06-12T23:45:57.498Z"}}, {"model": "cms.cmsplugin", "pk": 2056, "fields": {"path": "003O0002", "depth": 2, "numchild": 4, "placeholder": 3, "parent": 2044, "position": 3, "language": "en", "plugin_type": "Bootstrap4GridRowPlugin", "creation_date": "2020-05-16T10:59:01.962Z", "changed_date": "2020-06-12T23:45:57.500Z"}}, {"model": "cms.cmsplugin", "pk": 2057, "fields": {"path": "003O00020001", "depth": 3, "numchild": 1, "placeholder": 3, "parent": 2056, "position": 0, "language": "en", "plugin_type": "Bootstrap4GridColumnPlugin", "creation_date": "2020-05-16T10:59:01.967Z", "changed_date": "2020-06-12T23:45:57.501Z"}}, {"model": "cms.cmsplugin", "pk": 2058, "fields": {"path": "003O000200010001", "depth": 4, "numchild": 0, "placeholder": 3, "parent": 2057, "position": 0, "language": "en", "plugin_type": "TextPlugin", "creation_date": "2020-05-16T11:02:11.678Z", "changed_date": "2020-06-12T23:45:57.591Z"}}, {"model": "cms.cmsplugin", "pk": 2059, "fields": {"path": "003O00020002", "depth": 3, "numchild": 1, "placeholder": 3, "parent": 2056, "position": 1, "language": "en", "plugin_type": "Bootstrap4GridColumnPlugin", "creation_date": "2020-05-16T10:59:01.969Z", "changed_date": "2020-06-12T23:45:57.506Z"}}, {"model": "cms.cmsplugin", "pk": 2060, "fields": {"path": "003O000200020001", "depth": 4, "numchild": 0, "placeholder": 3, "parent": 2059, "position": 0, "language": "en", "plugin_type": "TextPlugin", "creation_date": "2020-05-16T11:03:24.601Z", "changed_date": "2020-06-12T23:45:57.595Z"}}, {"model": "cms.cmsplugin", "pk": 2061, "fields": {"path": "003O00020003", "depth": 3, "numchild": 1, "placeholder": 3, "parent": 2056, "position": 2, "language": "en", "plugin_type": "Bootstrap4GridColumnPlugin", "creation_date": "2020-05-16T10:59:01.971Z", "changed_date": "2020-06-12T23:45:57.511Z"}}, {"model": "cms.cmsplugin", "pk": 2062, "fields": {"path": "003O000200030001", "depth": 4, "numchild": 0, "placeholder": 3, "parent": 2061, "position": 0, "language": "en", "plugin_type": "TextPlugin", "creation_date": "2020-05-16T11:04:20.938Z", "changed_date": "2020-06-12T23:45:57.598Z"}}, {"model": "cms.cmsplugin", "pk": 2063, "fields": {"path": "003O00020004", "depth": 3, "numchild": 1, "placeholder": 3, "parent": 2056, "position": 3, "language": "en", "plugin_type": "Bootstrap4GridColumnPlugin", "creation_date": "2020-05-19T21:32:30.209Z", "changed_date": "2020-06-12T23:45:57.516Z"}}, {"model": "cms.cmsplugin", "pk": 2064, "fields": {"path": "003O000200040001", "depth": 4, "numchild": 0, "placeholder": 3, "parent": 2063, "position": 0, "language": "en", "plugin_type": "TextPlugin", "creation_date": "2020-05-19T21:32:43.858Z", "changed_date": "2020-06-12T23:45:57.602Z"}}, {"model": "cms.cmsplugin", "pk": 2065, "fields": {"path": "003O0003", "depth": 2, "numchild": 1, "placeholder": 3, "parent": 2044, "position": 0, "language": "en", "plugin_type": "Bootstrap4GridRowPlugin", "creation_date": "2020-05-16T11:31:46.559Z", "changed_date": "2020-06-12T23:45:57.521Z"}}, {"model": "cms.cmsplugin", "pk": 2066, "fields": {"path": "003O00030001", "depth": 3, "numchild": 2, "placeholder": 3, "parent": 2065, "position": 0, "language": "en", "plugin_type": "Bootstrap4GridColumnPlugin", "creation_date": "2020-05-16T11:31:46.565Z", "changed_date": "2020-06-12T23:45:57.523Z"}}, {"model": "cms.cmsplugin", "pk": 2067, "fields": {"path": "003O000300010001", "depth": 4, "numchild": 0, "placeholder": 3, "parent": 2066, "position": 0, "language": "en", "plugin_type": "TextPlugin", "creation_date": "2020-05-16T11:33:03.958Z", "changed_date": "2020-06-12T23:45:57.605Z"}}, {"model": "cms.cmsplugin", "pk": 2068, "fields": {"path": "003O000300010002", "depth": 4, "numchild": 0, "placeholder": 3, "parent": 2066, "position": 1, "language": "en", "plugin_type": "TextPlugin", "creation_date": "2020-05-18T03:00:15.674Z", "changed_date": "2020-06-12T23:45:57.609Z"}}, {"model": "cms.cmsplugin", "pk": 2069, "fields": {"path": "003O0004", "depth": 2, "numchild": 1, "placeholder": 3, "parent": 2044, "position": 5, "language": "en", "plugin_type": "Bootstrap4LinkPlugin", "creation_date": "2020-05-19T22:24:23.224Z", "changed_date": "2020-06-12T23:45:57.531Z"}}, {"model": "cms.cmsplugin", "pk": 2070, "fields": {"path": "003O00040001", "depth": 3, "numchild": 1, "placeholder": 3, "parent": 2069, "position": 0, "language": "en", "plugin_type": "Bootstrap4GridRowPlugin", "creation_date": "2020-05-16T11:13:12.805Z", "changed_date": "2020-06-12T23:45:57.533Z"}}, {"model": "cms.cmsplugin", "pk": 2071, "fields": {"path": "003O000400010001", "depth": 4, "numchild": 1, "placeholder": 3, "parent": 2070, "position": 0, "language": "en", "plugin_type": "Bootstrap4GridColumnPlugin", "creation_date": "2020-05-16T11:20:26.328Z", "changed_date": "2020-06-12T23:45:57.534Z"}}, {"model": "cms.cmsplugin", "pk": 2072, "fields": {"path": "003O0004000100010001", "depth": 5, "numchild": 0, "placeholder": 3, "parent": 2071, "position": 0, "language": "en", "plugin_type": "Bootstrap4PicturePlugin", "creation_date": "2020-05-16T11:31:10.099Z", "changed_date": "2020-06-12T23:45:57.535Z"}}, {"model": "cms.cmsplugin", "pk": 2073, "fields": {"path": "003O0005", "depth": 2, "numchild": 1, "placeholder": 3, "parent": 2044, "position": 4, "language": "en", "plugin_type": "Bootstrap4LinkPlugin", "creation_date": "2020-05-19T22:28:08.898Z", "changed_date": "2020-06-12T23:45:57.540Z"}}, {"model": "cms.cmsplugin", "pk": 2074, "fields": {"path": "003O00050001", "depth": 3, "numchild": 2, "placeholder": 3, "parent": 2073, "position": 0, "language": "en", "plugin_type": "Bootstrap4GridRowPlugin", "creation_date": "2020-05-16T11:12:17.558Z", "changed_date": "2020-06-12T23:45:57.541Z"}}, {"model": "cms.cmsplugin", "pk": 2075, "fields": {"path": "003O000500010001", "depth": 4, "numchild": 1, "placeholder": 3, "parent": 2074, "position": 0, "language": "en", "plugin_type": "Bootstrap4GridColumnPlugin", "creation_date": "2020-05-16T11:20:04.800Z", "changed_date": "2020-06-12T23:45:57.542Z"}}, {"model": "cms.cmsplugin", "pk": 2076, "fields": {"path": "003O0005000100010001", "depth": 5, "numchild": 0, "placeholder": 3, "parent": 2075, "position": 0, "language": "en", "plugin_type": "Bootstrap4PicturePlugin", "creation_date": "2020-05-16T11:23:20.853Z", "changed_date": "2020-06-12T23:45:57.544Z"}}, {"model": "cms.cmsplugin", "pk": 2077, "fields": {"path": "003O000500010002", "depth": 4, "numchild": 1, "placeholder": 3, "parent": 2074, "position": 1, "language": "en", "plugin_type": "Bootstrap4GridColumnPlugin", "creation_date": "2020-05-16T11:20:04.803Z", "changed_date": "2020-06-12T23:45:57.547Z"}}, {"model": "cms.cmsplugin", "pk": 2078, "fields": {"path": "003O0005000100020001", "depth": 5, "numchild": 0, "placeholder": 3, "parent": 2077, "position": 0, "language": "en", "plugin_type": "TextPlugin", "creation_date": "2020-05-16T11:26:05.387Z", "changed_date": "2020-06-12T23:45:57.613Z"}}, {"model": "cms.cmsplugin", "pk": 2079, "fields": {"path": "003P", "depth": 1, "numchild": 2, "placeholder": 3, "parent": null, "position": 0, "language": "en", "plugin_type": "Bootstrap4GridContainerPlugin", "creation_date": "2020-05-19T02:47:53.795Z", "changed_date": "2020-06-12T23:45:57.552Z"}}, {"model": "cms.cmsplugin", "pk": 2080, "fields": {"path": "003P0001", "depth": 2, "numchild": 5, "placeholder": 3, "parent": 2079, "position": 0, "language": "en", "plugin_type": "Bootstrap4CarouselPlugin", "creation_date": "2020-05-16T08:32:06.270Z", "changed_date": "2020-06-12T23:45:57.553Z"}}, {"model": "cms.cmsplugin", "pk": 2081, "fields": {"path": "003P00010001", "depth": 3, "numchild": 0, "placeholder": 3, "parent": 2080, "position": 0, "language": "en", "plugin_type": "Bootstrap4CarouselSlidePlugin", "creation_date": "2020-05-16T08:43:19.355Z", "changed_date": "2020-06-12T23:45:57.554Z"}}, {"model": "cms.cmsplugin", "pk": 2082, "fields": {"path": "003P00010002", "depth": 3, "numchild": 0, "placeholder": 3, "parent": 2080, "position": 1, "language": "en", "plugin_type": "Bootstrap4CarouselSlidePlugin", "creation_date": "2020-05-16T08:45:55.891Z", "changed_date": "2020-06-12T23:45:57.557Z"}}, {"model": "cms.cmsplugin", "pk": 2083, "fields": {"path": "003P00010003", "depth": 3, "numchild": 0, "placeholder": 3, "parent": 2080, "position": 2, "language": "en", "plugin_type": "Bootstrap4CarouselSlidePlugin", "creation_date": "2020-05-16T08:46:11.472Z", "changed_date": "2020-06-12T23:45:57.559Z"}}, {"model": "cms.cmsplugin", "pk": 2084, "fields": {"path": "003P00010004", "depth": 3, "numchild": 0, "placeholder": 3, "parent": 2080, "position": 3, "language": "en", "plugin_type": "Bootstrap4CarouselSlidePlugin", "creation_date": "2020-05-16T08:46:35.592Z", "changed_date": "2020-06-12T23:45:57.561Z"}}, {"model": "cms.cmsplugin", "pk": 2085, "fields": {"path": "003P00010005", "depth": 3, "numchild": 0, "placeholder": 3, "parent": 2080, "position": 4, "language": "en", "plugin_type": "Bootstrap4CarouselSlidePlugin", "creation_date": "2020-05-16T08:46:49.607Z", "changed_date": "2020-06-12T23:45:57.563Z"}}, {"model": "cms.cmsplugin", "pk": 2086, "fields": {"path": "003P0002", "depth": 2, "numchild": 1, "placeholder": 3, "parent": 2079, "position": 1, "language": "en", "plugin_type": "Bootstrap4GridContainerPlugin", "creation_date": "2020-05-21T03:52:20.109Z", "changed_date": "2020-06-12T23:45:57.565Z"}}, {"model": "cms.cmsplugin", "pk": 2087, "fields": {"path": "003P00020001", "depth": 3, "numchild": 1, "placeholder": 3, "parent": 2086, "position": 0, "language": "en", "plugin_type": "Bootstrap4GridRowPlugin", "creation_date": "2020-05-21T04:29:21.270Z", "changed_date": "2020-06-12T23:45:57.566Z"}}, {"model": "cms.cmsplugin", "pk": 2088, "fields": {"path": "003P000200010001", "depth": 4, "numchild": 2, "placeholder": 3, "parent": 2087, "position": 0, "language": "en", "plugin_type": "Bootstrap4GridColumnPlugin", "creation_date": "2020-05-21T04:29:21.276Z", "changed_date": "2020-06-12T23:45:57.568Z"}}, {"model": "cms.cmsplugin", "pk": 2089, "fields": {"path": "003P0002000100010001", "depth": 5, "numchild": 0, "placeholder": 3, "parent": 2088, "position": 0, "language": "en", "plugin_type": "TextPlugin", "creation_date": "2020-05-21T03:54:56.977Z", "changed_date": "2020-06-12T23:45:57.617Z"}}, {"model": "cms.cmsplugin", "pk": 2090, "fields": {"path": "003P0002000100010002", "depth": 5, "numchild": 0, "placeholder": 3, "parent": 2088, "position": 1, "language": "en", "plugin_type": "Bootstrap4PicturePlugin", "creation_date": "2020-05-21T03:56:31.302Z", "changed_date": "2020-06-12T23:45:57.573Z"}}, {"model": "cms.cmsplugin", "pk": 2091, "fields": {"path": "003Q", "depth": 1, "numchild": 0, "placeholder": 3, "parent": null, "position": 2, "language": "en", "plugin_type": "SnippetPlugin", "creation_date": "2020-06-11T21:42:14.850Z", "changed_date": "2020-06-12T23:45:57.575Z"}}, {"model": "cms.cmsplugin", "pk": 2092, "fields": {"path": "003R", "depth": 1, "numchild": 1, "placeholder": 5, "parent": null, "position": 1, "language": "en", "plugin_type": "Bootstrap4GridContainerPlugin", "creation_date": "2020-05-19T22:17:21.254Z", "changed_date": "2020-06-12T23:45:57.655Z"}}, {"model": "cms.cmsplugin", "pk": 2093, "fields": {"path": "003R0001", "depth": 2, "numchild": 1, "placeholder": 5, "parent": 2092, "position": 0, "language": "en", "plugin_type": "Bootstrap4GridRowPlugin", "creation_date": "2020-05-19T22:17:54.410Z", "changed_date": "2020-06-12T23:45:57.660Z"}}, {"model": "cms.cmsplugin", "pk": 2094, "fields": {"path": "003R00010001", "depth": 3, "numchild": 1, "placeholder": 5, "parent": 2093, "position": 0, "language": "en", "plugin_type": "Bootstrap4GridColumnPlugin", "creation_date": "2020-05-19T22:18:12.797Z", "changed_date": "2020-06-12T23:45:57.666Z"}}, {"model": "cms.cmsplugin", "pk": 2095, "fields": {"path": "003R000100010001", "depth": 4, "numchild": 0, "placeholder": 5, "parent": 2094, "position": 0, "language": "en", "plugin_type": "TextPlugin", "creation_date": "2020-05-16T08:27:52.400Z", "changed_date": "2020-06-12T23:45:57.681Z"}}, {"model": "cms.cmsplugin", "pk": 2096, "fields": {"path": "003S", "depth": 1, "numchild": 1, "placeholder": 57, "parent": null, "position": 0, "language": "en", "plugin_type": "Bootstrap4GridContainerPlugin", "creation_date": "2020-05-31T21:54:21.923Z", "changed_date": "2020-06-12T23:46:02.637Z"}}, {"model": "cms.cmsplugin", "pk": 2097, "fields": {"path": "003S0001", "depth": 2, "numchild": 1, "placeholder": 57, "parent": 2096, "position": 0, "language": "en", "plugin_type": "Bootstrap4GridRowPlugin", "creation_date": "2020-05-31T21:54:25.859Z", "changed_date": "2020-06-12T23:46:02.638Z"}}, {"model": "cms.cmsplugin", "pk": 2098, "fields": {"path": "003S00010001", "depth": 3, "numchild": 3, "placeholder": 57, "parent": 2097, "position": 0, "language": "en", "plugin_type": "Bootstrap4GridColumnPlugin", "creation_date": "2020-05-31T21:54:30.971Z", "changed_date": "2020-06-12T23:46:02.640Z"}}, {"model": "cms.cmsplugin", "pk": 2099, "fields": {"path": "003S000100010001", "depth": 4, "numchild": 0, "placeholder": 57, "parent": 2098, "position": 1, "language": "en", "plugin_type": "Bootstrap4LinkPlugin", "creation_date": "2020-05-31T21:55:00.372Z", "changed_date": "2020-06-12T23:46:02.641Z"}}, {"model": "cms.cmsplugin", "pk": 2100, "fields": {"path": "003S000100010002", "depth": 4, "numchild": 1, "placeholder": 57, "parent": 2098, "position": 0, "language": "en", "plugin_type": "TextPlugin", "creation_date": "2020-05-31T21:59:18.875Z", "changed_date": "2020-06-12T23:46:02.653Z"}}, {"model": "cms.cmsplugin", "pk": 2101, "fields": {"path": "003S0001000100020001", "depth": 5, "numchild": 0, "placeholder": 57, "parent": 2100, "position": 0, "language": "en", "plugin_type": "IconPlugin", "creation_date": "2020-06-12T23:12:22.883Z", "changed_date": "2020-06-12T23:46:02.647Z"}}, {"model": "cms.cmsplugin", "pk": 2102, "fields": {"path": "003S000100010003", "depth": 4, "numchild": 0, "placeholder": 57, "parent": 2098, "position": 2, "language": "en", "plugin_type": "TextPlugin", "creation_date": "2020-06-11T22:52:10.901Z", "changed_date": "2020-06-12T23:46:02.656Z"}}, {"model": "cms.cmsplugin", "pk": 2103, "fields": {"path": "003T", "depth": 1, "numchild": 1, "placeholder": 60, "parent": null, "position": 1, "language": "en", "plugin_type": "Bootstrap4GridContainerPlugin", "creation_date": "2020-05-22T15:38:32.135Z", "changed_date": "2020-06-12T23:49:14.153Z"}}, {"model": "cms.cmsplugin", "pk": 2104, "fields": {"path": "003T0001", "depth": 2, "numchild": 2, "placeholder": 60, "parent": 2103, "position": 0, "language": "en", "plugin_type": "Bootstrap4GridRowPlugin", "creation_date": "2020-05-22T15:38:42.373Z", "changed_date": "2020-06-12T23:49:14.154Z"}}, {"model": "cms.cmsplugin", "pk": 2105, "fields": {"path": "003T00010001", "depth": 3, "numchild": 1, "placeholder": 60, "parent": 2104, "position": 0, "language": "en", "plugin_type": "Bootstrap4GridColumnPlugin", "creation_date": "2020-05-22T15:38:42.377Z", "changed_date": "2020-06-12T23:49:14.156Z"}}, {"model": "cms.cmsplugin", "pk": 2106, "fields": {"path": "003T000100010001", "depth": 4, "numchild": 0, "placeholder": 60, "parent": 2105, "position": 0, "language": "en", "plugin_type": "SnippetPlugin", "creation_date": "2020-05-22T15:39:16.053Z", "changed_date": "2020-06-12T23:49:14.157Z"}}, {"model": "cms.cmsplugin", "pk": 2107, "fields": {"path": "003T00010002", "depth": 3, "numchild": 1, "placeholder": 60, "parent": 2104, "position": 1, "language": "en", "plugin_type": "Bootstrap4GridColumnPlugin", "creation_date": "2020-06-01T20:44:26.281Z", "changed_date": "2020-06-12T23:49:14.159Z"}}, {"model": "cms.cmsplugin", "pk": 2108, "fields": {"path": "003T000100020001", "depth": 4, "numchild": 0, "placeholder": 60, "parent": 2107, "position": 0, "language": "en", "plugin_type": "SnippetPlugin", "creation_date": "2020-05-22T16:22:06.235Z", "changed_date": "2020-06-12T23:49:14.161Z"}}, {"model": "cms.cmsplugin", "pk": 2109, "fields": {"path": "003U", "depth": 1, "numchild": 1, "placeholder": 60, "parent": null, "position": 0, "language": "en", "plugin_type": "Bootstrap4GridContainerPlugin", "creation_date": "2020-05-22T15:56:32.885Z", "changed_date": "2020-06-12T23:49:14.162Z"}}, {"model": "cms.cmsplugin", "pk": 2110, "fields": {"path": "003U0001", "depth": 2, "numchild": 1, "placeholder": 60, "parent": 2109, "position": 0, "language": "en", "plugin_type": "Bootstrap4GridRowPlugin", "creation_date": "2020-05-22T15:56:42.153Z", "changed_date": "2020-06-12T23:49:14.163Z"}}, {"model": "cms.cmsplugin", "pk": 2111, "fields": {"path": "003U00010001", "depth": 3, "numchild": 1, "placeholder": 60, "parent": 2110, "position": 0, "language": "en", "plugin_type": "Bootstrap4GridColumnPlugin", "creation_date": "2020-05-22T15:56:42.158Z", "changed_date": "2020-06-12T23:49:14.164Z"}}, {"model": "cms.cmsplugin", "pk": 2112, "fields": {"path": "003U000100010001", "depth": 4, "numchild": 0, "placeholder": 60, "parent": 2111, "position": 1, "language": "en", "plugin_type": "SnippetPlugin", "creation_date": "2020-05-22T16:17:29.780Z", "changed_date": "2020-06-12T23:49:14.165Z"}}, {"model": "cms.title", "pk": 1, "fields": {"language": "en", "title": "Bridge Hospice: Uniting the Patient and Family", "page_title": "", "menu_title": "Home", "meta_description": "Bridge Hospice Lubbock, Tx offers the following: Pre-Admission Consultation, Hospice Aides for Personal Care, Trained Volunteers, Medical Equipment and Supplies, Continuous Care Requiring Intense Intervention, Hospice Nursing Care, Social Work and Pastoral Care, Pain and Symptom Management, Available 24 hours", "slug": "home", "path": "", "has_url_overwrite": false, "redirect": null, "page": 1, "creation_date": "2020-05-16T08:19:51.386Z", "published": true, "publisher_is_draft": true, "publisher_public": 2, "publisher_state": 0}}, {"model": "cms.title", "pk": 2, "fields": {"language": "en", "title": "Bridge Hospice: Uniting the Patient and Family", "page_title": "", "menu_title": "Home", "meta_description": "Bridge Hospice Lubbock, Tx offers the following: Pre-Admission Consultation, Hospice Aides for Personal Care, Trained Volunteers, Medical Equipment and Supplies, Continuous Care Requiring Intense Intervention, Hospice Nursing Care, Social Work and Pastoral Care, Pain and Symptom Management, Available 24 hours", "slug": "home", "path": "", "has_url_overwrite": false, "redirect": null, "page": 2, "creation_date": "2020-05-16T08:19:51.386Z", "published": true, "publisher_is_draft": false, "publisher_public": 1, "publisher_state": 0}}, {"model": "cms.title", "pk": 3, "fields": {"language": "en", "title": "Contact Us - Address, Phone, & Email | Bridge Hospice", "page_title": "Contact Us", "menu_title": "Contact", "meta_description": "Bridge Hospice Contact Information 8212 Ithaca Suite W2 Lubbock, Tx 79423, 8069933900, support@bridge-hospice.com, Hours of Operation, Office Hours, Availability, Inquiries", "slug": "contact", "path": "contact", "has_url_overwrite": false, "redirect": null, "page": 3, "creation_date": "2020-05-16T08:20:12.068Z", "published": true, "publisher_is_draft": true, "publisher_public": 4, "publisher_state": 0}}, {"model": "cms.title", "pk": 4, "fields": {"language": "en", "title": "Contact Us - Address, Phone, & Email | Bridge Hospice", "page_title": "Contact Us", "menu_title": "Contact", "meta_description": "Bridge Hospice Contact Information 8212 Ithaca Suite W2 Lubbock, Tx 79423, 8069933900, support@bridge-hospice.com, Hours of Operation, Office Hours, Availability, Inquiries", "slug": "contact", "path": "contact", "has_url_overwrite": false, "redirect": null, "page": 4, "creation_date": "2020-05-16T08:20:12.068Z", "published": true, "publisher_is_draft": false, "publisher_public": 3, "publisher_state": 0}}, {"model": "cms.title", "pk": 7, "fields": {"language": "en", "title": "Valor - Military & Public Safety | Bridge Hospice", "page_title": "Valor - Military & Public Safety", "menu_title": "Valor", "meta_description": "Our admiration for veterans in the military and public safety branches and providing community events for appreciation.", "slug": "valor", "path": "valor", "has_url_overwrite": false, "redirect": null, "page": 7, "creation_date": "2020-05-21T04:13:16.325Z", "published": true, "publisher_is_draft": true, "publisher_public": 10, "publisher_state": 0}}, {"model": "cms.title", "pk": 8, "fields": {"language": "en", "title": "Donations - Dave's Wish | Bridge Hospice", "page_title": "Donations and Dave's Wish", "menu_title": "Donation", "meta_description": "Providing for patients can be expensive and connecting patients with their community is our goal. Please help by providing donations to ensure that patients get the best experience.", "slug": "donation", "path": "donation", "has_url_overwrite": false, "redirect": null, "page": 8, "creation_date": "2020-05-21T04:13:52.498Z", "published": true, "publisher_is_draft": true, "publisher_public": 9, "publisher_state": 0}}, {"model": "cms.title", "pk": 9, "fields": {"language": "en", "title": "Donations - Dave's Wish | Bridge Hospice", "page_title": "Donations and Dave's Wish", "menu_title": "Donation", "meta_description": "Providing for patients can be expensive and connecting patients with their community is our goal. Please help by providing donations to ensure that patients get the best experience.", "slug": "donation", "path": "donation", "has_url_overwrite": false, "redirect": null, "page": 9, "creation_date": "2020-05-21T04:13:52.498Z", "published": true, "publisher_is_draft": false, "publisher_public": 8, "publisher_state": 0}}, {"model": "cms.title", "pk": 10, "fields": {"language": "en", "title": "Valor - Military & Public Safety | Bridge Hospice", "page_title": "Valor - Military & Public Safety", "menu_title": "Valor", "meta_description": "Our admiration for veterans in the military and public safety branches and providing community events for appreciation.", "slug": "valor", "path": "valor", "has_url_overwrite": false, "redirect": null, "page": 10, "creation_date": "2020-05-21T04:13:16.325Z", "published": true, "publisher_is_draft": false, "publisher_public": 7, "publisher_state": 0}}, {"model": "cms.title", "pk": 11, "fields": {"language": "en", "title": "Social Media - Community Information | Bridge Hospice", "page_title": "Social Media", "menu_title": "Social", "meta_description": "Information about the work we accomplish with patients, the responses from family, and the volunteer events in the community.", "slug": "social", "path": "social", "has_url_overwrite": false, "redirect": null, "page": 11, "creation_date": "2020-05-22T15:38:14.009Z", "published": true, "publisher_is_draft": true, "publisher_public": 27, "publisher_state": 0}}, {"model": "cms.title", "pk": 21, "fields": {"language": "en", "title": "Forms", "page_title": "", "menu_title": "", "meta_description": "", "slug": "forms", "path": "forms", "has_url_overwrite": false, "redirect": null, "page": 21, "creation_date": "2020-05-31T21:50:40.952Z", "published": true, "publisher_is_draft": true, "publisher_public": 23, "publisher_state": 0}}, {"model": "cms.title", "pk": 22, "fields": {"language": "en", "title": "Volunteer", "page_title": "", "menu_title": "", "meta_description": "Volunteer Application Form", "slug": "volunteer", "path": "forms/volunteer", "has_url_overwrite": false, "redirect": null, "page": 22, "creation_date": "2020-05-31T21:51:11.505Z", "published": true, "publisher_is_draft": true, "publisher_public": 24, "publisher_state": 0}}, {"model": "cms.title", "pk": 23, "fields": {"language": "en", "title": "Forms", "page_title": "", "menu_title": "", "meta_description": "", "slug": "forms", "path": "forms", "has_url_overwrite": false, "redirect": null, "page": 23, "creation_date": "2020-05-31T21:50:40.952Z", "published": true, "publisher_is_draft": false, "publisher_public": 21, "publisher_state": 0}}, {"model": "cms.title", "pk": 24, "fields": {"language": "en", "title": "Volunteer", "page_title": "", "menu_title": "", "meta_description": "Volunteer Application Form", "slug": "volunteer", "path": "forms/volunteer", "has_url_overwrite": false, "redirect": null, "page": 24, "creation_date": "2020-05-31T21:51:11.505Z", "published": true, "publisher_is_draft": false, "publisher_public": 22, "publisher_state": 0}}, {"model": "cms.title", "pk": 25, "fields": {"language": "en", "title": "Volunteer - Community Development | Bridge Hospice", "page_title": "Volunteer", "menu_title": "Volunteer", "meta_description": "Assist our staff and the community in providing excellent care to patients and their family.", "slug": "volunteer", "path": "volunteer", "has_url_overwrite": false, "redirect": null, "page": 25, "creation_date": "2020-05-31T21:58:18.454Z", "published": true, "publisher_is_draft": true, "publisher_public": 26, "publisher_state": 0}}, {"model": "cms.title", "pk": 26, "fields": {"language": "en", "title": "Volunteer - Community Development | Bridge Hospice", "page_title": "Volunteer", "menu_title": "Volunteer", "meta_description": "Assist our staff and the community in providing excellent care to patients and their family.", "slug": "volunteer", "path": "volunteer", "has_url_overwrite": false, "redirect": null, "page": 26, "creation_date": "2020-05-31T21:58:18.454Z", "published": true, "publisher_is_draft": false, "publisher_public": 25, "publisher_state": 0}}, {"model": "cms.title", "pk": 27, "fields": {"language": "en", "title": "Social Media - Community Information | Bridge Hospice", "page_title": "Social Media", "menu_title": "Social", "meta_description": "Information about the work we accomplish with patients, the responses from family, and the volunteer events in the community.", "slug": "social", "path": "social", "has_url_overwrite": false, "redirect": null, "page": 27, "creation_date": "2020-05-22T15:38:14.009Z", "published": true, "publisher_is_draft": false, "publisher_public": 11, "publisher_state": 0}}, {"model": "cms.title", "pk": 30, "fields": {"language": "en", "title": "Thanks", "page_title": "", "menu_title": "", "meta_description": "", "slug": "thanks", "path": "forms/volunteer/thanks", "has_url_overwrite": false, "redirect": null, "page": 30, "creation_date": "2020-06-02T01:10:14.513Z", "published": true, "publisher_is_draft": true, "publisher_public": 31, "publisher_state": 1}}, {"model": "cms.title", "pk": 31, "fields": {"language": "en", "title": "Thanks", "page_title": "", "menu_title": "", "meta_description": "", "slug": "thanks", "path": "forms/volunteer/thanks", "has_url_overwrite": false, "redirect": null, "page": 31, "creation_date": "2020-06-02T01:10:14.513Z", "published": true, "publisher_is_draft": false, "publisher_public": 30, "publisher_state": 0}}, {"model": "cms.staticplaceholder", "pk": 1, "fields": {"name": "", "code": "Footer", "draft": 4, "public": 5, "dirty": false, "creation_method": "template", "site": null}}, {"model": "cms.urlconfrevision", "pk": 1, "fields": {"revision": "aa783f9e-a581-403a-83fd-4fe1c6f5d272"}}, {"model": "menus.cachekey", "pk": 249, "fields": {"language": "en", "site": 1, "key": "cms_3.7.2_menu_nodes_en_1_2_user:public"}}, {"model": "menus.cachekey", "pk": 257, "fields": {"language": "en", "site": 1, "key": "cms_3.7.2_menu_nodes_en_1_2_user:draft"}}, {"model": "djangocms_text_ckeditor.text", "pk": 1, "fields": {"body": "<p class=\"pt-5\" style=\"text-align: center;\">Copyright \u00a9 2020, All Rights Reserved.</p>"}}, {"model": "djangocms_text_ckeditor.text", "pk": 58, "fields": {"body": "<h5>Address</h5>\n\n<h6>8212 Ithaca Suite W2</h6>\n\n<h6>Lubbock, Tx 79423</h6>"}}, {"model": "djangocms_text_ckeditor.text", "pk": 60, "fields": {"body": "<h6>Phone: <a href=\"tel:18069933900\">(806) 993-3900</a></h6>\n\n<h6>Fax: <a href=\"tel:18069933899\">\u00a0\u00a0\u00a0\u00a0(806) 993-3899</a></h6>\n\n<h6>Email: <a href=\"mailto:support@bridge-hospice.com\">support@bridge-hospice.com</a></h6>"}}, {"model": "djangocms_text_ckeditor.text", "pk": 62, "fields": {"body": "<h5>Hours of Operations</h5>\n\n<h6>24 hours / 7 days a week</h6>"}}, {"model": "djangocms_text_ckeditor.text", "pk": 64, "fields": {"body": "<h5>Office Hours</h5>\n\n<h6>Monday to Friday</h6>\n\n<h6>9:00 AM - 5:00 PM</h6>"}}, {"model": "djangocms_text_ckeditor.text", "pk": 66, "fields": {"body": "<h5>Website Related Inquiries</h5>\n\n<h6>Email: <a href=\"mailto:webmaster@bridge-hospice.com\">webservices@bridge-hospice.com</a></h6>"}}, {"model": "djangocms_text_ckeditor.text", "pk": 680, "fields": {"body": "<p class=\"pt-5\" style=\"text-align: center;\">Copyright \u00a9 2020, All Rights Reserved.</p>"}}, {"model": "djangocms_text_ckeditor.text", "pk": 757, "fields": {"body": "<h1>5</h1>\n\n<h4>REASONS</h4>\n\n<h4>FOR CHOOSING</h4>\n\n<h4>HOSPICE</h4>"}}, {"model": "djangocms_text_ckeditor.text", "pk": 759, "fields": {"body": "<ol class=\"pt-1 five-list\" style=\"line-height: 1.8;\">\n\t<li>Medicare pays for all hospice services.</li>\n\t<li>Hospice can improve your quality of life.</li>\n\t<li>Hospice puts your wishes front and center.</li>\n\t<li>Hospice helps you communicate with doctors.</li>\n\t<li>Hospice gives your family much-needed support.</li>\n</ol>"}}, {"model": "djangocms_text_ckeditor.text", "pk": 762, "fields": {"body": "<ul>\n\t<li>Pre-Admission Consultation</li>\n\t<li>Hospice Aides for Personal Care</li>\n\t<li>Trained Volunteers</li>\n\t<li>Medical Equipment and Supplies</li>\n\t<li>Continuous Care Requiring Intense Intervention*</li>\n</ul>"}}, {"model": "djangocms_text_ckeditor.text", "pk": 764, "fields": {"body": "<ul>\n<li>Hospice Nursing Care</li>\n<li>Social Work and Pastoral Care</li>\n<li>Pain and Symptom Management</li>\n<li>Available 24 Hours, 7 Days a Week</li>\n<li>Respite or Inpatient Care if needed*</li>\n</ul>"}}, {"model": "djangocms_text_ckeditor.text", "pk": 766, "fields": {"body": "<ul>\n\t<li>Hospice Physician/Medical Director</li>\n\t<li>Therapists and Counseling</li>\n\t<li>Pharmacy Consultation/Services</li>\n\t<li>Bereavement Program offered for 13 months after death</li>\n</ul>"}}, {"model": "djangocms_text_ckeditor.text", "pk": 768, "fields": {"body": "<div class=\"ml-4\">* Eligibility required</div>"}}, {"model": "djangocms_text_ckeditor.text", "pk": 773, "fields": {"body": "<h1>VALOR</h1>\n\n<h6>THE VETERANS DIVISION OF BRIDGE HOSPICE</h6>\n\n<h3>HONORING THOSE WHO SERVED</h3>"}}, {"model": "djangocms_text_ckeditor.text", "pk": 776, "fields": {"body": "<p style=\"text-align: center;\">In 2019 the Founder and Administrator of BRIDGE Hospice, Tammie Ware, discovered herself wanting more out of the hospice experience for the patient and family. She put together a team of individuals who specialize in different areas, but all carried the same desire to make the hospice experience about the patient and family. BRIDGE Hospice is committed to extending love, comfort, and care to our patients and their loved ones, because every patient's need is unique, our caring staff offers specialized care individually for each patient and family.</p>"}}, {"model": "djangocms_text_ckeditor.text", "pk": 777, "fields": {"body": "<h4 class=\"text-shadow-1\" style=\"text-align: center;\">To BRIDGE Hospice, you are family.</h4>"}}, {"model": "djangocms_text_ckeditor.text", "pk": 1118, "fields": {"body": "<p class=\"hero-caption text-light mb-1\"><span class=\"bg bg-secondary-opaque rounded px-3 pt-2\">EXTENDING LOVE, COMFORT, AND CARE</span></p>"}}, {"model": "djangocms_text_ckeditor.text", "pk": 1351, "fields": {"body": "<h5>Would you like to help the community in improving the care of of hospice patients?</h5>\n\n<p>\u00a0</p>\n\n<p>At Bridge Hospice, were committed to bringing patients and families together by providing excellent care. However, our staff can always use help with us around the clock services we provide daily. Support patients by helping nurses with hospice care, providing administrative support within our business, or assist at events coordinated by Bridge Hospice and other members of the community. To get started please fill out a volunteer application to allow use to ensure only quality care if provided to our patients and their families.</p>\n\n<p>\u00a0</p>"}}, {"model": "djangocms_text_ckeditor.text", "pk": 1440, "fields": {"body": "<h3 style=\"text-align: center;\">Your volunteer application has been successfully submitted.</h3>"}}, {"model": "djangocms_text_ckeditor.text", "pk": 1489, "fields": {"body": "<p class=\"pt-5\" style=\"text-align: center;\">Copyright \u00a9 2020, All Rights Reserved.</p>"}}, {"model": "djangocms_text_ckeditor.text", "pk": 1501, "fields": {"body": "<h3 style=\"text-align: center;\">Your form has been successfully submitted.</h3>"}}, {"model": "djangocms_text_ckeditor.text", "pk": 1502, "fields": {"body": "<p class=\"mt-5\" style=\"text-align: center;\">We sent a confirmation to your email. Please allow 3-5 business days to process your application. Thank you.</p>"}}, {"model": "djangocms_text_ckeditor.text", "pk": 1813, "fields": {"body": "<h5>Address</h5>\n\n<h6>8212 Ithaca Suite W2</h6>\n\n<h6>Lubbock, Tx 79423</h6>"}}, {"model": "djangocms_text_ckeditor.text", "pk": 1815, "fields": {"body": "<h6>Phone: <a href=\"tel:18069933900\">(806) 993-3900</a></h6>\n\n<h6>Fax: <a href=\"tel:18069933899\">\u00a0\u00a0\u00a0\u00a0(806) 993-3899</a></h6>\n\n<h6>Email: <a href=\"mailto:support@bridge-hospice.com\">support@bridge-hospice.com</a></h6>"}}, {"model": "djangocms_text_ckeditor.text", "pk": 1817, "fields": {"body": "<h5>Hours of Operations</h5>\n\n<h6>24 hours / 7 days a week</h6>"}}, {"model": "djangocms_text_ckeditor.text", "pk": 1819, "fields": {"body": "<h5>Office Hours</h5>\n\n<h6>Monday to Friday</h6>\n\n<h6>9:00 AM - 5:00 PM</h6>"}}, {"model": "djangocms_text_ckeditor.text", "pk": 1821, "fields": {"body": "<h5>Website Related Inquiries</h5>\n\n<h6>Email: <a href=\"mailto:webmaster@bridge-hospice.com\">webservices@bridge-hospice.com</a></h6>"}}, {"model": "djangocms_text_ckeditor.text", "pk": 1853, "fields": {"body": ""}}, {"model": "djangocms_text_ckeditor.text", "pk": 1901, "fields": {"body": "<h5>Would you like to help the community in improving the care of of hospice patients?</h5>\n\n<p>\u00a0</p>\n\n<p>At Bridge Hospice, were committed to bringing patients and families together by providing excellent care. However, our staff can always use help with us around the clock services we provide daily. Support patients by helping nurses with hospice care, providing administrative support within our business, or assist at events coordinated by Bridge Hospice and other members of the community. To get started please fill out a volunteer application to allow use to ensure only quality care if provided to our patients and their families.</p>\n\n<p>\u00a0</p>"}}, {"model": "djangocms_text_ckeditor.text", "pk": 1902, "fields": {"body": ""}}, {"model": "djangocms_text_ckeditor.text", "pk": 1949, "fields": {"body": "<h1>5</h1>\n\n<h4>REASONS</h4>\n\n<h4>FOR CHOOSING</h4>\n\n<h4>HOSPICE</h4>"}}, {"model": "djangocms_text_ckeditor.text", "pk": 1952, "fields": {"body": "<ol class=\"pt-1 five-list\" style=\"line-height: 1.8;\">\n\t<li>Medicare pays for all hospice services.</li>\n\t<li>Hospice can improve your quality of life.</li>\n\t<li>Hospice puts your wishes front and center.</li>\n\t<li>Hospice helps you communicate with doctors.</li>\n\t<li>Hospice gives your family much-needed support.</li>\n</ol>"}}, {"model": "djangocms_text_ckeditor.text", "pk": 1955, "fields": {"body": "<ul>\n\t<li>Pre-Admission Consultation</li>\n\t<li>Hospice Aides for Personal Care</li>\n\t<li>Trained Volunteers</li>\n\t<li>Medical Equipment and Supplies</li>\n\t<li>Continuous Care Requiring Intense Intervention*</li>\n</ul>"}}, {"model": "djangocms_text_ckeditor.text", "pk": 1957, "fields": {"body": "<ul>\n<li>Hospice Nursing Care</li>\n<li>Social Work and Pastoral Care</li>\n<li>Pain and Symptom Management</li>\n<li>Available 24 Hours, 7 Days a Week</li>\n<li>Respite or Inpatient Care if needed*</li>\n</ul>"}}, {"model": "djangocms_text_ckeditor.text", "pk": 1959, "fields": {"body": "<ul>\n\t<li>Hospice Physician/Medical Director</li>\n\t<li>Therapists and Counseling</li>\n\t<li>Pharmacy Consultation/Services</li>\n\t<li>Bereavement Program offered for 13 months after death</li>\n</ul>"}}, {"model": "djangocms_text_ckeditor.text", "pk": 1961, "fields": {"body": "<div class=\"ml-4\">* Eligibility required</div>"}}, {"model": "djangocms_text_ckeditor.text", "pk": 1964, "fields": {"body": "<p style=\"text-align: center;\">In 2019 the Founder and Administrator of BRIDGE Hospice, Tammie Ware, discovered herself wanting more out of the hospice experience for the patient and family. She put together a team of individuals who specialize in different areas, but all carried the same desire to make the hospice experience about the patient and family. BRIDGE Hospice is committed to extending love, comfort, and care to our patients and their loved ones, because every patient's need is unique, our caring staff offers specialized care individually for each patient and family.</p>"}}, {"model": "djangocms_text_ckeditor.text", "pk": 1965, "fields": {"body": "<h4 class=\"text-shadow-1\" style=\"text-align: center;\">To BRIDGE Hospice, you are family.</h4>"}}, {"model": "djangocms_text_ckeditor.text", "pk": 1975, "fields": {"body": "<h1>VALOR</h1>\n\n<h6>THE VETERANS DIVISION OF BRIDGE HOSPICE</h6>\n\n<h3>HONORING THOSE WHO SERVED</h3>"}}, {"model": "djangocms_text_ckeditor.text", "pk": 1986, "fields": {"body": "<p class=\"hero-caption text-light mb-1\"><span class=\"bg bg-secondary-opaque rounded px-3 pt-2\">EXTENDING LOVE, COMFORT, AND CARE</span></p>"}}, {"model": "djangocms_text_ckeditor.text", "pk": 2012, "fields": {"body": "<h5><cms-plugin alt=\"Icon - 2013 \" title=\"Icon - 2013\" id=\"2013\"></cms-plugin>\u00a0 Address</h5>\n\n<h6>8212 Ithaca Suite W2</h6>\n\n<h6>Lubbock, Tx 79423</h6>"}}, {"model": "djangocms_text_ckeditor.text", "pk": 2015, "fields": {"body": "<h6><cms-plugin alt=\"Icon - 2016 \" title=\"Icon - 2016\" id=\"2016\"></cms-plugin>\u00a0 Phone: <a href=\"tel:18069933900\">(806) 993-3900</a></h6>\n\n<h6><cms-plugin alt=\"Icon - 2017 \" title=\"Icon - 2017\" id=\"2017\"></cms-plugin>\u00a0 Fax: <a href=\"tel:18069933899\">\u00a0\u00a0\u00a0\u00a0(806) 993-3899</a></h6>\n\n<h6><cms-plugin alt=\"Icon - 2018 \" title=\"Icon - 2018\" id=\"2018\"></cms-plugin>\u00a0 Email: <a href=\"mailto:support@bridge-hospice.com\">support@bridge-hospice.com</a></h6>"}}, {"model": "djangocms_text_ckeditor.text", "pk": 2020, "fields": {"body": "<h5><cms-plugin alt=\"Icon - 2021 \" title=\"Icon - 2021\" id=\"2021\"></cms-plugin>\u00a0 Hours of Operations</h5>\n\n<h6>24 hours / 7 days a week</h6>"}}, {"model": "djangocms_text_ckeditor.text", "pk": 2023, "fields": {"body": "<h5><cms-plugin alt=\"Icon - 2024 \" title=\"Icon - 2024\" id=\"2024\"></cms-plugin>\u00a0 Office Hours</h5>\n\n<h6>Monday to Friday</h6>\n\n<h6>9:00 AM - 5:00 PM</h6>"}}, {"model": "djangocms_text_ckeditor.text", "pk": 2026, "fields": {"body": "<h5>\u00a0<cms-plugin alt=\"Icon - 2027 \" title=\"Icon - 2027\" id=\"2027\"></cms-plugin> Website Related Inquiries</h5>\n\n<h6>Email: <a href=\"mailto:webmaster@bridge-hospice.com\">webservices@bridge-hospice.com</a></h6>"}}, {"model": "djangocms_text_ckeditor.text", "pk": 2047, "fields": {"body": "<h1>5</h1>\n\n<h4>REASONS</h4>\n\n<h4>FOR CHOOSING</h4>\n\n<h4>HOSPICE</h4>"}}, {"model": "djangocms_text_ckeditor.text", "pk": 2050, "fields": {"body": "<ol class=\"pt-1 five-list\" style=\"line-height: 1.8;\">\n\t<li>\u00a0<cms-plugin alt=\"Icon - 2051 \" title=\"Icon - 2051\" id=\"2051\"></cms-plugin>\u00a0\u00a0\u00a0Medicare pays for all hospice services.</li>\n\t<li>\u00a0\u00a0<cms-plugin alt=\"Icon - 2055 \" title=\"Icon - 2055\" id=\"2055\"></cms-plugin>\u00a0\u00a0\u00a0Hospice can improve your quality of life.</li>\n\t<li>\u00a0\u00a0<cms-plugin alt=\"Icon - 2052 \" title=\"Icon - 2052\" id=\"2052\"></cms-plugin>\u00a0\u00a0\u00a0Hospice puts your wishes front and center.</li>\n\t<li>\u00a0\u00a0<cms-plugin alt=\"Icon - 2053 \" title=\"Icon - 2053\" id=\"2053\"></cms-plugin>\u00a0\u00a0Hospice helps you communicate with doctors.</li>\n\t<li>\u00a0\u00a0<cms-plugin alt=\"Icon - 2054 \" title=\"Icon - 2054\" id=\"2054\"></cms-plugin>\u00a0\u00a0Hospice gives your family much-needed support.</li>\n</ol>"}}, {"model": "djangocms_text_ckeditor.text", "pk": 2058, "fields": {"body": "<ul>\n\t<li>Pre-Admission Consultation</li>\n\t<li>Hospice Aides for Personal Care</li>\n\t<li>Trained Volunteers</li>\n\t<li>Medical Equipment and Supplies</li>\n\t<li>Continuous Care Requiring Intense Intervention*</li>\n</ul>"}}, {"model": "djangocms_text_ckeditor.text", "pk": 2060, "fields": {"body": "<ul>\n<li>Hospice Nursing Care</li>\n<li>Social Work and Pastoral Care</li>\n<li>Pain and Symptom Management</li>\n<li>Available 24 Hours, 7 Days a Week</li>\n<li>Respite or Inpatient Care if needed*</li>\n</ul>"}}, {"model": "djangocms_text_ckeditor.text", "pk": 2062, "fields": {"body": "<ul>\n\t<li>Hospice Physician/Medical Director</li>\n\t<li>Therapists and Counseling</li>\n\t<li>Pharmacy Consultation/Services</li>\n\t<li>Bereavement Program offered for 13 months after death</li>\n</ul>"}}, {"model": "djangocms_text_ckeditor.text", "pk": 2064, "fields": {"body": "<div class=\"ml-4\">* Eligibility required</div>"}}, {"model": "djangocms_text_ckeditor.text", "pk": 2067, "fields": {"body": "<p style=\"text-align: center;\">In 2019 the Founder and Administrator of BRIDGE Hospice, Tammie Ware, discovered herself wanting more out of the hospice experience for the patient and family. She put together a team of individuals who specialize in different areas, but all carried the same desire to make the hospice experience about the patient and family. BRIDGE Hospice is committed to extending love, comfort, and care to our patients and their loved ones, because every patient's need is unique, our caring staff offers specialized care individually for each patient and family.</p>"}}, {"model": "djangocms_text_ckeditor.text", "pk": 2068, "fields": {"body": "<h4 class=\"text-shadow-1\" style=\"text-align: center;\">To BRIDGE Hospice, you are family.</h4>"}}, {"model": "djangocms_text_ckeditor.text", "pk": 2078, "fields": {"body": "<h1>VALOR</h1>\n\n<h6>THE VETERANS DIVISION OF BRIDGE HOSPICE</h6>\n\n<h3>HONORING THOSE WHO SERVED</h3>"}}, {"model": "djangocms_text_ckeditor.text", "pk": 2089, "fields": {"body": "<p class=\"hero-caption text-light mb-1\"><span class=\"bg bg-secondary-opaque rounded px-3 pt-2\">EXTENDING LOVE, COMFORT, AND CARE</span></p>"}}, {"model": "djangocms_text_ckeditor.text", "pk": 2095, "fields": {"body": "<p class=\"pt-5\" style=\"text-align: center;\">To BRIDGE Hospice, you are family.</p>"}}, {"model": "djangocms_text_ckeditor.text", "pk": 2100, "fields": {"body": "<h5><cms-plugin alt=\"Icon - 2101 \" title=\"Icon - 2101\" id=\"2101\"></cms-plugin>\u00a0 Would you like to help the community in improving the care of of hospice patients?</h5>\n\n<p>\u00a0</p>\n\n<p>At Bridge Hospice, were committed to bringing patients and families together by providing excellent care. However, our staff can always use help with us around the clock services we provide daily. Support patients by helping nurses with hospice care, providing administrative support within our business, or assist at events coordinated by Bridge Hospice and other members of the community. To get started please fill out a volunteer application to allow use to ensure only quality care if provided to our patients and their families.</p>\n\n<p>\u00a0</p>"}}, {"model": "djangocms_text_ckeditor.text", "pk": 2102, "fields": {"body": ""}}, {"model": "easy_thumbnails.source", "pk": 1, "fields": {"storage_hash": "f9bde26a1556cd667f742bd34ec7c55e", "name": "filer_public/4b/e8/4be8120d-23c8-4abe-ad9c-8ec90c76c495/home01.jpg", "modified": "2020-05-16T08:43:20.018Z"}}, {"model": "easy_thumbnails.source", "pk": 2, "fields": {"storage_hash": "f9bde26a1556cd667f742bd34ec7c55e", "name": "filer_public/7c/9f/7c9fb8b1-feda-4c6b-b2c4-9aa3735c2813/home05.jpg", "modified": "2020-05-16T08:46:50.185Z"}}, {"model": "easy_thumbnails.source", "pk": 3, "fields": {"storage_hash": "f9bde26a1556cd667f742bd34ec7c55e", "name": "filer_public/08/bc/08bca602-c1fb-4583-bf70-717f1cb6662f/home03.jpg", "modified": "2020-05-16T08:46:12.103Z"}}, {"model": "easy_thumbnails.source", "pk": 4, "fields": {"storage_hash": "f9bde26a1556cd667f742bd34ec7c55e", "name": "filer_public/ba/51/ba5148d6-b923-4457-b236-8057e63497b5/home04.jpg", "modified": "2020-05-16T08:46:36.405Z"}}, {"model": "easy_thumbnails.source", "pk": 5, "fields": {"storage_hash": "f9bde26a1556cd667f742bd34ec7c55e", "name": "filer_public/2e/94/2e94ad5d-04af-4575-b0e0-d4f93e73d748/home02.jpg", "modified": "2020-05-16T08:45:56.380Z"}}, {"model": "easy_thumbnails.source", "pk": 6, "fields": {"storage_hash": "f9bde26a1556cd667f742bd34ec7c55e", "name": "filer_public/6f/cb/6fcbaba0-1ba6-4968-bb59-687768f49bd6/valor.png", "modified": "2020-05-16T11:23:21.247Z"}}, {"model": "easy_thumbnails.source", "pk": 7, "fields": {"storage_hash": "f9bde26a1556cd667f742bd34ec7c55e", "name": "filer_public/c1/3f/c13fd1e5-72d8-490b-bb70-31b8e6113a08/daveswish.png", "modified": "2020-05-16T11:31:10.538Z"}}, {"model": "easy_thumbnails.source", "pk": 10, "fields": {"storage_hash": "f9bde26a1556cd667f742bd34ec7c55e", "name": "filer_public/2f/89/2f89e80b-63e6-4bce-b0ce-1e0fbab2ffde/comingsoon.png", "modified": "2020-05-21T04:22:47.623Z"}}, {"model": "easy_thumbnails.source", "pk": 13, "fields": {"storage_hash": "f9bde26a1556cd667f742bd34ec7c55e", "name": "filer_public/12/e7/12e728b2-0b6c-496e-80bf-84485706c5ae/bridgehospicelogo.png", "modified": "2020-06-12T17:58:42.316Z"}}, {"model": "easy_thumbnails.thumbnail", "pk": 1, "fields": {"storage_hash": "f9bde26a1556cd667f742bd34ec7c55e", "name": "filer_public_thumbnails/filer_public/4b/e8/4be8120d-23c8-4abe-ad9c-8ec90c76c495/home01.jpg__16x16_q85_crop_subsampling-2_upscale.jpg", "modified": "2020-05-16T08:33:46.119Z", "source": 1}}, {"model": "easy_thumbnails.thumbnail", "pk": 2, "fields": {"storage_hash": "f9bde26a1556cd667f742bd34ec7c55e", "name": "filer_public_thumbnails/filer_public/4b/e8/4be8120d-23c8-4abe-ad9c-8ec90c76c495/home01.jpg__32x32_q85_crop_subsampling-2_upscale.jpg", "modified": "2020-05-16T08:33:46.292Z", "source": 1}}, {"model": "easy_thumbnails.thumbnail", "pk": 3, "fields": {"storage_hash": "f9bde26a1556cd667f742bd34ec7c55e", "name": "filer_public_thumbnails/filer_public/4b/e8/4be8120d-23c8-4abe-ad9c-8ec90c76c495/home01.jpg__48x48_q85_crop_subsampling-2_upscale.jpg", "modified": "2020-05-16T08:33:46.471Z", "source": 1}}, {"model": "easy_thumbnails.thumbnail", "pk": 4, "fields": {"storage_hash": "f9bde26a1556cd667f742bd34ec7c55e", "name": "filer_public_thumbnails/filer_public/4b/e8/4be8120d-23c8-4abe-ad9c-8ec90c76c495/home01.jpg__64x64_q85_crop_subsampling-2_upscale.jpg", "modified": "2020-05-16T08:33:46.653Z", "source": 1}}, {"model": "easy_thumbnails.thumbnail", "pk": 5, "fields": {"storage_hash": "f9bde26a1556cd667f742bd34ec7c55e", "name": "filer_public_thumbnails/filer_public/4b/e8/4be8120d-23c8-4abe-ad9c-8ec90c76c495/home01.jpg__180x180_q85_crop_subsampling-2_upscale.jpg", "modified": "2020-05-16T08:33:46.843Z", "source": 1}}, {"model": "easy_thumbnails.thumbnail", "pk": 6, "fields": {"storage_hash": "f9bde26a1556cd667f742bd34ec7c55e", "name": "filer_public_thumbnails/filer_public/4b/e8/4be8120d-23c8-4abe-ad9c-8ec90c76c495/home01.jpg__1024.0x768.0_q85_crop-10_subsampling-2_upscale.jpg", "modified": "2020-05-16T08:43:20.021Z", "source": 1}}, {"model": "easy_thumbnails.thumbnail", "pk": 7, "fields": {"storage_hash": "f9bde26a1556cd667f742bd34ec7c55e", "name": "filer_public_thumbnails/filer_public/7c/9f/7c9fb8b1-feda-4c6b-b2c4-9aa3735c2813/home05.jpg__16x16_q85_crop_subsampling-2_upscale.jpg", "modified": "2020-05-16T08:45:35.948Z", "source": 2}}, {"model": "easy_thumbnails.thumbnail", "pk": 8, "fields": {"storage_hash": "f9bde26a1556cd667f742bd34ec7c55e", "name": "filer_public_thumbnails/filer_public/08/bc/08bca602-c1fb-4583-bf70-717f1cb6662f/home03.jpg__16x16_q85_crop_subsampling-2_upscale.jpg", "modified": "2020-05-16T08:45:35.996Z", "source": 3}}, {"model": "easy_thumbnails.thumbnail", "pk": 9, "fields": {"storage_hash": "f9bde26a1556cd667f742bd34ec7c55e", "name": "filer_public_thumbnails/filer_public/7c/9f/7c9fb8b1-feda-4c6b-b2c4-9aa3735c2813/home05.jpg__32x32_q85_crop_subsampling-2_upscale.jpg", "modified": "2020-05-16T08:45:36.082Z", "source": 2}}, {"model": "easy_thumbnails.thumbnail", "pk": 10, "fields": {"storage_hash": "f9bde26a1556cd667f742bd34ec7c55e", "name": "filer_public_thumbnails/filer_public/ba/51/ba5148d6-b923-4457-b236-8057e63497b5/home04.jpg__16x16_q85_crop_subsampling-2_upscale.jpg", "modified": "2020-05-16T08:45:36.122Z", "source": 4}}, {"model": "easy_thumbnails.thumbnail", "pk": 11, "fields": {"storage_hash": "f9bde26a1556cd667f742bd34ec7c55e", "name": "filer_public_thumbnails/filer_public/08/bc/08bca602-c1fb-4583-bf70-717f1cb6662f/home03.jpg__32x32_q85_crop_subsampling-2_upscale.jpg", "modified": "2020-05-16T08:45:36.232Z", "source": 3}}, {"model": "easy_thumbnails.thumbnail", "pk": 12, "fields": {"storage_hash": "f9bde26a1556cd667f742bd34ec7c55e", "name": "filer_public_thumbnails/filer_public/7c/9f/7c9fb8b1-feda-4c6b-b2c4-9aa3735c2813/home05.jpg__48x48_q85_crop_subsampling-2_upscale.jpg", "modified": "2020-05-16T08:45:36.260Z", "source": 2}}, {"model": "easy_thumbnails.thumbnail", "pk": 13, "fields": {"storage_hash": "f9bde26a1556cd667f742bd34ec7c55e", "name": "filer_public_thumbnails/filer_public/7c/9f/7c9fb8b1-feda-4c6b-b2c4-9aa3735c2813/home05.jpg__64x64_q85_crop_subsampling-2_upscale.jpg", "modified": "2020-05-16T08:45:36.388Z", "source": 2}}, {"model": "easy_thumbnails.thumbnail", "pk": 14, "fields": {"storage_hash": "f9bde26a1556cd667f742bd34ec7c55e", "name": "filer_public_thumbnails/filer_public/08/bc/08bca602-c1fb-4583-bf70-717f1cb6662f/home03.jpg__48x48_q85_crop_subsampling-2_upscale.jpg", "modified": "2020-05-16T08:45:36.455Z", "source": 3}}, {"model": "easy_thumbnails.thumbnail", "pk": 15, "fields": {"storage_hash": "f9bde26a1556cd667f742bd34ec7c55e", "name": "filer_public_thumbnails/filer_public/ba/51/ba5148d6-b923-4457-b236-8057e63497b5/home04.jpg__32x32_q85_crop_subsampling-2_upscale.jpg", "modified": "2020-05-16T08:45:36.472Z", "source": 4}}, {"model": "easy_thumbnails.thumbnail", "pk": 16, "fields": {"storage_hash": "f9bde26a1556cd667f742bd34ec7c55e", "name": "filer_public_thumbnails/filer_public/7c/9f/7c9fb8b1-feda-4c6b-b2c4-9aa3735c2813/home05.jpg__180x180_q85_crop_subsampling-2_upscale.jpg", "modified": "2020-05-16T08:45:36.551Z", "source": 2}}, {"model": "easy_thumbnails.thumbnail", "pk": 17, "fields": {"storage_hash": "f9bde26a1556cd667f742bd34ec7c55e", "name": "filer_public_thumbnails/filer_public/08/bc/08bca602-c1fb-4583-bf70-717f1cb6662f/home03.jpg__64x64_q85_crop_subsampling-2_upscale.jpg", "modified": "2020-05-16T08:45:36.665Z", "source": 3}}, {"model": "easy_thumbnails.thumbnail", "pk": 18, "fields": {"storage_hash": "f9bde26a1556cd667f742bd34ec7c55e", "name": "filer_public_thumbnails/filer_public/ba/51/ba5148d6-b923-4457-b236-8057e63497b5/home04.jpg__48x48_q85_crop_subsampling-2_upscale.jpg", "modified": "2020-05-16T08:45:36.767Z", "source": 4}}, {"model": "easy_thumbnails.thumbnail", "pk": 19, "fields": {"storage_hash": "f9bde26a1556cd667f742bd34ec7c55e", "name": "filer_public_thumbnails/filer_public/08/bc/08bca602-c1fb-4583-bf70-717f1cb6662f/home03.jpg__180x180_q85_crop_subsampling-2_upscale.jpg", "modified": "2020-05-16T08:45:36.885Z", "source": 3}}, {"model": "easy_thumbnails.thumbnail", "pk": 20, "fields": {"storage_hash": "f9bde26a1556cd667f742bd34ec7c55e", "name": "filer_public_thumbnails/filer_public/ba/51/ba5148d6-b923-4457-b236-8057e63497b5/home04.jpg__64x64_q85_crop_subsampling-2_upscale.jpg", "modified": "2020-05-16T08:45:37.058Z", "source": 4}}, {"model": "easy_thumbnails.thumbnail", "pk": 21, "fields": {"storage_hash": "f9bde26a1556cd667f742bd34ec7c55e", "name": "filer_public_thumbnails/filer_public/ba/51/ba5148d6-b923-4457-b236-8057e63497b5/home04.jpg__180x180_q85_crop_subsampling-2_upscale.jpg", "modified": "2020-05-16T08:45:37.351Z", "source": 4}}, {"model": "easy_thumbnails.thumbnail", "pk": 22, "fields": {"storage_hash": "f9bde26a1556cd667f742bd34ec7c55e", "name": "filer_public_thumbnails/filer_public/2e/94/2e94ad5d-04af-4575-b0e0-d4f93e73d748/home02.jpg__16x16_q85_crop_subsampling-2_upscale.jpg", "modified": "2020-05-16T08:45:48.793Z", "source": 5}}, {"model": "easy_thumbnails.thumbnail", "pk": 23, "fields": {"storage_hash": "f9bde26a1556cd667f742bd34ec7c55e", "name": "filer_public_thumbnails/filer_public/2e/94/2e94ad5d-04af-4575-b0e0-d4f93e73d748/home02.jpg__32x32_q85_crop_subsampling-2_upscale.jpg", "modified": "2020-05-16T08:45:48.896Z", "source": 5}}, {"model": "easy_thumbnails.thumbnail", "pk": 24, "fields": {"storage_hash": "f9bde26a1556cd667f742bd34ec7c55e", "name": "filer_public_thumbnails/filer_public/2e/94/2e94ad5d-04af-4575-b0e0-d4f93e73d748/home02.jpg__48x48_q85_crop_subsampling-2_upscale.jpg", "modified": "2020-05-16T08:45:48.999Z", "source": 5}}, {"model": "easy_thumbnails.thumbnail", "pk": 25, "fields": {"storage_hash": "f9bde26a1556cd667f742bd34ec7c55e", "name": "filer_public_thumbnails/filer_public/2e/94/2e94ad5d-04af-4575-b0e0-d4f93e73d748/home02.jpg__64x64_q85_crop_subsampling-2_upscale.jpg", "modified": "2020-05-16T08:45:49.103Z", "source": 5}}, {"model": "easy_thumbnails.thumbnail", "pk": 26, "fields": {"storage_hash": "f9bde26a1556cd667f742bd34ec7c55e", "name": "filer_public_thumbnails/filer_public/2e/94/2e94ad5d-04af-4575-b0e0-d4f93e73d748/home02.jpg__180x180_q85_crop_subsampling-2_upscale.jpg", "modified": "2020-05-16T08:45:49.215Z", "source": 5}}, {"model": "easy_thumbnails.thumbnail", "pk": 27, "fields": {"storage_hash": "f9bde26a1556cd667f742bd34ec7c55e", "name": "filer_public_thumbnails/filer_public/2e/94/2e94ad5d-04af-4575-b0e0-d4f93e73d748/home02.jpg__1024.0x768.0_q85_crop-10_subsampling-2_upscale.jpg", "modified": "2020-05-16T08:45:56.383Z", "source": 5}}, {"model": "easy_thumbnails.thumbnail", "pk": 28, "fields": {"storage_hash": "f9bde26a1556cd667f742bd34ec7c55e", "name": "filer_public_thumbnails/filer_public/08/bc/08bca602-c1fb-4583-bf70-717f1cb6662f/home03.jpg__1024.0x768.0_q85_crop-10_subsampling-2_upscale.jpg", "modified": "2020-05-16T08:46:12.106Z", "source": 3}}, {"model": "easy_thumbnails.thumbnail", "pk": 29, "fields": {"storage_hash": "f9bde26a1556cd667f742bd34ec7c55e", "name": "filer_public_thumbnails/filer_public/ba/51/ba5148d6-b923-4457-b236-8057e63497b5/home04.jpg__1024.0x768.0_q85_crop-10_subsampling-2_upscale.jpg", "modified": "2020-05-16T08:46:36.408Z", "source": 4}}, {"model": "easy_thumbnails.thumbnail", "pk": 30, "fields": {"storage_hash": "f9bde26a1556cd667f742bd34ec7c55e", "name": "filer_public_thumbnails/filer_public/7c/9f/7c9fb8b1-feda-4c6b-b2c4-9aa3735c2813/home05.jpg__1024.0x768.0_q85_crop-10_subsampling-2_upscale.jpg", "modified": "2020-05-16T08:46:50.187Z", "source": 2}}, {"model": "easy_thumbnails.thumbnail", "pk": 31, "fields": {"storage_hash": "f9bde26a1556cd667f742bd34ec7c55e", "name": "filer_public_thumbnails/filer_public/6f/cb/6fcbaba0-1ba6-4968-bb59-687768f49bd6/valor.png__16x16_q85_crop_subsampling-2_upscale.png", "modified": "2020-05-16T11:21:31.935Z", "source": 6}}, {"model": "easy_thumbnails.thumbnail", "pk": 32, "fields": {"storage_hash": "f9bde26a1556cd667f742bd34ec7c55e", "name": "filer_public_thumbnails/filer_public/6f/cb/6fcbaba0-1ba6-4968-bb59-687768f49bd6/valor.png__32x32_q85_crop_subsampling-2_upscale.png", "modified": "2020-05-16T11:21:31.940Z", "source": 6}}, {"model": "easy_thumbnails.thumbnail", "pk": 33, "fields": {"storage_hash": "f9bde26a1556cd667f742bd34ec7c55e", "name": "filer_public_thumbnails/filer_public/6f/cb/6fcbaba0-1ba6-4968-bb59-687768f49bd6/valor.png__48x48_q85_crop_subsampling-2_upscale.png", "modified": "2020-05-16T11:21:31.946Z", "source": 6}}, {"model": "easy_thumbnails.thumbnail", "pk": 34, "fields": {"storage_hash": "f9bde26a1556cd667f742bd34ec7c55e", "name": "filer_public_thumbnails/filer_public/6f/cb/6fcbaba0-1ba6-4968-bb59-687768f49bd6/valor.png__64x64_q85_crop_subsampling-2_upscale.png", "modified": "2020-05-16T11:21:31.952Z", "source": 6}}, {"model": "easy_thumbnails.thumbnail", "pk": 35, "fields": {"storage_hash": "f9bde26a1556cd667f742bd34ec7c55e", "name": "filer_public_thumbnails/filer_public/6f/cb/6fcbaba0-1ba6-4968-bb59-687768f49bd6/valor.png__180x180_q85_crop_subsampling-2_upscale.png", "modified": "2020-05-16T11:21:31.963Z", "source": 6}}, {"model": "easy_thumbnails.thumbnail", "pk": 36, "fields": {"storage_hash": "f9bde26a1556cd667f742bd34ec7c55e", "name": "filer_public_thumbnails/filer_public/6f/cb/6fcbaba0-1ba6-4968-bb59-687768f49bd6/valor.png__181x179_q85_subsampling-2.png", "modified": "2020-05-16T11:23:21.260Z", "source": 6}}, {"model": "easy_thumbnails.thumbnail", "pk": 37, "fields": {"storage_hash": "f9bde26a1556cd667f742bd34ec7c55e", "name": "filer_public_thumbnails/filer_public/c1/3f/c13fd1e5-72d8-490b-bb70-31b8e6113a08/daveswish.png__16x16_q85_crop_subsampling-2_upscale.png", "modified": "2020-05-16T11:31:03.075Z", "source": 7}}, {"model": "easy_thumbnails.thumbnail", "pk": 38, "fields": {"storage_hash": "f9bde26a1556cd667f742bd34ec7c55e", "name": "filer_public_thumbnails/filer_public/c1/3f/c13fd1e5-72d8-490b-bb70-31b8e6113a08/daveswish.png__32x32_q85_crop_subsampling-2_upscale.png", "modified": "2020-05-16T11:31:03.084Z", "source": 7}}, {"model": "easy_thumbnails.thumbnail", "pk": 39, "fields": {"storage_hash": "f9bde26a1556cd667f742bd34ec7c55e", "name": "filer_public_thumbnails/filer_public/c1/3f/c13fd1e5-72d8-490b-bb70-31b8e6113a08/daveswish.png__48x48_q85_crop_subsampling-2_upscale.png", "modified": "2020-05-16T11:31:03.093Z", "source": 7}}, {"model": "easy_thumbnails.thumbnail", "pk": 40, "fields": {"storage_hash": "f9bde26a1556cd667f742bd34ec7c55e", "name": "filer_public_thumbnails/filer_public/c1/3f/c13fd1e5-72d8-490b-bb70-31b8e6113a08/daveswish.png__64x64_q85_crop_subsampling-2_upscale.png", "modified": "2020-05-16T11:31:03.103Z", "source": 7}}, {"model": "easy_thumbnails.thumbnail", "pk": 41, "fields": {"storage_hash": "f9bde26a1556cd667f742bd34ec7c55e", "name": "filer_public_thumbnails/filer_public/c1/3f/c13fd1e5-72d8-490b-bb70-31b8e6113a08/daveswish.png__180x180_q85_crop_subsampling-2_upscale.png", "modified": "2020-05-16T11:31:03.118Z", "source": 7}}, {"model": "easy_thumbnails.thumbnail", "pk": 42, "fields": {"storage_hash": "f9bde26a1556cd667f742bd34ec7c55e", "name": "filer_public_thumbnails/filer_public/c1/3f/c13fd1e5-72d8-490b-bb70-31b8e6113a08/daveswish.png__507x230_q85_subsampling-2.png", "modified": "2020-05-16T11:31:10.540Z", "source": 7}}, {"model": "easy_thumbnails.thumbnail", "pk": 55, "fields": {"storage_hash": "f9bde26a1556cd667f742bd34ec7c55e", "name": "filer_public_thumbnails/filer_public/2f/89/2f89e80b-63e6-4bce-b0ce-1e0fbab2ffde/comingsoon.png__16x16_q85_crop_subsampling-2_upscale.jpg", "modified": "2020-05-21T04:22:30.822Z", "source": 10}}, {"model": "easy_thumbnails.thumbnail", "pk": 56, "fields": {"storage_hash": "f9bde26a1556cd667f742bd34ec7c55e", "name": "filer_public_thumbnails/filer_public/2f/89/2f89e80b-63e6-4bce-b0ce-1e0fbab2ffde/comingsoon.png__32x32_q85_crop_subsampling-2_upscale.jpg", "modified": "2020-05-21T04:22:30.839Z", "source": 10}}, {"model": "easy_thumbnails.thumbnail", "pk": 57, "fields": {"storage_hash": "f9bde26a1556cd667f742bd34ec7c55e", "name": "filer_public_thumbnails/filer_public/2f/89/2f89e80b-63e6-4bce-b0ce-1e0fbab2ffde/comingsoon.png__48x48_q85_crop_subsampling-2_upscale.jpg", "modified": "2020-05-21T04:22:30.858Z", "source": 10}}, {"model": "easy_thumbnails.thumbnail", "pk": 58, "fields": {"storage_hash": "f9bde26a1556cd667f742bd34ec7c55e", "name": "filer_public_thumbnails/filer_public/2f/89/2f89e80b-63e6-4bce-b0ce-1e0fbab2ffde/comingsoon.png__64x64_q85_crop_subsampling-2_upscale.jpg", "modified": "2020-05-21T04:22:30.877Z", "source": 10}}, {"model": "easy_thumbnails.thumbnail", "pk": 59, "fields": {"storage_hash": "f9bde26a1556cd667f742bd34ec7c55e", "name": "filer_public_thumbnails/filer_public/2f/89/2f89e80b-63e6-4bce-b0ce-1e0fbab2ffde/comingsoon.png__180x180_q85_crop_subsampling-2_upscale.jpg", "modified": "2020-05-21T04:22:30.899Z", "source": 10}}, {"model": "easy_thumbnails.thumbnail", "pk": 60, "fields": {"storage_hash": "f9bde26a1556cd667f742bd34ec7c55e", "name": "filer_public_thumbnails/filer_public/2f/89/2f89e80b-63e6-4bce-b0ce-1e0fbab2ffde/comingsoon.png__960x540_q85_subsampling-2.jpg", "modified": "2020-05-21T04:22:47.626Z", "source": 10}}, {"model": "easy_thumbnails.thumbnail", "pk": 73, "fields": {"storage_hash": "f9bde26a1556cd667f742bd34ec7c55e", "name": "filer_public_thumbnails/filer_public/12/e7/12e728b2-0b6c-496e-80bf-84485706c5ae/bridgehospicelogo.png__16x16_q85_crop_subsampling-2_upscale.png", "modified": "2020-06-12T17:58:05.123Z", "source": 13}}, {"model": "easy_thumbnails.thumbnail", "pk": 74, "fields": {"storage_hash": "f9bde26a1556cd667f742bd34ec7c55e", "name": "filer_public_thumbnails/filer_public/12/e7/12e728b2-0b6c-496e-80bf-84485706c5ae/bridgehospicelogo.png__32x32_q85_crop_subsampling-2_upscale.png", "modified": "2020-06-12T17:58:05.131Z", "source": 13}}, {"model": "easy_thumbnails.thumbnail", "pk": 75, "fields": {"storage_hash": "f9bde26a1556cd667f742bd34ec7c55e", "name": "filer_public_thumbnails/filer_public/12/e7/12e728b2-0b6c-496e-80bf-84485706c5ae/bridgehospicelogo.png__48x48_q85_crop_subsampling-2_upscale.png", "modified": "2020-06-12T17:58:05.138Z", "source": 13}}, {"model": "easy_thumbnails.thumbnail", "pk": 76, "fields": {"storage_hash": "f9bde26a1556cd667f742bd34ec7c55e", "name": "filer_public_thumbnails/filer_public/12/e7/12e728b2-0b6c-496e-80bf-84485706c5ae/bridgehospicelogo.png__64x64_q85_crop_subsampling-2_upscale.png", "modified": "2020-06-12T17:58:05.145Z", "source": 13}}, {"model": "easy_thumbnails.thumbnail", "pk": 77, "fields": {"storage_hash": "f9bde26a1556cd667f742bd34ec7c55e", "name": "filer_public_thumbnails/filer_public/12/e7/12e728b2-0b6c-496e-80bf-84485706c5ae/bridgehospicelogo.png__180x180_q85_crop_subsampling-2_upscale.png", "modified": "2020-06-12T17:58:05.160Z", "source": 13}}, {"model": "easy_thumbnails.thumbnail", "pk": 78, "fields": {"storage_hash": "f9bde26a1556cd667f742bd34ec7c55e", "name": "filer_public_thumbnails/filer_public/12/e7/12e728b2-0b6c-496e-80bf-84485706c5ae/bridgehospicelogo.png__210x0_q85_subsampling-2_upscale.png", "modified": "2020-06-12T17:58:14.811Z", "source": 13}}, {"model": "easy_thumbnails.thumbnail", "pk": 79, "fields": {"storage_hash": "f9bde26a1556cd667f742bd34ec7c55e", "name": "filer_public_thumbnails/filer_public/12/e7/12e728b2-0b6c-496e-80bf-84485706c5ae/bridgehospicelogo.png__16x16_q85_crop_subject_location-196,185_subsampling-2_upscale.png", "modified": "2020-06-12T17:58:35.743Z", "source": 13}}, {"model": "easy_thumbnails.thumbnail", "pk": 80, "fields": {"storage_hash": "f9bde26a1556cd667f742bd34ec7c55e", "name": "filer_public_thumbnails/filer_public/12/e7/12e728b2-0b6c-496e-80bf-84485706c5ae/bridgehospicelogo.png__32x32_q85_crop_subject_location-196,185_subsampling-2_upscale.png", "modified": "2020-06-12T17:58:35.749Z", "source": 13}}, {"model": "easy_thumbnails.thumbnail", "pk": 81, "fields": {"storage_hash": "f9bde26a1556cd667f742bd34ec7c55e", "name": "filer_public_thumbnails/filer_public/12/e7/12e728b2-0b6c-496e-80bf-84485706c5ae/bridgehospicelogo.png__48x48_q85_crop_subject_location-196,185_subsampling-2_upscale.png", "modified": "2020-06-12T17:58:35.757Z", "source": 13}}, {"model": "easy_thumbnails.thumbnail", "pk": 82, "fields": {"storage_hash": "f9bde26a1556cd667f742bd34ec7c55e", "name": "filer_public_thumbnails/filer_public/12/e7/12e728b2-0b6c-496e-80bf-84485706c5ae/bridgehospicelogo.png__64x64_q85_crop_subject_location-196,185_subsampling-2_upscale.png", "modified": "2020-06-12T17:58:35.764Z", "source": 13}}, {"model": "easy_thumbnails.thumbnail", "pk": 83, "fields": {"storage_hash": "f9bde26a1556cd667f742bd34ec7c55e", "name": "filer_public_thumbnails/filer_public/12/e7/12e728b2-0b6c-496e-80bf-84485706c5ae/bridgehospicelogo.png__391x370_q85_subject_location-196,185_subsampling-2.png", "modified": "2020-06-12T17:58:42.320Z", "source": 13}}, {"model": "bootstrap4_carousel.bootstrap4carousel", "pk": 783, "fields": {"template": "default", "carousel_interval": 10000, "carousel_controls": false, "carousel_indicators": false, "carousel_keyboard": false, "carousel_pause": "false", "carousel_ride": "carousel", "carousel_wrap": true, "carousel_aspect_ratio": "", "tag_type": "div", "attributes": {"class": "p-0"}}}, {"model": "bootstrap4_carousel.bootstrap4carousel", "pk": 1977, "fields": {"template": "default", "carousel_interval": 10000, "carousel_controls": false, "carousel_indicators": false, "carousel_keyboard": false, "carousel_pause": "false", "carousel_ride": "carousel", "carousel_wrap": true, "carousel_aspect_ratio": "", "tag_type": "div", "attributes": {"class": "p-0"}}}, {"model": "bootstrap4_carousel.bootstrap4carousel", "pk": 2080, "fields": {"template": "default", "carousel_interval": 10000, "carousel_controls": false, "carousel_indicators": false, "carousel_keyboard": false, "carousel_pause": "false", "carousel_ride": "carousel", "carousel_wrap": true, "carousel_aspect_ratio": "", "tag_type": "div", "attributes": {"class": "p-0"}}}, {"model": "bootstrap4_carousel.bootstrap4carouselslide", "pk": 784, "fields": {"template": "default", "name": "", "external_link": "", "internal_link": null, "file_link": null, "anchor": "", "mailto": "", "phone": "", "target": "", "attributes": {}, "carousel_image": 1, "carousel_content": "", "tag_type": "div"}}, {"model": "bootstrap4_carousel.bootstrap4carouselslide", "pk": 785, "fields": {"template": "default", "name": "", "external_link": "", "internal_link": null, "file_link": null, "anchor": "", "mailto": "", "phone": "", "target": "", "attributes": {}, "carousel_image": 5, "carousel_content": "", "tag_type": "div"}}, {"model": "bootstrap4_carousel.bootstrap4carouselslide", "pk": 786, "fields": {"template": "default", "name": "", "external_link": "", "internal_link": null, "file_link": null, "anchor": "", "mailto": "", "phone": "", "target": "", "attributes": {}, "carousel_image": 3, "carousel_content": "", "tag_type": "div"}}, {"model": "bootstrap4_carousel.bootstrap4carouselslide", "pk": 787, "fields": {"template": "default", "name": "", "external_link": "", "internal_link": null, "file_link": null, "anchor": "", "mailto": "", "phone": "", "target": "", "attributes": {}, "carousel_image": 4, "carousel_content": "", "tag_type": "div"}}, {"model": "bootstrap4_carousel.bootstrap4carouselslide", "pk": 788, "fields": {"template": "default", "name": "", "external_link": "", "internal_link": null, "file_link": null, "anchor": "", "mailto": "", "phone": "", "target": "", "attributes": {}, "carousel_image": 2, "carousel_content": "", "tag_type": "div"}}, {"model": "bootstrap4_carousel.bootstrap4carouselslide", "pk": 1978, "fields": {"template": "default", "name": "", "external_link": "", "internal_link": null, "file_link": null, "anchor": "", "mailto": "", "phone": "", "target": "", "attributes": {}, "carousel_image": 1, "carousel_content": "", "tag_type": "div"}}, {"model": "bootstrap4_carousel.bootstrap4carouselslide", "pk": 1979, "fields": {"template": "default", "name": "", "external_link": "", "internal_link": null, "file_link": null, "anchor": "", "mailto": "", "phone": "", "target": "", "attributes": {}, "carousel_image": 5, "carousel_content": "", "tag_type": "div"}}, {"model": "bootstrap4_carousel.bootstrap4carouselslide", "pk": 1980, "fields": {"template": "default", "name": "", "external_link": "", "internal_link": null, "file_link": null, "anchor": "", "mailto": "", "phone": "", "target": "", "attributes": {}, "carousel_image": 3, "carousel_content": "", "tag_type": "div"}}, {"model": "bootstrap4_carousel.bootstrap4carouselslide", "pk": 1981, "fields": {"template": "default", "name": "", "external_link": "", "internal_link": null, "file_link": null, "anchor": "", "mailto": "", "phone": "", "target": "", "attributes": {}, "carousel_image": 4, "carousel_content": "", "tag_type": "div"}}, {"model": "bootstrap4_carousel.bootstrap4carouselslide", "pk": 1982, "fields": {"template": "default", "name": "", "external_link": "", "internal_link": null, "file_link": null, "anchor": "", "mailto": "", "phone": "", "target": "", "attributes": {}, "carousel_image": 2, "carousel_content": "", "tag_type": "div"}}, {"model": "bootstrap4_carousel.bootstrap4carouselslide", "pk": 2081, "fields": {"template": "default", "name": "", "external_link": "", "internal_link": null, "file_link": null, "anchor": "", "mailto": "", "phone": "", "target": "", "attributes": {}, "carousel_image": 1, "carousel_content": "", "tag_type": "div"}}, {"model": "bootstrap4_carousel.bootstrap4carouselslide", "pk": 2082, "fields": {"template": "default", "name": "", "external_link": "", "internal_link": null, "file_link": null, "anchor": "", "mailto": "", "phone": "", "target": "", "attributes": {}, "carousel_image": 5, "carousel_content": "", "tag_type": "div"}}, {"model": "bootstrap4_carousel.bootstrap4carouselslide", "pk": 2083, "fields": {"template": "default", "name": "", "external_link": "", "internal_link": null, "file_link": null, "anchor": "", "mailto": "", "phone": "", "target": "", "attributes": {}, "carousel_image": 3, "carousel_content": "", "tag_type": "div"}}, {"model": "bootstrap4_carousel.bootstrap4carouselslide", "pk": 2084, "fields": {"template": "default", "name": "", "external_link": "", "internal_link": null, "file_link": null, "anchor": "", "mailto": "", "phone": "", "target": "", "attributes": {}, "carousel_image": 4, "carousel_content": "", "tag_type": "div"}}, {"model": "bootstrap4_carousel.bootstrap4carouselslide", "pk": 2085, "fields": {"template": "default", "name": "", "external_link": "", "internal_link": null, "file_link": null, "anchor": "", "mailto": "", "phone": "", "target": "", "attributes": {}, "carousel_image": 2, "carousel_content": "", "tag_type": "div"}}, {"model": "bootstrap4_grid.bootstrap4gridcontainer", "pk": 53, "fields": {"container_type": "container", "tag_type": "div", "attributes": {}}}, {"model": "bootstrap4_grid.bootstrap4gridcontainer", "pk": 480, "fields": {"container_type": "container", "tag_type": "div", "attributes": {"class": "d-none"}}}, {"model": "bootstrap4_grid.bootstrap4gridcontainer", "pk": 630, "fields": {"container_type": "container", "tag_type": "div", "attributes": {}}}, {"model": "bootstrap4_grid.bootstrap4gridcontainer", "pk": 677, "fields": {"container_type": "container", "tag_type": "div", "attributes": {}}}, {"model": "bootstrap4_grid.bootstrap4gridcontainer", "pk": 753, "fields": {"container_type": "container", "tag_type": "div", "attributes": {"class": "shadow"}}}, {"model": "bootstrap4_grid.bootstrap4gridcontainer", "pk": 782, "fields": {"container_type": "container", "tag_type": "div", "attributes": {"class": "p-0"}}}, {"model": "bootstrap4_grid.bootstrap4gridcontainer", "pk": 1116, "fields": {"container_type": "container", "tag_type": "div", "attributes": {"class": "hero-container text-center"}}}, {"model": "bootstrap4_grid.bootstrap4gridcontainer", "pk": 1128, "fields": {"container_type": "container", "tag_type": "div", "attributes": {"class": ""}}}, {"model": "bootstrap4_grid.bootstrap4gridcontainer", "pk": 1136, "fields": {"container_type": "container", "tag_type": "div", "attributes": {"class": ""}}}, {"model": "bootstrap4_grid.bootstrap4gridcontainer", "pk": 1233, "fields": {"container_type": "container", "tag_type": "div", "attributes": {}}}, {"model": "bootstrap4_grid.bootstrap4gridcontainer", "pk": 1238, "fields": {"container_type": "container", "tag_type": "div", "attributes": {}}}, {"model": "bootstrap4_grid.bootstrap4gridcontainer", "pk": 1339, "fields": {"container_type": "container", "tag_type": "div", "attributes": {}}}, {"model": "bootstrap4_grid.bootstrap4gridcontainer", "pk": 1343, "fields": {"container_type": "container", "tag_type": "div", "attributes": {}}}, {"model": "bootstrap4_grid.bootstrap4gridcontainer", "pk": 1347, "fields": {"container_type": "container", "tag_type": "div", "attributes": {}}}, {"model": "bootstrap4_grid.bootstrap4gridcontainer", "pk": 1357, "fields": {"container_type": "container", "tag_type": "div", "attributes": {}}}, {"model": "bootstrap4_grid.bootstrap4gridcontainer", "pk": 1441, "fields": {"container_type": "container", "tag_type": "div", "attributes": {}}}, {"model": "bootstrap4_grid.bootstrap4gridcontainer", "pk": 1486, "fields": {"container_type": "container", "tag_type": "div", "attributes": {"class": "d-none"}}}, {"model": "bootstrap4_grid.bootstrap4gridcontainer", "pk": 1494, "fields": {"container_type": "container", "tag_type": "div", "attributes": {}}}, {"model": "bootstrap4_grid.bootstrap4gridcontainer", "pk": 1498, "fields": {"container_type": "container", "tag_type": "div", "attributes": {}}}, {"model": "bootstrap4_grid.bootstrap4gridcontainer", "pk": 1806, "fields": {"container_type": "container", "tag_type": "div", "attributes": {"class": "d-none"}}}, {"model": "bootstrap4_grid.bootstrap4gridcontainer", "pk": 1808, "fields": {"container_type": "container", "tag_type": "div", "attributes": {}}}, {"model": "bootstrap4_grid.bootstrap4gridcontainer", "pk": 1824, "fields": {"container_type": "container", "tag_type": "div", "attributes": {}}}, {"model": "bootstrap4_grid.bootstrap4gridcontainer", "pk": 1830, "fields": {"container_type": "container", "tag_type": "div", "attributes": {}}}, {"model": "bootstrap4_grid.bootstrap4gridcontainer", "pk": 1897, "fields": {"container_type": "container", "tag_type": "div", "attributes": {}}}, {"model": "bootstrap4_grid.bootstrap4gridcontainer", "pk": 1946, "fields": {"container_type": "container", "tag_type": "div", "attributes": {"class": "shadow"}}}, {"model": "bootstrap4_grid.bootstrap4gridcontainer", "pk": 1976, "fields": {"container_type": "container", "tag_type": "div", "attributes": {"class": "p-0"}}}, {"model": "bootstrap4_grid.bootstrap4gridcontainer", "pk": 1983, "fields": {"container_type": "container", "tag_type": "div", "attributes": {"class": "hero-container text-center"}}}, {"model": "bootstrap4_grid.bootstrap4gridcontainer", "pk": 1989, "fields": {"container_type": "container", "tag_type": "div", "attributes": {"class": ""}}}, {"model": "bootstrap4_grid.bootstrap4gridcontainer", "pk": 1993, "fields": {"container_type": "container", "tag_type": "div", "attributes": {"class": ""}}}, {"model": "bootstrap4_grid.bootstrap4gridcontainer", "pk": 2005, "fields": {"container_type": "container", "tag_type": "div", "attributes": {"class": "d-none"}}}, {"model": "bootstrap4_grid.bootstrap4gridcontainer", "pk": 2007, "fields": {"container_type": "container", "tag_type": "div", "attributes": {}}}, {"model": "bootstrap4_grid.bootstrap4gridcontainer", "pk": 2044, "fields": {"container_type": "container", "tag_type": "div", "attributes": {"class": "shadow"}}}, {"model": "bootstrap4_grid.bootstrap4gridcontainer", "pk": 2079, "fields": {"container_type": "container", "tag_type": "div", "attributes": {"class": "p-0"}}}, {"model": "bootstrap4_grid.bootstrap4gridcontainer", "pk": 2086, "fields": {"container_type": "container", "tag_type": "div", "attributes": {"class": "hero-container text-center"}}}, {"model": "bootstrap4_grid.bootstrap4gridcontainer", "pk": 2092, "fields": {"container_type": "container", "tag_type": "div", "attributes": {}}}, {"model": "bootstrap4_grid.bootstrap4gridcontainer", "pk": 2096, "fields": {"container_type": "container", "tag_type": "div", "attributes": {}}}, {"model": "bootstrap4_grid.bootstrap4gridcontainer", "pk": 2103, "fields": {"container_type": "container", "tag_type": "div", "attributes": {}}}, {"model": "bootstrap4_grid.bootstrap4gridcontainer", "pk": 2109, "fields": {"container_type": "container", "tag_type": "div", "attributes": {}}}, {"model": "bootstrap4_grid.bootstrap4gridrow", "pk": 54, "fields": {"vertical_alignment": "", "horizontal_alignment": "", "gutters": false, "tag_type": "div", "attributes": {"class": "py-3"}}}, {"model": "bootstrap4_grid.bootstrap4gridrow", "pk": 631, "fields": {"vertical_alignment": "align-items-center", "horizontal_alignment": "justify-content-center", "gutters": false, "tag_type": "div", "attributes": {}}}, {"model": "bootstrap4_grid.bootstrap4gridrow", "pk": 678, "fields": {"vertical_alignment": "align-items-center", "horizontal_alignment": "justify-content-center", "gutters": false, "tag_type": "div", "attributes": {}}}, {"model": "bootstrap4_grid.bootstrap4gridrow", "pk": 755, "fields": {"vertical_alignment": "", "horizontal_alignment": "justify-content-center", "gutters": false, "tag_type": "div", "attributes": {"class": "nav-box bg-purple"}}}, {"model": "bootstrap4_grid.bootstrap4gridrow", "pk": 760, "fields": {"vertical_alignment": "align-items-center", "horizontal_alignment": "justify-content-center", "gutters": false, "tag_type": "div", "attributes": {"class": "nav-box bg-cyan "}}}, {"model": "bootstrap4_grid.bootstrap4gridrow", "pk": 769, "fields": {"vertical_alignment": "align-items-center", "horizontal_alignment": "justify-content-center", "gutters": false, "tag_type": "div", "attributes": {"class": "nav-box bg-darkblue hover-dim"}}}, {"model": "bootstrap4_grid.bootstrap4gridrow", "pk": 774, "fields": {"vertical_alignment": "align-items-center", "horizontal_alignment": "justify-content-center", "gutters": false, "tag_type": "div", "attributes": {"class": "nav-box bg-orange"}}}, {"model": "bootstrap4_grid.bootstrap4gridrow", "pk": 779, "fields": {"vertical_alignment": "align-items-center", "horizontal_alignment": "justify-content-center", "gutters": false, "tag_type": "div", "attributes": {"class": "nav-box bg-yellow hover-dim"}}}, {"model": "bootstrap4_grid.bootstrap4gridrow", "pk": 1129, "fields": {"vertical_alignment": "align-items-center", "horizontal_alignment": "justify-content-center", "gutters": false, "tag_type": "div", "attributes": {}}}, {"model": "bootstrap4_grid.bootstrap4gridrow", "pk": 1137, "fields": {"vertical_alignment": "align-items-center", "horizontal_alignment": "justify-content-center", "gutters": false, "tag_type": "div", "attributes": {}}}, {"model": "bootstrap4_grid.bootstrap4gridrow", "pk": 1185, "fields": {"vertical_alignment": "", "horizontal_alignment": "", "gutters": false, "tag_type": "div", "attributes": {}}}, {"model": "bootstrap4_grid.bootstrap4gridrow", "pk": 1234, "fields": {"vertical_alignment": "", "horizontal_alignment": "", "gutters": false, "tag_type": "div", "attributes": {}}}, {"model": "bootstrap4_grid.bootstrap4gridrow", "pk": 1239, "fields": {"vertical_alignment": "", "horizontal_alignment": "", "gutters": false, "tag_type": "div", "attributes": {}}}, {"model": "bootstrap4_grid.bootstrap4gridrow", "pk": 1340, "fields": {"vertical_alignment": "", "horizontal_alignment": "", "gutters": false, "tag_type": "div", "attributes": {}}}, {"model": "bootstrap4_grid.bootstrap4gridrow", "pk": 1344, "fields": {"vertical_alignment": "", "horizontal_alignment": "", "gutters": false, "tag_type": "div", "attributes": {}}}, {"model": "bootstrap4_grid.bootstrap4gridrow", "pk": 1348, "fields": {"vertical_alignment": "", "horizontal_alignment": "", "gutters": false, "tag_type": "div", "attributes": {}}}, {"model": "bootstrap4_grid.bootstrap4gridrow", "pk": 1358, "fields": {"vertical_alignment": "", "horizontal_alignment": "", "gutters": false, "tag_type": "div", "attributes": {}}}, {"model": "bootstrap4_grid.bootstrap4gridrow", "pk": 1442, "fields": {"vertical_alignment": "", "horizontal_alignment": "", "gutters": false, "tag_type": "div", "attributes": {}}}, {"model": "bootstrap4_grid.bootstrap4gridrow", "pk": 1487, "fields": {"vertical_alignment": "align-items-center", "horizontal_alignment": "justify-content-center", "gutters": false, "tag_type": "div", "attributes": {}}}, {"model": "bootstrap4_grid.bootstrap4gridrow", "pk": 1495, "fields": {"vertical_alignment": "", "horizontal_alignment": "", "gutters": false, "tag_type": "div", "attributes": {}}}, {"model": "bootstrap4_grid.bootstrap4gridrow", "pk": 1499, "fields": {"vertical_alignment": "", "horizontal_alignment": "", "gutters": false, "tag_type": "div", "attributes": {}}}, {"model": "bootstrap4_grid.bootstrap4gridrow", "pk": 1809, "fields": {"vertical_alignment": "", "horizontal_alignment": "", "gutters": false, "tag_type": "div", "attributes": {"class": "py-3"}}}, {"model": "bootstrap4_grid.bootstrap4gridrow", "pk": 1825, "fields": {"vertical_alignment": "", "horizontal_alignment": "", "gutters": false, "tag_type": "div", "attributes": {}}}, {"model": "bootstrap4_grid.bootstrap4gridrow", "pk": 1831, "fields": {"vertical_alignment": "", "horizontal_alignment": "", "gutters": false, "tag_type": "div", "attributes": {}}}, {"model": "bootstrap4_grid.bootstrap4gridrow", "pk": 1898, "fields": {"vertical_alignment": "", "horizontal_alignment": "", "gutters": false, "tag_type": "div", "attributes": {}}}, {"model": "bootstrap4_grid.bootstrap4gridrow", "pk": 1947, "fields": {"vertical_alignment": "", "horizontal_alignment": "justify-content-center", "gutters": false, "tag_type": "div", "attributes": {"class": "nav-box bg-purple"}}}, {"model": "bootstrap4_grid.bootstrap4gridrow", "pk": 1953, "fields": {"vertical_alignment": "align-items-center", "horizontal_alignment": "justify-content-center", "gutters": false, "tag_type": "div", "attributes": {"class": "nav-box bg-cyan "}}}, {"model": "bootstrap4_grid.bootstrap4gridrow", "pk": 1962, "fields": {"vertical_alignment": "align-items-center", "horizontal_alignment": "justify-content-center", "gutters": false, "tag_type": "div", "attributes": {"class": "nav-box bg-orange"}}}, {"model": "bootstrap4_grid.bootstrap4gridrow", "pk": 1967, "fields": {"vertical_alignment": "align-items-center", "horizontal_alignment": "justify-content-center", "gutters": false, "tag_type": "div", "attributes": {"class": "nav-box bg-yellow hover-dim"}}}, {"model": "bootstrap4_grid.bootstrap4gridrow", "pk": 1971, "fields": {"vertical_alignment": "align-items-center", "horizontal_alignment": "justify-content-center", "gutters": false, "tag_type": "div", "attributes": {"class": "nav-box bg-darkblue hover-dim"}}}, {"model": "bootstrap4_grid.bootstrap4gridrow", "pk": 1984, "fields": {"vertical_alignment": "", "horizontal_alignment": "", "gutters": false, "tag_type": "div", "attributes": {}}}, {"model": "bootstrap4_grid.bootstrap4gridrow", "pk": 1990, "fields": {"vertical_alignment": "align-items-center", "horizontal_alignment": "justify-content-center", "gutters": false, "tag_type": "div", "attributes": {}}}, {"model": "bootstrap4_grid.bootstrap4gridrow", "pk": 1994, "fields": {"vertical_alignment": "align-items-center", "horizontal_alignment": "justify-content-center", "gutters": false, "tag_type": "div", "attributes": {}}}, {"model": "bootstrap4_grid.bootstrap4gridrow", "pk": 2008, "fields": {"vertical_alignment": "", "horizontal_alignment": "", "gutters": false, "tag_type": "div", "attributes": {"class": "py-3"}}}, {"model": "bootstrap4_grid.bootstrap4gridrow", "pk": 2045, "fields": {"vertical_alignment": "", "horizontal_alignment": "justify-content-center", "gutters": false, "tag_type": "div", "attributes": {"class": "nav-box bg-purple"}}}, {"model": "bootstrap4_grid.bootstrap4gridrow", "pk": 2056, "fields": {"vertical_alignment": "align-items-center", "horizontal_alignment": "justify-content-center", "gutters": false, "tag_type": "div", "attributes": {"class": "nav-box bg-cyan "}}}, {"model": "bootstrap4_grid.bootstrap4gridrow", "pk": 2065, "fields": {"vertical_alignment": "align-items-center", "horizontal_alignment": "justify-content-center", "gutters": false, "tag_type": "div", "attributes": {"class": "nav-box bg-orange"}}}, {"model": "bootstrap4_grid.bootstrap4gridrow", "pk": 2070, "fields": {"vertical_alignment": "align-items-center", "horizontal_alignment": "justify-content-center", "gutters": false, "tag_type": "div", "attributes": {"class": "nav-box bg-yellow hover-dim"}}}, {"model": "bootstrap4_grid.bootstrap4gridrow", "pk": 2074, "fields": {"vertical_alignment": "align-items-center", "horizontal_alignment": "justify-content-center", "gutters": false, "tag_type": "div", "attributes": {"class": "nav-box bg-darkblue hover-dim"}}}, {"model": "bootstrap4_grid.bootstrap4gridrow", "pk": 2087, "fields": {"vertical_alignment": "", "horizontal_alignment": "", "gutters": false, "tag_type": "div", "attributes": {}}}, {"model": "bootstrap4_grid.bootstrap4gridrow", "pk": 2093, "fields": {"vertical_alignment": "align-items-center", "horizontal_alignment": "justify-content-center", "gutters": false, "tag_type": "div", "attributes": {}}}, {"model": "bootstrap4_grid.bootstrap4gridrow", "pk": 2097, "fields": {"vertical_alignment": "", "horizontal_alignment": "", "gutters": false, "tag_type": "div", "attributes": {}}}, {"model": "bootstrap4_grid.bootstrap4gridrow", "pk": 2104, "fields": {"vertical_alignment": "", "horizontal_alignment": "", "gutters": false, "tag_type": "div", "attributes": {}}}, {"model": "bootstrap4_grid.bootstrap4gridrow", "pk": 2110, "fields": {"vertical_alignment": "", "horizontal_alignment": "", "gutters": false, "tag_type": "div", "attributes": {}}}, {"model": "bootstrap4_grid.bootstrap4gridcolumn", "pk": 55, "fields": {"column_type": "col", "column_alignment": "", "tag_type": "div", "attributes": {}, "xs_col": 12, "xs_order": null, "xs_offset": null, "xs_ml": false, "xs_mr": false, "sm_col": null, "sm_order": null, "sm_offset": null, "sm_ml": false, "sm_mr": false, "md_col": 12, "md_order": null, "md_offset": null, "md_ml": false, "md_mr": false, "lg_col": null, "lg_order": null, "lg_offset": null, "lg_ml": false, "lg_mr": false, "xl_col": null, "xl_order": null, "xl_offset": null, "xl_ml": false, "xl_mr": false}}, {"model": "bootstrap4_grid.bootstrap4gridcolumn", "pk": 260, "fields": {"column_type": "col", "column_alignment": "align-self-center", "tag_type": "div", "attributes": {"class": "d-none"}, "xs_col": 12, "xs_order": null, "xs_offset": null, "xs_ml": false, "xs_mr": false, "sm_col": null, "sm_order": null, "sm_offset": null, "sm_ml": false, "sm_mr": false, "md_col": 6, "md_order": null, "md_offset": null, "md_ml": false, "md_mr": false, "lg_col": null, "lg_order": null, "lg_offset": null, "lg_ml": false, "lg_mr": false, "xl_col": null, "xl_order": null, "xl_offset": null, "xl_ml": false, "xl_mr": false}}, {"model": "bootstrap4_grid.bootstrap4gridcolumn", "pk": 633, "fields": {"column_type": "col", "column_alignment": "align-self-center", "tag_type": "div", "attributes": {}, "xs_col": null, "xs_order": null, "xs_offset": null, "xs_ml": false, "xs_mr": false, "sm_col": null, "sm_order": null, "sm_offset": null, "sm_ml": false, "sm_mr": false, "md_col": null, "md_order": null, "md_offset": null, "md_ml": false, "md_mr": false, "lg_col": null, "lg_order": null, "lg_offset": null, "lg_ml": false, "lg_mr": false, "xl_col": null, "xl_order": null, "xl_offset": null, "xl_ml": false, "xl_mr": false}}, {"model": "bootstrap4_grid.bootstrap4gridcolumn", "pk": 679, "fields": {"column_type": "col", "column_alignment": "align-self-center", "tag_type": "div", "attributes": {}, "xs_col": null, "xs_order": null, "xs_offset": null, "xs_ml": false, "xs_mr": false, "sm_col": null, "sm_order": null, "sm_offset": null, "sm_ml": false, "sm_mr": false, "md_col": null, "md_order": null, "md_offset": null, "md_ml": false, "md_mr": false, "lg_col": null, "lg_order": null, "lg_offset": null, "lg_ml": false, "lg_mr": false, "xl_col": null, "xl_order": null, "xl_offset": null, "xl_ml": false, "xl_mr": false}}, {"model": "bootstrap4_grid.bootstrap4gridcolumn", "pk": 756, "fields": {"column_type": "col", "column_alignment": "align-self-center", "tag_type": "div", "attributes": {"style": "line-height: 1.0;", "class": "text-center my-auto pb-2"}, "xs_col": 12, "xs_order": null, "xs_offset": null, "xs_ml": false, "xs_mr": false, "sm_col": 12, "sm_order": null, "sm_offset": null, "sm_ml": false, "sm_mr": false, "md_col": 4, "md_order": null, "md_offset": null, "md_ml": false, "md_mr": false, "lg_col": 5, "lg_order": null, "lg_offset": null, "lg_ml": false, "lg_mr": false, "xl_col": null, "xl_order": null, "xl_offset": null, "xl_ml": false, "xl_mr": false}}, {"model": "bootstrap4_grid.bootstrap4gridcolumn", "pk": 758, "fields": {"column_type": "col", "column_alignment": "align-self-center", "tag_type": "div", "attributes": {"class": "p-0"}, "xs_col": 12, "xs_order": null, "xs_offset": null, "xs_ml": false, "xs_mr": false, "sm_col": 12, "sm_order": null, "sm_offset": null, "sm_ml": false, "sm_mr": false, "md_col": 8, "md_order": null, "md_offset": null, "md_ml": false, "md_mr": false, "lg_col": 7, "lg_order": null, "lg_offset": null, "lg_ml": false, "lg_mr": false, "xl_col": null, "xl_order": null, "xl_offset": null, "xl_ml": false, "xl_mr": false}}, {"model": "bootstrap4_grid.bootstrap4gridcolumn", "pk": 761, "fields": {"column_type": "col", "column_alignment": "align-self-center", "tag_type": "div", "attributes": {"class": "col-12 col-md"}, "xs_col": null, "xs_order": null, "xs_offset": null, "xs_ml": false, "xs_mr": false, "sm_col": null, "sm_order": null, "sm_offset": null, "sm_ml": false, "sm_mr": false, "md_col": null, "md_order": null, "md_offset": null, "md_ml": false, "md_mr": false, "lg_col": null, "lg_order": null, "lg_offset": null, "lg_ml": false, "lg_mr": false, "xl_col": null, "xl_order": null, "xl_offset": null, "xl_ml": false, "xl_mr": false}}, {"model": "bootstrap4_grid.bootstrap4gridcolumn", "pk": 763, "fields": {"column_type": "col", "column_alignment": "align-self-center", "tag_type": "div", "attributes": {"class": "col-12 col-md"}, "xs_col": null, "xs_order": null, "xs_offset": null, "xs_ml": false, "xs_mr": false, "sm_col": null, "sm_order": null, "sm_offset": null, "sm_ml": false, "sm_mr": false, "md_col": null, "md_order": null, "md_offset": null, "md_ml": false, "md_mr": false, "lg_col": null, "lg_order": null, "lg_offset": null, "lg_ml": false, "lg_mr": false, "xl_col": null, "xl_order": null, "xl_offset": null, "xl_ml": false, "xl_mr": false}}, {"model": "bootstrap4_grid.bootstrap4gridcolumn", "pk": 765, "fields": {"column_type": "col", "column_alignment": "align-self-center", "tag_type": "div", "attributes": {"class": "col-12 col-md"}, "xs_col": null, "xs_order": null, "xs_offset": null, "xs_ml": false, "xs_mr": false, "sm_col": null, "sm_order": null, "sm_offset": null, "sm_ml": false, "sm_mr": false, "md_col": null, "md_order": null, "md_offset": null, "md_ml": false, "md_mr": false, "lg_col": null, "lg_order": null, "lg_offset": null, "lg_ml": false, "lg_mr": false, "xl_col": null, "xl_order": null, "xl_offset": null, "xl_ml": false, "xl_mr": false}}, {"model": "bootstrap4_grid.bootstrap4gridcolumn", "pk": 767, "fields": {"column_type": "col", "column_alignment": "", "tag_type": "div", "attributes": {}, "xs_col": 12, "xs_order": null, "xs_offset": null, "xs_ml": false, "xs_mr": false, "sm_col": null, "sm_order": null, "sm_offset": null, "sm_ml": false, "sm_mr": false, "md_col": null, "md_order": null, "md_offset": null, "md_ml": false, "md_mr": false, "lg_col": null, "lg_order": null, "lg_offset": null, "lg_ml": false, "lg_mr": false, "xl_col": null, "xl_order": null, "xl_offset": null, "xl_ml": false, "xl_mr": false}}, {"model": "bootstrap4_grid.bootstrap4gridcolumn", "pk": 770, "fields": {"column_type": "col", "column_alignment": "", "tag_type": "div", "attributes": {"class": "text-right"}, "xs_col": 4, "xs_order": null, "xs_offset": null, "xs_ml": false, "xs_mr": false, "sm_col": null, "sm_order": null, "sm_offset": null, "sm_ml": false, "sm_mr": false, "md_col": null, "md_order": null, "md_offset": null, "md_ml": false, "md_mr": false, "lg_col": null, "lg_order": null, "lg_offset": null, "lg_ml": false, "lg_mr": false, "xl_col": null, "xl_order": null, "xl_offset": null, "xl_ml": false, "xl_mr": false}}, {"model": "bootstrap4_grid.bootstrap4gridcolumn", "pk": 772, "fields": {"column_type": "col", "column_alignment": "align-self-center", "tag_type": "div", "attributes": {"class": "text-light text-center text-lg-left mx-auto ml-lg-0", "style": "line-height: 1.1;"}, "xs_col": 8, "xs_order": null, "xs_offset": null, "xs_ml": false, "xs_mr": false, "sm_col": null, "sm_order": null, "sm_offset": null, "sm_ml": false, "sm_mr": false, "md_col": null, "md_order": null, "md_offset": null, "md_ml": false, "md_mr": false, "lg_col": null, "lg_order": null, "lg_offset": null, "lg_ml": false, "lg_mr": false, "xl_col": null, "xl_order": null, "xl_offset": null, "xl_ml": false, "xl_mr": false}}, {"model": "bootstrap4_grid.bootstrap4gridcolumn", "pk": 775, "fields": {"column_type": "col", "column_alignment": "", "tag_type": "div", "attributes": {}, "xs_col": null, "xs_order": null, "xs_offset": null, "xs_ml": false, "xs_mr": false, "sm_col": null, "sm_order": null, "sm_offset": null, "sm_ml": false, "sm_mr": false, "md_col": null, "md_order": null, "md_offset": null, "md_ml": false, "md_mr": false, "lg_col": null, "lg_order": null, "lg_offset": null, "lg_ml": false, "lg_mr": false, "xl_col": null, "xl_order": null, "xl_offset": null, "xl_ml": false, "xl_mr": false}}, {"model": "bootstrap4_grid.bootstrap4gridcolumn", "pk": 780, "fields": {"column_type": "col", "column_alignment": "align-self-center", "tag_type": "div", "attributes": {"class": "text-center"}, "xs_col": 8, "xs_order": null, "xs_offset": null, "xs_ml": false, "xs_mr": false, "sm_col": 7, "sm_order": null, "sm_offset": null, "sm_ml": false, "sm_mr": false, "md_col": 6, "md_order": null, "md_offset": null, "md_ml": false, "md_mr": false, "lg_col": 5, "lg_order": null, "lg_offset": null, "lg_ml": false, "lg_mr": false, "xl_col": null, "xl_order": null, "xl_offset": null, "xl_ml": false, "xl_mr": false}}, {"model": "bootstrap4_grid.bootstrap4gridcolumn", "pk": 1130, "fields": {"column_type": "col", "column_alignment": "align-self-center", "tag_type": "div", "attributes": {"class": "text-center"}, "xs_col": 12, "xs_order": null, "xs_offset": null, "xs_ml": false, "xs_mr": false, "sm_col": null, "sm_order": null, "sm_offset": null, "sm_ml": false, "sm_mr": false, "md_col": null, "md_order": null, "md_offset": null, "md_ml": false, "md_mr": false, "lg_col": null, "lg_order": null, "lg_offset": null, "lg_ml": false, "lg_mr": false, "xl_col": null, "xl_order": null, "xl_offset": null, "xl_ml": false, "xl_mr": false}}, {"model": "bootstrap4_grid.bootstrap4gridcolumn", "pk": 1138, "fields": {"column_type": "col", "column_alignment": "align-self-center", "tag_type": "div", "attributes": {"class": "text-center"}, "xs_col": 12, "xs_order": null, "xs_offset": null, "xs_ml": false, "xs_mr": false, "sm_col": null, "sm_order": null, "sm_offset": null, "sm_ml": false, "sm_mr": false, "md_col": null, "md_order": null, "md_offset": null, "md_ml": false, "md_mr": false, "lg_col": null, "lg_order": null, "lg_offset": null, "lg_ml": false, "lg_mr": false, "xl_col": null, "xl_order": null, "xl_offset": null, "xl_ml": false, "xl_mr": false}}, {"model": "bootstrap4_grid.bootstrap4gridcolumn", "pk": 1186, "fields": {"column_type": "col", "column_alignment": "", "tag_type": "div", "attributes": {}, "xs_col": null, "xs_order": null, "xs_offset": null, "xs_ml": false, "xs_mr": false, "sm_col": null, "sm_order": null, "sm_offset": null, "sm_ml": false, "sm_mr": false, "md_col": null, "md_order": null, "md_offset": null, "md_ml": false, "md_mr": false, "lg_col": null, "lg_order": null, "lg_offset": null, "lg_ml": false, "lg_mr": false, "xl_col": null, "xl_order": null, "xl_offset": null, "xl_ml": false, "xl_mr": false}}, {"model": "bootstrap4_grid.bootstrap4gridcolumn", "pk": 1235, "fields": {"column_type": "col", "column_alignment": "", "tag_type": "div", "attributes": {"class": "mt-3"}, "xs_col": 12, "xs_order": null, "xs_offset": null, "xs_ml": false, "xs_mr": false, "sm_col": null, "sm_order": null, "sm_offset": null, "sm_ml": false, "sm_mr": false, "md_col": 6, "md_order": null, "md_offset": null, "md_ml": false, "md_mr": false, "lg_col": null, "lg_order": null, "lg_offset": null, "lg_ml": false, "lg_mr": false, "xl_col": null, "xl_order": null, "xl_offset": null, "xl_ml": false, "xl_mr": false}}, {"model": "bootstrap4_grid.bootstrap4gridcolumn", "pk": 1240, "fields": {"column_type": "col", "column_alignment": "", "tag_type": "div", "attributes": {}, "xs_col": null, "xs_order": null, "xs_offset": null, "xs_ml": false, "xs_mr": false, "sm_col": null, "sm_order": null, "sm_offset": null, "sm_ml": false, "sm_mr": false, "md_col": null, "md_order": null, "md_offset": null, "md_ml": false, "md_mr": false, "lg_col": null, "lg_order": null, "lg_offset": null, "lg_ml": false, "lg_mr": false, "xl_col": null, "xl_order": null, "xl_offset": null, "xl_ml": false, "xl_mr": false}}, {"model": "bootstrap4_grid.bootstrap4gridcolumn", "pk": 1341, "fields": {"column_type": "col", "column_alignment": "", "tag_type": "div", "attributes": {"class": "p-5"}, "xs_col": 12, "xs_order": null, "xs_offset": null, "xs_ml": false, "xs_mr": false, "sm_col": null, "sm_order": null, "sm_offset": null, "sm_ml": false, "sm_mr": false, "md_col": null, "md_order": null, "md_offset": null, "md_ml": false, "md_mr": false, "lg_col": null, "lg_order": null, "lg_offset": null, "lg_ml": false, "lg_mr": false, "xl_col": null, "xl_order": null, "xl_offset": null, "xl_ml": false, "xl_mr": false}}, {"model": "bootstrap4_grid.bootstrap4gridcolumn", "pk": 1345, "fields": {"column_type": "col", "column_alignment": "", "tag_type": "div", "attributes": {"class": "p-5"}, "xs_col": 12, "xs_order": null, "xs_offset": null, "xs_ml": false, "xs_mr": false, "sm_col": null, "sm_order": null, "sm_offset": null, "sm_ml": false, "sm_mr": false, "md_col": null, "md_order": null, "md_offset": null, "md_ml": false, "md_mr": false, "lg_col": null, "lg_order": null, "lg_offset": null, "lg_ml": false, "lg_mr": false, "xl_col": null, "xl_order": null, "xl_offset": null, "xl_ml": false, "xl_mr": false}}, {"model": "bootstrap4_grid.bootstrap4gridcolumn", "pk": 1349, "fields": {"column_type": "col", "column_alignment": "", "tag_type": "div", "attributes": {"class": "p-5"}, "xs_col": 12, "xs_order": null, "xs_offset": null, "xs_ml": false, "xs_mr": false, "sm_col": null, "sm_order": null, "sm_offset": null, "sm_ml": false, "sm_mr": false, "md_col": null, "md_order": null, "md_offset": null, "md_ml": false, "md_mr": false, "lg_col": null, "lg_order": null, "lg_offset": null, "lg_ml": false, "lg_mr": false, "xl_col": null, "xl_order": null, "xl_offset": null, "xl_ml": false, "xl_mr": false}}, {"model": "bootstrap4_grid.bootstrap4gridcolumn", "pk": 1359, "fields": {"column_type": "col", "column_alignment": "", "tag_type": "div", "attributes": {"class": "p-5"}, "xs_col": 12, "xs_order": null, "xs_offset": null, "xs_ml": false, "xs_mr": false, "sm_col": null, "sm_order": null, "sm_offset": null, "sm_ml": false, "sm_mr": false, "md_col": null, "md_order": null, "md_offset": null, "md_ml": false, "md_mr": false, "lg_col": null, "lg_order": null, "lg_offset": null, "lg_ml": false, "lg_mr": false, "xl_col": null, "xl_order": null, "xl_offset": null, "xl_ml": false, "xl_mr": false}}, {"model": "bootstrap4_grid.bootstrap4gridcolumn", "pk": 1361, "fields": {"column_type": "col", "column_alignment": "", "tag_type": "div", "attributes": {"class": "mt-3"}, "xs_col": 12, "xs_order": null, "xs_offset": null, "xs_ml": false, "xs_mr": false, "sm_col": null, "sm_order": null, "sm_offset": null, "sm_ml": false, "sm_mr": false, "md_col": 6, "md_order": null, "md_offset": null, "md_ml": false, "md_mr": false, "lg_col": null, "lg_order": null, "lg_offset": null, "lg_ml": false, "lg_mr": false, "xl_col": null, "xl_order": null, "xl_offset": null, "xl_ml": false, "xl_mr": false}}, {"model": "bootstrap4_grid.bootstrap4gridcolumn", "pk": 1443, "fields": {"column_type": "col", "column_alignment": "", "tag_type": "div", "attributes": {}, "xs_col": null, "xs_order": null, "xs_offset": null, "xs_ml": false, "xs_mr": false, "sm_col": null, "sm_order": null, "sm_offset": null, "sm_ml": false, "sm_mr": false, "md_col": null, "md_order": null, "md_offset": null, "md_ml": false, "md_mr": false, "lg_col": null, "lg_order": null, "lg_offset": null, "lg_ml": false, "lg_mr": false, "xl_col": null, "xl_order": null, "xl_offset": null, "xl_ml": false, "xl_mr": false}}, {"model": "bootstrap4_grid.bootstrap4gridcolumn", "pk": 1488, "fields": {"column_type": "col", "column_alignment": "align-self-center", "tag_type": "div", "attributes": {}, "xs_col": null, "xs_order": null, "xs_offset": null, "xs_ml": false, "xs_mr": false, "sm_col": null, "sm_order": null, "sm_offset": null, "sm_ml": false, "sm_mr": false, "md_col": null, "md_order": null, "md_offset": null, "md_ml": false, "md_mr": false, "lg_col": null, "lg_order": null, "lg_offset": null, "lg_ml": false, "lg_mr": false, "xl_col": null, "xl_order": null, "xl_offset": null, "xl_ml": false, "xl_mr": false}}, {"model": "bootstrap4_grid.bootstrap4gridcolumn", "pk": 1496, "fields": {"column_type": "col", "column_alignment": "", "tag_type": "div", "attributes": {"class": "p-5"}, "xs_col": 12, "xs_order": null, "xs_offset": null, "xs_ml": false, "xs_mr": false, "sm_col": null, "sm_order": null, "sm_offset": null, "sm_ml": false, "sm_mr": false, "md_col": null, "md_order": null, "md_offset": null, "md_ml": false, "md_mr": false, "lg_col": null, "lg_order": null, "lg_offset": null, "lg_ml": false, "lg_mr": false, "xl_col": null, "xl_order": null, "xl_offset": null, "xl_ml": false, "xl_mr": false}}, {"model": "bootstrap4_grid.bootstrap4gridcolumn", "pk": 1500, "fields": {"column_type": "col", "column_alignment": "", "tag_type": "div", "attributes": {}, "xs_col": null, "xs_order": null, "xs_offset": null, "xs_ml": false, "xs_mr": false, "sm_col": null, "sm_order": null, "sm_offset": null, "sm_ml": false, "sm_mr": false, "md_col": null, "md_order": null, "md_offset": null, "md_ml": false, "md_mr": false, "lg_col": null, "lg_order": null, "lg_offset": null, "lg_ml": false, "lg_mr": false, "xl_col": null, "xl_order": null, "xl_offset": null, "xl_ml": false, "xl_mr": false}}, {"model": "bootstrap4_grid.bootstrap4gridcolumn", "pk": 1810, "fields": {"column_type": "col", "column_alignment": "", "tag_type": "div", "attributes": {}, "xs_col": 12, "xs_order": null, "xs_offset": null, "xs_ml": false, "xs_mr": false, "sm_col": null, "sm_order": null, "sm_offset": null, "sm_ml": false, "sm_mr": false, "md_col": 12, "md_order": null, "md_offset": null, "md_ml": false, "md_mr": false, "lg_col": null, "lg_order": null, "lg_offset": null, "lg_ml": false, "lg_mr": false, "xl_col": null, "xl_order": null, "xl_offset": null, "xl_ml": false, "xl_mr": false}}, {"model": "bootstrap4_grid.bootstrap4gridcolumn", "pk": 1822, "fields": {"column_type": "col", "column_alignment": "align-self-center", "tag_type": "div", "attributes": {"class": "d-none"}, "xs_col": 12, "xs_order": null, "xs_offset": null, "xs_ml": false, "xs_mr": false, "sm_col": null, "sm_order": null, "sm_offset": null, "sm_ml": false, "sm_mr": false, "md_col": 6, "md_order": null, "md_offset": null, "md_ml": false, "md_mr": false, "lg_col": null, "lg_order": null, "lg_offset": null, "lg_ml": false, "lg_mr": false, "xl_col": null, "xl_order": null, "xl_offset": null, "xl_ml": false, "xl_mr": false}}, {"model": "bootstrap4_grid.bootstrap4gridcolumn", "pk": 1826, "fields": {"column_type": "col", "column_alignment": "", "tag_type": "div", "attributes": {"class": "mt-3"}, "xs_col": 12, "xs_order": null, "xs_offset": null, "xs_ml": false, "xs_mr": false, "sm_col": null, "sm_order": null, "sm_offset": null, "sm_ml": false, "sm_mr": false, "md_col": 6, "md_order": null, "md_offset": null, "md_ml": false, "md_mr": false, "lg_col": null, "lg_order": null, "lg_offset": null, "lg_ml": false, "lg_mr": false, "xl_col": null, "xl_order": null, "xl_offset": null, "xl_ml": false, "xl_mr": false}}, {"model": "bootstrap4_grid.bootstrap4gridcolumn", "pk": 1828, "fields": {"column_type": "col", "column_alignment": "", "tag_type": "div", "attributes": {"class": "mt-3"}, "xs_col": 12, "xs_order": null, "xs_offset": null, "xs_ml": false, "xs_mr": false, "sm_col": null, "sm_order": null, "sm_offset": null, "sm_ml": false, "sm_mr": false, "md_col": 6, "md_order": null, "md_offset": null, "md_ml": false, "md_mr": false, "lg_col": null, "lg_order": null, "lg_offset": null, "lg_ml": false, "lg_mr": false, "xl_col": null, "xl_order": null, "xl_offset": null, "xl_ml": false, "xl_mr": false}}, {"model": "bootstrap4_grid.bootstrap4gridcolumn", "pk": 1832, "fields": {"column_type": "col", "column_alignment": "", "tag_type": "div", "attributes": {}, "xs_col": null, "xs_order": null, "xs_offset": null, "xs_ml": false, "xs_mr": false, "sm_col": null, "sm_order": null, "sm_offset": null, "sm_ml": false, "sm_mr": false, "md_col": null, "md_order": null, "md_offset": null, "md_ml": false, "md_mr": false, "lg_col": null, "lg_order": null, "lg_offset": null, "lg_ml": false, "lg_mr": false, "xl_col": null, "xl_order": null, "xl_offset": null, "xl_ml": false, "xl_mr": false}}, {"model": "bootstrap4_grid.bootstrap4gridcolumn", "pk": 1899, "fields": {"column_type": "col", "column_alignment": "", "tag_type": "div", "attributes": {"class": "p-5"}, "xs_col": 12, "xs_order": null, "xs_offset": null, "xs_ml": false, "xs_mr": false, "sm_col": null, "sm_order": null, "sm_offset": null, "sm_ml": false, "sm_mr": false, "md_col": null, "md_order": null, "md_offset": null, "md_ml": false, "md_mr": false, "lg_col": null, "lg_order": null, "lg_offset": null, "lg_ml": false, "lg_mr": false, "xl_col": null, "xl_order": null, "xl_offset": null, "xl_ml": false, "xl_mr": false}}, {"model": "bootstrap4_grid.bootstrap4gridcolumn", "pk": 1948, "fields": {"column_type": "col", "column_alignment": "align-self-center", "tag_type": "div", "attributes": {"style": "line-height: 1.0;", "class": "text-center my-auto pb-2"}, "xs_col": 12, "xs_order": null, "xs_offset": null, "xs_ml": false, "xs_mr": false, "sm_col": 12, "sm_order": null, "sm_offset": null, "sm_ml": false, "sm_mr": false, "md_col": 4, "md_order": null, "md_offset": null, "md_ml": false, "md_mr": false, "lg_col": 5, "lg_order": null, "lg_offset": null, "lg_ml": false, "lg_mr": false, "xl_col": null, "xl_order": null, "xl_offset": null, "xl_ml": false, "xl_mr": false}}, {"model": "bootstrap4_grid.bootstrap4gridcolumn", "pk": 1951, "fields": {"column_type": "col", "column_alignment": "align-self-center", "tag_type": "div", "attributes": {"class": "p-0"}, "xs_col": 12, "xs_order": null, "xs_offset": null, "xs_ml": false, "xs_mr": false, "sm_col": 12, "sm_order": null, "sm_offset": null, "sm_ml": false, "sm_mr": false, "md_col": 8, "md_order": null, "md_offset": null, "md_ml": false, "md_mr": false, "lg_col": 7, "lg_order": null, "lg_offset": null, "lg_ml": false, "lg_mr": false, "xl_col": null, "xl_order": null, "xl_offset": null, "xl_ml": false, "xl_mr": false}}, {"model": "bootstrap4_grid.bootstrap4gridcolumn", "pk": 1954, "fields": {"column_type": "col", "column_alignment": "align-self-center", "tag_type": "div", "attributes": {"class": "col-12 col-md"}, "xs_col": null, "xs_order": null, "xs_offset": null, "xs_ml": false, "xs_mr": false, "sm_col": null, "sm_order": null, "sm_offset": null, "sm_ml": false, "sm_mr": false, "md_col": null, "md_order": null, "md_offset": null, "md_ml": false, "md_mr": false, "lg_col": null, "lg_order": null, "lg_offset": null, "lg_ml": false, "lg_mr": false, "xl_col": null, "xl_order": null, "xl_offset": null, "xl_ml": false, "xl_mr": false}}, {"model": "bootstrap4_grid.bootstrap4gridcolumn", "pk": 1956, "fields": {"column_type": "col", "column_alignment": "align-self-center", "tag_type": "div", "attributes": {"class": "col-12 col-md"}, "xs_col": null, "xs_order": null, "xs_offset": null, "xs_ml": false, "xs_mr": false, "sm_col": null, "sm_order": null, "sm_offset": null, "sm_ml": false, "sm_mr": false, "md_col": null, "md_order": null, "md_offset": null, "md_ml": false, "md_mr": false, "lg_col": null, "lg_order": null, "lg_offset": null, "lg_ml": false, "lg_mr": false, "xl_col": null, "xl_order": null, "xl_offset": null, "xl_ml": false, "xl_mr": false}}, {"model": "bootstrap4_grid.bootstrap4gridcolumn", "pk": 1958, "fields": {"column_type": "col", "column_alignment": "align-self-center", "tag_type": "div", "attributes": {"class": "col-12 col-md"}, "xs_col": null, "xs_order": null, "xs_offset": null, "xs_ml": false, "xs_mr": false, "sm_col": null, "sm_order": null, "sm_offset": null, "sm_ml": false, "sm_mr": false, "md_col": null, "md_order": null, "md_offset": null, "md_ml": false, "md_mr": false, "lg_col": null, "lg_order": null, "lg_offset": null, "lg_ml": false, "lg_mr": false, "xl_col": null, "xl_order": null, "xl_offset": null, "xl_ml": false, "xl_mr": false}}, {"model": "bootstrap4_grid.bootstrap4gridcolumn", "pk": 1960, "fields": {"column_type": "col", "column_alignment": "", "tag_type": "div", "attributes": {}, "xs_col": 12, "xs_order": null, "xs_offset": null, "xs_ml": false, "xs_mr": false, "sm_col": null, "sm_order": null, "sm_offset": null, "sm_ml": false, "sm_mr": false, "md_col": null, "md_order": null, "md_offset": null, "md_ml": false, "md_mr": false, "lg_col": null, "lg_order": null, "lg_offset": null, "lg_ml": false, "lg_mr": false, "xl_col": null, "xl_order": null, "xl_offset": null, "xl_ml": false, "xl_mr": false}}, {"model": "bootstrap4_grid.bootstrap4gridcolumn", "pk": 1963, "fields": {"column_type": "col", "column_alignment": "", "tag_type": "div", "attributes": {}, "xs_col": null, "xs_order": null, "xs_offset": null, "xs_ml": false, "xs_mr": false, "sm_col": null, "sm_order": null, "sm_offset": null, "sm_ml": false, "sm_mr": false, "md_col": null, "md_order": null, "md_offset": null, "md_ml": false, "md_mr": false, "lg_col": null, "lg_order": null, "lg_offset": null, "lg_ml": false, "lg_mr": false, "xl_col": null, "xl_order": null, "xl_offset": null, "xl_ml": false, "xl_mr": false}}, {"model": "bootstrap4_grid.bootstrap4gridcolumn", "pk": 1968, "fields": {"column_type": "col", "column_alignment": "align-self-center", "tag_type": "div", "attributes": {"class": "text-center"}, "xs_col": 8, "xs_order": null, "xs_offset": null, "xs_ml": false, "xs_mr": false, "sm_col": 7, "sm_order": null, "sm_offset": null, "sm_ml": false, "sm_mr": false, "md_col": 6, "md_order": null, "md_offset": null, "md_ml": false, "md_mr": false, "lg_col": 5, "lg_order": null, "lg_offset": null, "lg_ml": false, "lg_mr": false, "xl_col": null, "xl_order": null, "xl_offset": null, "xl_ml": false, "xl_mr": false}}, {"model": "bootstrap4_grid.bootstrap4gridcolumn", "pk": 1972, "fields": {"column_type": "col", "column_alignment": "", "tag_type": "div", "attributes": {"class": "text-right"}, "xs_col": 4, "xs_order": null, "xs_offset": null, "xs_ml": false, "xs_mr": false, "sm_col": null, "sm_order": null, "sm_offset": null, "sm_ml": false, "sm_mr": false, "md_col": null, "md_order": null, "md_offset": null, "md_ml": false, "md_mr": false, "lg_col": null, "lg_order": null, "lg_offset": null, "lg_ml": false, "lg_mr": false, "xl_col": null, "xl_order": null, "xl_offset": null, "xl_ml": false, "xl_mr": false}}, {"model": "bootstrap4_grid.bootstrap4gridcolumn", "pk": 1974, "fields": {"column_type": "col", "column_alignment": "align-self-center", "tag_type": "div", "attributes": {"class": "text-light text-center text-lg-left mx-auto ml-lg-0", "style": "line-height: 1.1;"}, "xs_col": 8, "xs_order": null, "xs_offset": null, "xs_ml": false, "xs_mr": false, "sm_col": null, "sm_order": null, "sm_offset": null, "sm_ml": false, "sm_mr": false, "md_col": null, "md_order": null, "md_offset": null, "md_ml": false, "md_mr": false, "lg_col": null, "lg_order": null, "lg_offset": null, "lg_ml": false, "lg_mr": false, "xl_col": null, "xl_order": null, "xl_offset": null, "xl_ml": false, "xl_mr": false}}, {"model": "bootstrap4_grid.bootstrap4gridcolumn", "pk": 1985, "fields": {"column_type": "col", "column_alignment": "", "tag_type": "div", "attributes": {}, "xs_col": null, "xs_order": null, "xs_offset": null, "xs_ml": false, "xs_mr": false, "sm_col": null, "sm_order": null, "sm_offset": null, "sm_ml": false, "sm_mr": false, "md_col": null, "md_order": null, "md_offset": null, "md_ml": false, "md_mr": false, "lg_col": null, "lg_order": null, "lg_offset": null, "lg_ml": false, "lg_mr": false, "xl_col": null, "xl_order": null, "xl_offset": null, "xl_ml": false, "xl_mr": false}}, {"model": "bootstrap4_grid.bootstrap4gridcolumn", "pk": 1991, "fields": {"column_type": "col", "column_alignment": "align-self-center", "tag_type": "div", "attributes": {"class": "text-center"}, "xs_col": 12, "xs_order": null, "xs_offset": null, "xs_ml": false, "xs_mr": false, "sm_col": null, "sm_order": null, "sm_offset": null, "sm_ml": false, "sm_mr": false, "md_col": null, "md_order": null, "md_offset": null, "md_ml": false, "md_mr": false, "lg_col": null, "lg_order": null, "lg_offset": null, "lg_ml": false, "lg_mr": false, "xl_col": null, "xl_order": null, "xl_offset": null, "xl_ml": false, "xl_mr": false}}, {"model": "bootstrap4_grid.bootstrap4gridcolumn", "pk": 1995, "fields": {"column_type": "col", "column_alignment": "align-self-center", "tag_type": "div", "attributes": {"class": "text-center"}, "xs_col": 12, "xs_order": null, "xs_offset": null, "xs_ml": false, "xs_mr": false, "sm_col": null, "sm_order": null, "sm_offset": null, "sm_ml": false, "sm_mr": false, "md_col": null, "md_order": null, "md_offset": null, "md_ml": false, "md_mr": false, "lg_col": null, "lg_order": null, "lg_offset": null, "lg_ml": false, "lg_mr": false, "xl_col": null, "xl_order": null, "xl_offset": null, "xl_ml": false, "xl_mr": false}}, {"model": "bootstrap4_grid.bootstrap4gridcolumn", "pk": 2009, "fields": {"column_type": "col", "column_alignment": "", "tag_type": "div", "attributes": {}, "xs_col": 12, "xs_order": null, "xs_offset": null, "xs_ml": false, "xs_mr": false, "sm_col": null, "sm_order": null, "sm_offset": null, "sm_ml": false, "sm_mr": false, "md_col": 12, "md_order": null, "md_offset": null, "md_ml": false, "md_mr": false, "lg_col": null, "lg_order": null, "lg_offset": null, "lg_ml": false, "lg_mr": false, "xl_col": null, "xl_order": null, "xl_offset": null, "xl_ml": false, "xl_mr": false}}, {"model": "bootstrap4_grid.bootstrap4gridcolumn", "pk": 2028, "fields": {"column_type": "col", "column_alignment": "align-self-center", "tag_type": "div", "attributes": {"class": "d-none"}, "xs_col": 12, "xs_order": null, "xs_offset": null, "xs_ml": false, "xs_mr": false, "sm_col": null, "sm_order": null, "sm_offset": null, "sm_ml": false, "sm_mr": false, "md_col": 6, "md_order": null, "md_offset": null, "md_ml": false, "md_mr": false, "lg_col": null, "lg_order": null, "lg_offset": null, "lg_ml": false, "lg_mr": false, "xl_col": null, "xl_order": null, "xl_offset": null, "xl_ml": false, "xl_mr": false}}, {"model": "bootstrap4_grid.bootstrap4gridcolumn", "pk": 2046, "fields": {"column_type": "col", "column_alignment": "align-self-center", "tag_type": "div", "attributes": {"style": "line-height: 1.0;", "class": "text-center my-auto pb-2"}, "xs_col": 12, "xs_order": null, "xs_offset": null, "xs_ml": false, "xs_mr": false, "sm_col": 12, "sm_order": null, "sm_offset": null, "sm_ml": false, "sm_mr": false, "md_col": 4, "md_order": null, "md_offset": null, "md_ml": false, "md_mr": false, "lg_col": 5, "lg_order": null, "lg_offset": null, "lg_ml": false, "lg_mr": false, "xl_col": null, "xl_order": null, "xl_offset": null, "xl_ml": false, "xl_mr": false}}, {"model": "bootstrap4_grid.bootstrap4gridcolumn", "pk": 2049, "fields": {"column_type": "col", "column_alignment": "align-self-center", "tag_type": "div", "attributes": {"class": "p-0"}, "xs_col": 12, "xs_order": null, "xs_offset": null, "xs_ml": false, "xs_mr": false, "sm_col": 12, "sm_order": null, "sm_offset": null, "sm_ml": false, "sm_mr": false, "md_col": 8, "md_order": null, "md_offset": null, "md_ml": false, "md_mr": false, "lg_col": 7, "lg_order": null, "lg_offset": null, "lg_ml": false, "lg_mr": false, "xl_col": null, "xl_order": null, "xl_offset": null, "xl_ml": false, "xl_mr": false}}, {"model": "bootstrap4_grid.bootstrap4gridcolumn", "pk": 2057, "fields": {"column_type": "col", "column_alignment": "align-self-center", "tag_type": "div", "attributes": {"class": "col-12 col-md"}, "xs_col": null, "xs_order": null, "xs_offset": null, "xs_ml": false, "xs_mr": false, "sm_col": null, "sm_order": null, "sm_offset": null, "sm_ml": false, "sm_mr": false, "md_col": null, "md_order": null, "md_offset": null, "md_ml": false, "md_mr": false, "lg_col": null, "lg_order": null, "lg_offset": null, "lg_ml": false, "lg_mr": false, "xl_col": null, "xl_order": null, "xl_offset": null, "xl_ml": false, "xl_mr": false}}, {"model": "bootstrap4_grid.bootstrap4gridcolumn", "pk": 2059, "fields": {"column_type": "col", "column_alignment": "align-self-center", "tag_type": "div", "attributes": {"class": "col-12 col-md"}, "xs_col": null, "xs_order": null, "xs_offset": null, "xs_ml": false, "xs_mr": false, "sm_col": null, "sm_order": null, "sm_offset": null, "sm_ml": false, "sm_mr": false, "md_col": null, "md_order": null, "md_offset": null, "md_ml": false, "md_mr": false, "lg_col": null, "lg_order": null, "lg_offset": null, "lg_ml": false, "lg_mr": false, "xl_col": null, "xl_order": null, "xl_offset": null, "xl_ml": false, "xl_mr": false}}, {"model": "bootstrap4_grid.bootstrap4gridcolumn", "pk": 2061, "fields": {"column_type": "col", "column_alignment": "align-self-center", "tag_type": "div", "attributes": {"class": "col-12 col-md"}, "xs_col": null, "xs_order": null, "xs_offset": null, "xs_ml": false, "xs_mr": false, "sm_col": null, "sm_order": null, "sm_offset": null, "sm_ml": false, "sm_mr": false, "md_col": null, "md_order": null, "md_offset": null, "md_ml": false, "md_mr": false, "lg_col": null, "lg_order": null, "lg_offset": null, "lg_ml": false, "lg_mr": false, "xl_col": null, "xl_order": null, "xl_offset": null, "xl_ml": false, "xl_mr": false}}, {"model": "bootstrap4_grid.bootstrap4gridcolumn", "pk": 2063, "fields": {"column_type": "col", "column_alignment": "", "tag_type": "div", "attributes": {}, "xs_col": 12, "xs_order": null, "xs_offset": null, "xs_ml": false, "xs_mr": false, "sm_col": null, "sm_order": null, "sm_offset": null, "sm_ml": false, "sm_mr": false, "md_col": null, "md_order": null, "md_offset": null, "md_ml": false, "md_mr": false, "lg_col": null, "lg_order": null, "lg_offset": null, "lg_ml": false, "lg_mr": false, "xl_col": null, "xl_order": null, "xl_offset": null, "xl_ml": false, "xl_mr": false}}, {"model": "bootstrap4_grid.bootstrap4gridcolumn", "pk": 2066, "fields": {"column_type": "col", "column_alignment": "", "tag_type": "div", "attributes": {}, "xs_col": null, "xs_order": null, "xs_offset": null, "xs_ml": false, "xs_mr": false, "sm_col": null, "sm_order": null, "sm_offset": null, "sm_ml": false, "sm_mr": false, "md_col": null, "md_order": null, "md_offset": null, "md_ml": false, "md_mr": false, "lg_col": null, "lg_order": null, "lg_offset": null, "lg_ml": false, "lg_mr": false, "xl_col": null, "xl_order": null, "xl_offset": null, "xl_ml": false, "xl_mr": false}}, {"model": "bootstrap4_grid.bootstrap4gridcolumn", "pk": 2071, "fields": {"column_type": "col", "column_alignment": "align-self-center", "tag_type": "div", "attributes": {"class": "text-center"}, "xs_col": 8, "xs_order": null, "xs_offset": null, "xs_ml": false, "xs_mr": false, "sm_col": 7, "sm_order": null, "sm_offset": null, "sm_ml": false, "sm_mr": false, "md_col": 6, "md_order": null, "md_offset": null, "md_ml": false, "md_mr": false, "lg_col": 5, "lg_order": null, "lg_offset": null, "lg_ml": false, "lg_mr": false, "xl_col": null, "xl_order": null, "xl_offset": null, "xl_ml": false, "xl_mr": false}}, {"model": "bootstrap4_grid.bootstrap4gridcolumn", "pk": 2075, "fields": {"column_type": "col", "column_alignment": "", "tag_type": "div", "attributes": {"class": "text-right"}, "xs_col": 4, "xs_order": null, "xs_offset": null, "xs_ml": false, "xs_mr": false, "sm_col": null, "sm_order": null, "sm_offset": null, "sm_ml": false, "sm_mr": false, "md_col": null, "md_order": null, "md_offset": null, "md_ml": false, "md_mr": false, "lg_col": null, "lg_order": null, "lg_offset": null, "lg_ml": false, "lg_mr": false, "xl_col": null, "xl_order": null, "xl_offset": null, "xl_ml": false, "xl_mr": false}}, {"model": "bootstrap4_grid.bootstrap4gridcolumn", "pk": 2077, "fields": {"column_type": "col", "column_alignment": "align-self-center", "tag_type": "div", "attributes": {"class": "text-light text-center text-lg-left mx-auto ml-lg-0", "style": "line-height: 1.1;"}, "xs_col": 8, "xs_order": null, "xs_offset": null, "xs_ml": false, "xs_mr": false, "sm_col": null, "sm_order": null, "sm_offset": null, "sm_ml": false, "sm_mr": false, "md_col": null, "md_order": null, "md_offset": null, "md_ml": false, "md_mr": false, "lg_col": null, "lg_order": null, "lg_offset": null, "lg_ml": false, "lg_mr": false, "xl_col": null, "xl_order": null, "xl_offset": null, "xl_ml": false, "xl_mr": false}}, {"model": "bootstrap4_grid.bootstrap4gridcolumn", "pk": 2088, "fields": {"column_type": "col", "column_alignment": "", "tag_type": "div", "attributes": {}, "xs_col": null, "xs_order": null, "xs_offset": null, "xs_ml": false, "xs_mr": false, "sm_col": null, "sm_order": null, "sm_offset": null, "sm_ml": false, "sm_mr": false, "md_col": null, "md_order": null, "md_offset": null, "md_ml": false, "md_mr": false, "lg_col": null, "lg_order": null, "lg_offset": null, "lg_ml": false, "lg_mr": false, "xl_col": null, "xl_order": null, "xl_offset": null, "xl_ml": false, "xl_mr": false}}, {"model": "bootstrap4_grid.bootstrap4gridcolumn", "pk": 2094, "fields": {"column_type": "col", "column_alignment": "align-self-center", "tag_type": "div", "attributes": {}, "xs_col": null, "xs_order": null, "xs_offset": null, "xs_ml": false, "xs_mr": false, "sm_col": null, "sm_order": null, "sm_offset": null, "sm_ml": false, "sm_mr": false, "md_col": null, "md_order": null, "md_offset": null, "md_ml": false, "md_mr": false, "lg_col": null, "lg_order": null, "lg_offset": null, "lg_ml": false, "lg_mr": false, "xl_col": null, "xl_order": null, "xl_offset": null, "xl_ml": false, "xl_mr": false}}, {"model": "bootstrap4_grid.bootstrap4gridcolumn", "pk": 2098, "fields": {"column_type": "col", "column_alignment": "", "tag_type": "div", "attributes": {"class": "p-5"}, "xs_col": 12, "xs_order": null, "xs_offset": null, "xs_ml": false, "xs_mr": false, "sm_col": null, "sm_order": null, "sm_offset": null, "sm_ml": false, "sm_mr": false, "md_col": null, "md_order": null, "md_offset": null, "md_ml": false, "md_mr": false, "lg_col": null, "lg_order": null, "lg_offset": null, "lg_ml": false, "lg_mr": false, "xl_col": null, "xl_order": null, "xl_offset": null, "xl_ml": false, "xl_mr": false}}, {"model": "bootstrap4_grid.bootstrap4gridcolumn", "pk": 2105, "fields": {"column_type": "col", "column_alignment": "", "tag_type": "div", "attributes": {"class": "mt-3"}, "xs_col": 12, "xs_order": null, "xs_offset": null, "xs_ml": false, "xs_mr": false, "sm_col": null, "sm_order": null, "sm_offset": null, "sm_ml": false, "sm_mr": false, "md_col": 6, "md_order": null, "md_offset": null, "md_ml": false, "md_mr": false, "lg_col": null, "lg_order": null, "lg_offset": null, "lg_ml": false, "lg_mr": false, "xl_col": null, "xl_order": null, "xl_offset": null, "xl_ml": false, "xl_mr": false}}, {"model": "bootstrap4_grid.bootstrap4gridcolumn", "pk": 2107, "fields": {"column_type": "col", "column_alignment": "", "tag_type": "div", "attributes": {"class": "mt-3"}, "xs_col": 12, "xs_order": null, "xs_offset": null, "xs_ml": false, "xs_mr": false, "sm_col": null, "sm_order": null, "sm_offset": null, "sm_ml": false, "sm_mr": false, "md_col": 6, "md_order": null, "md_offset": null, "md_ml": false, "md_mr": false, "lg_col": null, "lg_order": null, "lg_offset": null, "lg_ml": false, "lg_mr": false, "xl_col": null, "xl_order": null, "xl_offset": null, "xl_ml": false, "xl_mr": false}}, {"model": "bootstrap4_grid.bootstrap4gridcolumn", "pk": 2111, "fields": {"column_type": "col", "column_alignment": "", "tag_type": "div", "attributes": {}, "xs_col": null, "xs_order": null, "xs_offset": null, "xs_ml": false, "xs_mr": false, "sm_col": null, "sm_order": null, "sm_offset": null, "sm_ml": false, "sm_mr": false, "md_col": null, "md_order": null, "md_offset": null, "md_ml": false, "md_mr": false, "lg_col": null, "lg_order": null, "lg_offset": null, "lg_ml": false, "lg_mr": false, "xl_col": null, "xl_order": null, "xl_offset": null, "xl_ml": false, "xl_mr": false}}, {"model": "bootstrap4_link.bootstrap4link", "pk": 778, "fields": {"template": "default", "name": "", "external_link": "", "internal_link": 8, "file_link": null, "anchor": "", "mailto": "", "phone": "", "target": "", "attributes": {}, "link_type": "link", "link_context": "", "link_size": "", "link_outline": false, "link_block": false, "icon_left": "", "icon_right": ""}}, {"model": "bootstrap4_link.bootstrap4link", "pk": 789, "fields": {"template": "default", "name": "", "external_link": "", "internal_link": 7, "file_link": null, "anchor": "", "mailto": "", "phone": "", "target": "", "attributes": {}, "link_type": "link", "link_context": "", "link_size": "", "link_outline": false, "link_block": false, "icon_left": "", "icon_right": ""}}, {"model": "bootstrap4_link.bootstrap4link", "pk": 1342, "fields": {"template": "default", "name": "Click here to apply to be a Volunteer", "external_link": "", "internal_link": 22, "file_link": null, "anchor": "", "mailto": "", "phone": "", "target": "", "attributes": {}, "link_type": "link", "link_context": "", "link_size": "", "link_outline": false, "link_block": false, "icon_left": "", "icon_right": ""}}, {"model": "bootstrap4_link.bootstrap4link", "pk": 1346, "fields": {"template": "default", "name": "Click here to apply to be a Volunteer", "external_link": "", "internal_link": 22, "file_link": null, "anchor": "", "mailto": "", "phone": "", "target": "", "attributes": {}, "link_type": "link", "link_context": "", "link_size": "", "link_outline": false, "link_block": false, "icon_left": "", "icon_right": ""}}, {"model": "bootstrap4_link.bootstrap4link", "pk": 1350, "fields": {"template": "default", "name": "Click here to apply", "external_link": "", "internal_link": 22, "file_link": null, "anchor": "", "mailto": "", "phone": "", "target": "", "attributes": {}, "link_type": "btn", "link_context": "primary", "link_size": "", "link_outline": false, "link_block": false, "icon_left": "", "icon_right": ""}}, {"model": "bootstrap4_link.bootstrap4link", "pk": 1360, "fields": {"template": "default", "name": "Click here to apply to be a Volunteer", "external_link": "", "internal_link": 22, "file_link": null, "anchor": "", "mailto": "", "phone": "", "target": "", "attributes": {}, "link_type": "link", "link_context": "", "link_size": "", "link_outline": false, "link_block": false, "icon_left": "", "icon_right": ""}}, {"model": "bootstrap4_link.bootstrap4link", "pk": 1497, "fields": {"template": "default", "name": "Click here to apply to be a Volunteer", "external_link": "", "internal_link": 22, "file_link": null, "anchor": "", "mailto": "", "phone": "", "target": "", "attributes": {}, "link_type": "link", "link_context": "", "link_size": "", "link_outline": false, "link_block": false, "icon_left": "", "icon_right": ""}}, {"model": "bootstrap4_link.bootstrap4link", "pk": 1900, "fields": {"template": "default", "name": "Click here to apply", "external_link": "", "internal_link": 22, "file_link": null, "anchor": "", "mailto": "", "phone": "", "target": "", "attributes": {}, "link_type": "btn", "link_context": "primary", "link_size": "", "link_outline": false, "link_block": false, "icon_left": "", "icon_right": ""}}, {"model": "bootstrap4_link.bootstrap4link", "pk": 1966, "fields": {"template": "default", "name": "", "external_link": "", "internal_link": 8, "file_link": null, "anchor": "", "mailto": "", "phone": "", "target": "", "attributes": {}, "link_type": "link", "link_context": "", "link_size": "", "link_outline": false, "link_block": false, "icon_left": "", "icon_right": ""}}, {"model": "bootstrap4_link.bootstrap4link", "pk": 1970, "fields": {"template": "default", "name": "", "external_link": "", "internal_link": 7, "file_link": null, "anchor": "", "mailto": "", "phone": "", "target": "", "attributes": {}, "link_type": "link", "link_context": "", "link_size": "", "link_outline": false, "link_block": false, "icon_left": "", "icon_right": ""}}, {"model": "bootstrap4_link.bootstrap4link", "pk": 2069, "fields": {"template": "default", "name": "", "external_link": "", "internal_link": 8, "file_link": null, "anchor": "", "mailto": "", "phone": "", "target": "", "attributes": {}, "link_type": "link", "link_context": "", "link_size": "", "link_outline": false, "link_block": false, "icon_left": "", "icon_right": ""}}, {"model": "bootstrap4_link.bootstrap4link", "pk": 2073, "fields": {"template": "default", "name": "", "external_link": "", "internal_link": 7, "file_link": null, "anchor": "", "mailto": "", "phone": "", "target": "", "attributes": {}, "link_type": "link", "link_context": "", "link_size": "", "link_outline": false, "link_block": false, "icon_left": "", "icon_right": ""}}, {"model": "bootstrap4_link.bootstrap4link", "pk": 2099, "fields": {"template": "default", "name": "Click here to apply", "external_link": "", "internal_link": 22, "file_link": null, "anchor": "", "mailto": "", "phone": "", "target": "", "attributes": {}, "link_type": "btn", "link_context": "primary", "link_size": "", "link_outline": false, "link_block": false, "icon_left": "", "icon_right": ""}}, {"model": "bootstrap4_listgroup.bootstrap4listgroup", "pk": 56, "fields": {"list_group_flush": false, "tag_type": "div", "attributes": {}}}, {"model": "bootstrap4_listgroup.bootstrap4listgroup", "pk": 1811, "fields": {"list_group_flush": false, "tag_type": "div", "attributes": {}}}, {"model": "bootstrap4_listgroup.bootstrap4listgroup", "pk": 2010, "fields": {"list_group_flush": false, "tag_type": "div", "attributes": {}}}, {"model": "bootstrap4_listgroup.bootstrap4listgroupitem", "pk": 57, "fields": {"list_context": "", "list_state": "", "tag_type": "div", "attributes": {}}}, {"model": "bootstrap4_listgroup.bootstrap4listgroupitem", "pk": 59, "fields": {"list_context": "", "list_state": "", "tag_type": "div", "attributes": {}}}, {"model": "bootstrap4_listgroup.bootstrap4listgroupitem", "pk": 61, "fields": {"list_context": "", "list_state": "", "tag_type": "div", "attributes": {}}}, {"model": "bootstrap4_listgroup.bootstrap4listgroupitem", "pk": 63, "fields": {"list_context": "", "list_state": "", "tag_type": "div", "attributes": {}}}, {"model": "bootstrap4_listgroup.bootstrap4listgroupitem", "pk": 65, "fields": {"list_context": "", "list_state": "", "tag_type": "div", "attributes": {}}}, {"model": "bootstrap4_listgroup.bootstrap4listgroupitem", "pk": 1812, "fields": {"list_context": "", "list_state": "", "tag_type": "div", "attributes": {}}}, {"model": "bootstrap4_listgroup.bootstrap4listgroupitem", "pk": 1814, "fields": {"list_context": "", "list_state": "", "tag_type": "div", "attributes": {}}}, {"model": "bootstrap4_listgroup.bootstrap4listgroupitem", "pk": 1816, "fields": {"list_context": "", "list_state": "", "tag_type": "div", "attributes": {}}}, {"model": "bootstrap4_listgroup.bootstrap4listgroupitem", "pk": 1818, "fields": {"list_context": "", "list_state": "", "tag_type": "div", "attributes": {}}}, {"model": "bootstrap4_listgroup.bootstrap4listgroupitem", "pk": 1820, "fields": {"list_context": "", "list_state": "", "tag_type": "div", "attributes": {}}}, {"model": "bootstrap4_listgroup.bootstrap4listgroupitem", "pk": 2011, "fields": {"list_context": "", "list_state": "", "tag_type": "div", "attributes": {}}}, {"model": "bootstrap4_listgroup.bootstrap4listgroupitem", "pk": 2014, "fields": {"list_context": "", "list_state": "", "tag_type": "div", "attributes": {}}}, {"model": "bootstrap4_listgroup.bootstrap4listgroupitem", "pk": 2019, "fields": {"list_context": "", "list_state": "", "tag_type": "div", "attributes": {}}}, {"model": "bootstrap4_listgroup.bootstrap4listgroupitem", "pk": 2022, "fields": {"list_context": "", "list_state": "", "tag_type": "div", "attributes": {}}}, {"model": "bootstrap4_listgroup.bootstrap4listgroupitem", "pk": 2025, "fields": {"list_context": "", "list_state": "", "tag_type": "div", "attributes": {}}}, {"model": "bootstrap4_picture.bootstrap4picture", "pk": 771, "fields": {"template": "default", "picture": 6, "external_picture": null, "width": null, "height": null, "alignment": "", "caption_text": "", "attributes": {"alt": "Valor", "class": ""}, "link_url": null, "link_page": null, "link_target": "", "link_attributes": {}, "use_automatic_scaling": true, "use_no_cropping": false, "use_crop": false, "use_upscale": false, "use_responsive_image": "inherit", "thumbnail_options": null, "picture_fluid": true, "picture_rounded": false, "picture_thumbnail": false}}, {"model": "bootstrap4_picture.bootstrap4picture", "pk": 781, "fields": {"template": "default", "picture": 7, "external_picture": null, "width": null, "height": null, "alignment": "", "caption_text": "", "attributes": {}, "link_url": null, "link_page": null, "link_target": "", "link_attributes": {}, "use_automatic_scaling": true, "use_no_cropping": false, "use_crop": false, "use_upscale": false, "use_responsive_image": "inherit", "thumbnail_options": null, "picture_fluid": true, "picture_rounded": false, "picture_thumbnail": false}}, {"model": "bootstrap4_picture.bootstrap4picture", "pk": 1119, "fields": {"template": "default", "picture": 13, "external_picture": null, "width": null, "height": null, "alignment": "", "caption_text": "", "attributes": {"alt": "Bridge Hospice", "style": "width: 30%; max-width: 500px;"}, "link_url": null, "link_page": null, "link_target": "", "link_attributes": {}, "use_automatic_scaling": true, "use_no_cropping": false, "use_crop": false, "use_upscale": false, "use_responsive_image": "inherit", "thumbnail_options": null, "picture_fluid": true, "picture_rounded": false, "picture_thumbnail": false}}, {"model": "bootstrap4_picture.bootstrap4picture", "pk": 1131, "fields": {"template": "default", "picture": 10, "external_picture": null, "width": null, "height": null, "alignment": "center", "caption_text": "", "attributes": {"class": "text-center"}, "link_url": null, "link_page": null, "link_target": "", "link_attributes": {}, "use_automatic_scaling": true, "use_no_cropping": false, "use_crop": false, "use_upscale": false, "use_responsive_image": "inherit", "thumbnail_options": null, "picture_fluid": true, "picture_rounded": false, "picture_thumbnail": false}}, {"model": "bootstrap4_picture.bootstrap4picture", "pk": 1139, "fields": {"template": "default", "picture": 10, "external_picture": null, "width": null, "height": null, "alignment": "center", "caption_text": "", "attributes": {"class": "text-center"}, "link_url": null, "link_page": null, "link_target": "", "link_attributes": {}, "use_automatic_scaling": true, "use_no_cropping": false, "use_crop": false, "use_upscale": false, "use_responsive_image": "inherit", "thumbnail_options": null, "picture_fluid": true, "picture_rounded": false, "picture_thumbnail": false}}, {"model": "bootstrap4_picture.bootstrap4picture", "pk": 1969, "fields": {"template": "default", "picture": 7, "external_picture": null, "width": null, "height": null, "alignment": "", "caption_text": "", "attributes": {}, "link_url": null, "link_page": null, "link_target": "", "link_attributes": {}, "use_automatic_scaling": true, "use_no_cropping": false, "use_crop": false, "use_upscale": false, "use_responsive_image": "inherit", "thumbnail_options": null, "picture_fluid": true, "picture_rounded": false, "picture_thumbnail": false}}, {"model": "bootstrap4_picture.bootstrap4picture", "pk": 1973, "fields": {"template": "default", "picture": 6, "external_picture": null, "width": null, "height": null, "alignment": "", "caption_text": "", "attributes": {"alt": "Valor", "class": ""}, "link_url": null, "link_page": null, "link_target": "", "link_attributes": {}, "use_automatic_scaling": true, "use_no_cropping": false, "use_crop": false, "use_upscale": false, "use_responsive_image": "inherit", "thumbnail_options": null, "picture_fluid": true, "picture_rounded": false, "picture_thumbnail": false}}, {"model": "bootstrap4_picture.bootstrap4picture", "pk": 1987, "fields": {"template": "default", "picture": 13, "external_picture": null, "width": null, "height": null, "alignment": "", "caption_text": "", "attributes": {"alt": "Bridge Hospice", "style": "width: 30%; max-width: 500px;"}, "link_url": null, "link_page": null, "link_target": "", "link_attributes": {}, "use_automatic_scaling": true, "use_no_cropping": false, "use_crop": false, "use_upscale": false, "use_responsive_image": "inherit", "thumbnail_options": null, "picture_fluid": true, "picture_rounded": false, "picture_thumbnail": false}}, {"model": "bootstrap4_picture.bootstrap4picture", "pk": 1992, "fields": {"template": "default", "picture": 10, "external_picture": null, "width": null, "height": null, "alignment": "center", "caption_text": "", "attributes": {"class": "text-center"}, "link_url": null, "link_page": null, "link_target": "", "link_attributes": {}, "use_automatic_scaling": true, "use_no_cropping": false, "use_crop": false, "use_upscale": false, "use_responsive_image": "inherit", "thumbnail_options": null, "picture_fluid": true, "picture_rounded": false, "picture_thumbnail": false}}, {"model": "bootstrap4_picture.bootstrap4picture", "pk": 1996, "fields": {"template": "default", "picture": 10, "external_picture": null, "width": null, "height": null, "alignment": "center", "caption_text": "", "attributes": {"class": "text-center"}, "link_url": null, "link_page": null, "link_target": "", "link_attributes": {}, "use_automatic_scaling": true, "use_no_cropping": false, "use_crop": false, "use_upscale": false, "use_responsive_image": "inherit", "thumbnail_options": null, "picture_fluid": true, "picture_rounded": false, "picture_thumbnail": false}}, {"model": "bootstrap4_picture.bootstrap4picture", "pk": 2072, "fields": {"template": "default", "picture": 7, "external_picture": null, "width": null, "height": null, "alignment": "", "caption_text": "", "attributes": {}, "link_url": null, "link_page": null, "link_target": "", "link_attributes": {}, "use_automatic_scaling": true, "use_no_cropping": false, "use_crop": false, "use_upscale": false, "use_responsive_image": "inherit", "thumbnail_options": null, "picture_fluid": true, "picture_rounded": false, "picture_thumbnail": false}}, {"model": "bootstrap4_picture.bootstrap4picture", "pk": 2076, "fields": {"template": "default", "picture": 6, "external_picture": null, "width": null, "height": null, "alignment": "", "caption_text": "", "attributes": {"alt": "Valor", "class": ""}, "link_url": null, "link_page": null, "link_target": "", "link_attributes": {}, "use_automatic_scaling": true, "use_no_cropping": false, "use_crop": false, "use_upscale": false, "use_responsive_image": "inherit", "thumbnail_options": null, "picture_fluid": true, "picture_rounded": false, "picture_thumbnail": false}}, {"model": "bootstrap4_picture.bootstrap4picture", "pk": 2090, "fields": {"template": "default", "picture": 13, "external_picture": null, "width": null, "height": null, "alignment": "", "caption_text": "", "attributes": {"alt": "Bridge Hospice", "style": "width: 30%; max-width: 500px;"}, "link_url": null, "link_page": null, "link_target": "", "link_attributes": {}, "use_automatic_scaling": true, "use_no_cropping": false, "use_crop": false, "use_upscale": false, "use_responsive_image": "inherit", "thumbnail_options": null, "picture_fluid": true, "picture_rounded": false, "picture_thumbnail": false}}, {"model": "djangocms_icon.icon", "pk": 1998, "fields": {"icon": "far fa-address-book", "template": "default", "label": "", "attributes": {}}}, {"model": "djangocms_icon.icon", "pk": 1999, "fields": {"icon": "fas fa-phone", "template": "default", "label": "", "attributes": {}}}, {"model": "djangocms_icon.icon", "pk": 2000, "fields": {"icon": "fas fa-fax", "template": "default", "label": "", "attributes": {}}}, {"model": "djangocms_icon.icon", "pk": 2001, "fields": {"icon": "fas fa-envelope", "template": "default", "label": "", "attributes": {}}}, {"model": "djangocms_icon.icon", "pk": 2002, "fields": {"icon": "far fa-clock", "template": "default", "label": "", "attributes": {}}}, {"model": "djangocms_icon.icon", "pk": 2003, "fields": {"icon": "fas fa-building", "template": "default", "label": "", "attributes": {}}}, {"model": "djangocms_icon.icon", "pk": 2004, "fields": {"icon": "fas fa-laptop-code", "template": "default", "label": "", "attributes": {}}}, {"model": "djangocms_icon.icon", "pk": 2013, "fields": {"icon": "far fa-address-book", "template": "default", "label": "", "attributes": {}}}, {"model": "djangocms_icon.icon", "pk": 2016, "fields": {"icon": "fas fa-phone", "template": "default", "label": "", "attributes": {}}}, {"model": "djangocms_icon.icon", "pk": 2017, "fields": {"icon": "fas fa-fax", "template": "default", "label": "", "attributes": {}}}, {"model": "djangocms_icon.icon", "pk": 2018, "fields": {"icon": "fas fa-envelope", "template": "default", "label": "", "attributes": {}}}, {"model": "djangocms_icon.icon", "pk": 2021, "fields": {"icon": "far fa-clock", "template": "default", "label": "", "attributes": {}}}, {"model": "djangocms_icon.icon", "pk": 2024, "fields": {"icon": "fas fa-building", "template": "default", "label": "", "attributes": {}}}, {"model": "djangocms_icon.icon", "pk": 2027, "fields": {"icon": "fas fa-laptop-code", "template": "default", "label": "", "attributes": {}}}, {"model": "djangocms_icon.icon", "pk": 2030, "fields": {"icon": "fas fa-hands-helping", "template": "default", "label": "", "attributes": {}}}, {"model": "djangocms_icon.icon", "pk": 2031, "fields": {"icon": "fas fa-money-check", "template": "default", "label": "", "attributes": {}}}, {"model": "djangocms_icon.icon", "pk": 2033, "fields": {"icon": "fas fa-bell", "template": "default", "label": "", "attributes": {}}}, {"model": "djangocms_icon.icon", "pk": 2034, "fields": {"icon": "fas fa-comments", "template": "default", "label": "", "attributes": {}}}, {"model": "djangocms_icon.icon", "pk": 2042, "fields": {"icon": "fas fa-", "template": "default", "label": "", "attributes": {"class": "fa-hand-holding-medical"}}}, {"model": "djangocms_icon.icon", "pk": 2043, "fields": {"icon": "fas fa-star-of-life", "template": "default", "label": "", "attributes": {}}}, {"model": "djangocms_icon.icon", "pk": 2051, "fields": {"icon": "fas fa-money-check", "template": "default", "label": "", "attributes": {}}}, {"model": "djangocms_icon.icon", "pk": 2052, "fields": {"icon": "fas fa-bell", "template": "default", "label": "", "attributes": {}}}, {"model": "djangocms_icon.icon", "pk": 2053, "fields": {"icon": "fas fa-comments", "template": "default", "label": "", "attributes": {}}}, {"model": "djangocms_icon.icon", "pk": 2054, "fields": {"icon": "fas fa-", "template": "default", "label": "", "attributes": {"class": "fa-hand-holding-medical"}}}, {"model": "djangocms_icon.icon", "pk": 2055, "fields": {"icon": "fas fa-star-of-life", "template": "default", "label": "", "attributes": {}}}, {"model": "djangocms_icon.icon", "pk": 2101, "fields": {"icon": "fas fa-hands-helping", "template": "default", "label": "", "attributes": {}}}, {"model": "djangocms_snippet.snippet", "pk": 1, "fields": {"name": "Home Page Banner", "html": "{% load static %}\r\n\r\n<div class=\"text-center hero-container\">\r\n        <a href=\"/\" class=\"hover-dim\" title=\"Click here for contact information.\">\r\n            <p class=\"hero-caption text-light mb-1\"><span class=\"bg bg-secondary-opaque rounded px-3 pb-1\">EXTENDING LOVE, COMFORT, AND CARE</span></p>\r\n            <img src=\"{% static 'images/BridgeHospiceLogo.png' %}\" class=\"img-fluid\" alt=\"Bridge Hospice\" style=\"width: 30%; max-width: 500px;\"/>\r\n        </a>\r\n    </div>", "template": "", "slug": "home-page-banner"}}, {"model": "djangocms_snippet.snippet", "pk": 2, "fields": {"name": "Home Page Styles", "html": "<style>\r\n\r\n\r\n    .nav-box {\r\n\tmin-height: 275px;\r\n\tborder:  2px solid var(--light);\r\n\tborder-top: 0;\r\n}\r\n\r\n\r\n        .hover-dim:hover {\r\n            opacity: 0.8;\r\n        }\r\n        .bg-secondary-opaque {\r\n            padding-top: 5px;\r\n            background-color: rgba(0, 40, 86, 0.8);\r\n        }\r\n        .hero-container {\r\n            position: relative;\r\n            width: 100%;\r\n            overflow: visible;\r\n            transform: translate(0, -43%);\r\n            margin-bottom: -12%;\r\n        }\r\n\r\n        .hero-caption {\r\n            font-size: 40px !important;\r\n        }\r\n        @media (max-width: 1200px) {\r\n            .hero-caption {\r\n                font-size: 35px !important;\r\n            }\r\n        }\r\n        @media (max-width: 1000px) {\r\n            .hero-caption {\r\n                font-size: 30px !important;\r\n            }\r\n        }\r\n        @media (max-width: 768px) {\r\n            .hero-caption {\r\n                font-size: 20px !important;\r\n            }\r\n        }\r\n        @media (max-width: 445px) {\r\n            .hero-caption {\r\n                font-size: 15px !important;\r\n            }\r\n        }\r\n        @media (max-width: 335px) {\r\n            .hero-caption {\r\n                font-size: 12px !important;\r\n            }\r\n        }\r\n        @media (max-width: 261px) {\r\n            .hero-caption {\r\n                font-size: 11px !important;\r\n            }\r\n        }\r\n        \r\n    .nav-box {\r\n\tmin-height: 275px;\r\n\tborder:  2px solid var(--light);\r\n\tborder-top: 0;\r\n}\r\n\r\n.text-black {\r\n\tcolor: black;\r\n}\r\n.bg-orange {\r\n\tbackground-color: rgba(230, 108, 23, 1.0);\r\n}\r\n.bg-purple {\r\n\tbackground-color: #a122f1;\r\n}\r\n.bg-cyan {\r\n\tbackground-color: #1a98c9; /* rgba(34, 115, 150, 1.0); */\r\n}\r\n.bg-valorblue {\r\n\tbackground-color: #002857;\r\n}\r\n.bg-yellow {\r\n\tbackground-color: #fefc01;\r\n}\r\n\r\n.valor-text > div:nth-child(1) {\r\n\tfont-size: 100px;\r\n\tfont-weight: 500;\r\n\tpadding-left: 10px;\r\n}\r\n.valor-text > div:nth-child(2) {\r\n\tfont-size: 25px;\r\n\tfont-weight: 300;\r\n\tpadding-left: 10px;\r\n}\r\n.valor-text > div:nth-child(3) {\r\n\tfont-size: 39px;\r\n\tfont-weight: 500;\r\n\tpadding-left: 10px;\r\n}\r\n\r\n@media(max-width: 520px) {\r\n\t.valor-text > div:nth-child(1) {\r\n\t\tfont-size: 70px;\r\n\t\tfont-weight: 500;\r\n\t\tpadding-left: 0;\r\n\t}\r\n\t.valor-text > div:nth-child(2) {\r\n\t\tfont-size: 20px;\r\n\t\tfont-weight: 300;\r\n\t\tpadding-left: 0;\r\n\t}\r\n\t.valor-text > div:nth-child(3) {\r\n\t\tfont-size: 30px;\r\n\t\tfont-weight: 500;\r\n\t\tpadding-left: 0;\r\n\t}\r\n\t#daves-wishes {\r\n\t\tmin-height: 460px;\r\n\t}\r\n}\r\n\r\n.text-shadow {\r\n\ttext-shadow: 1px 0 0 #000, 0 -1px 0 #000, 0 1px 0 #000, -1px 0 0 #000;\r\n}\r\n\r\n.hover-dim:hover {\r\n\topacity: 0.8;\r\n}\r\n\r\n.bg-secondary-opaque {\r\n\tbackground-color: rgba(0, 40, 86, 0.8);\r\n}\r\n</style>", "template": "", "slug": "home-page-styles"}}, {"model": "djangocms_snippet.snippet", "pk": 3, "fields": {"name": "Contact Form", "html": "<!-- Temporary Placeholder -->\r\n\r\n<h3 class=\"mt-3\">Send us a Message</h3>\r\n<form name=\"sentMessage\" id=\"contactForm\" novalidate=\"\">\r\n          <div class=\"control-group form-group\">\r\n            <div class=\"controls\">\r\n              <label>Full Name:</label>\r\n              <input type=\"text\" class=\"form-control\" id=\"name\" required=\"\" data-validation-required-message=\"Please enter your name.\">\r\n              <p class=\"help-block\"></p>\r\n            </div>\r\n          </div>\r\n          <div class=\"control-group form-group\">\r\n            <div class=\"controls\">\r\n              <label>Phone Number:</label>\r\n              <input type=\"tel\" class=\"form-control\" id=\"phone\" required=\"\" data-validation-required-message=\"Please enter your phone number.\">\r\n            <div class=\"help-block\"></div></div>\r\n          </div>\r\n          <div class=\"control-group form-group\">\r\n            <div class=\"controls\">\r\n              <label>Email Address:</label>\r\n              <input type=\"email\" class=\"form-control\" id=\"email\" required=\"\" data-validation-required-message=\"Please enter your email address.\">\r\n            <div class=\"help-block\"></div></div>\r\n          </div>\r\n          <div class=\"control-group form-group\">\r\n            <div class=\"controls\">\r\n              <label>Message:</label>\r\n              <textarea rows=\"10\" cols=\"100\" class=\"form-control\" id=\"message\" required=\"\" data-validation-required-message=\"Please enter your message\" maxlength=\"999\" style=\"resize:none\"></textarea>\r\n            <div class=\"help-block\"></div></div>\r\n          </div>\r\n          <div id=\"success\"></div>\r\n          <!-- For success/fail messages -->\r\n          <div class=\"text-center\">\r\n              <button type=\"submit\" class=\"btn btn-primary\" id=\"sendMessageButton\">Send Message</button>\r\n          </div>\r\n          \r\n        \r\n        </form>", "template": "", "slug": "contact-form"}}, {"model": "djangocms_snippet.snippet", "pk": 4, "fields": {"name": "TempFix", "html": "<style>\r\n    @media screen and (max-width: 430px)\r\n    {\r\n        .five-list {\r\n            list-style: none;\r\n        }\r\n    }\r\n</style>", "template": "", "slug": "tempfix"}}, {"model": "djangocms_snippet.snippet", "pk": 5, "fields": {"name": "TempFix1", "html": "<style>\r\n    @media screen and (max-width: 430px)\r\n    {\r\n        .five-list {\r\n            list-style: none;\r\n            padding-left: 0;\r\n            text-align: center;\r\n        }\r\n    }\r\n</style>", "template": "", "slug": "tempfix1"}}, {"model": "djangocms_snippet.snippet", "pk": 6, "fields": {"name": "Facebook Feed", "html": "<h3>Visit us on Facebook</h3>\r\n<div class=\"fb-page\" data-href=\"https://www.facebook.com/pages/category/Medical---Health/Bridge-Hospice-109396157226181/\" data-tabs=\"timeline, messages, events\" data-width=\"500\" data-height=\"960\" data-small-header=\"true\" data-adapt-container-width=\"true\" data-hide-cover=\"true\" data-show-facepile=\"true\"><blockquote cite=\"https://www.facebook.com/pages/category/Medical---Health/Bridge-Hospice-109396157226181/\" class=\"fb-xfbml-parse-ignore\"><a href=\"https://www.facebook.com/pages/category/Medical---Health/Bridge-Hospice-109396157226181/\">Bridge Hospice</a></blockquote></div>", "template": "", "slug": "facebook-feed"}}, {"model": "djangocms_snippet.snippet", "pk": 7, "fields": {"name": "Facebook GraphApi", "html": "<script>\r\n    FB.api(\r\n  '/me',\r\n  'GET',\r\n  {\"fields\":\"id,name\"},\r\n  function(response) {\r\n      console.log(reponse)\r\n  }\r\n);\r\n    \r\n</script>", "template": "", "slug": "facebook-graphapi"}}, {"model": "djangocms_snippet.snippet", "pk": 8, "fields": {"name": "twitter feed", "html": "<h3>Visit us on Twitter</h3>\r\n<a class=\"twitter-timeline\" href=\"https://twitter.com/BridgeHospice1?ref_src=twsrc%5Etfw\">Tweets by BridgeHospice1</a> <script async src=\"https://platform.twitter.com/widgets.js\" charset=\"utf-8\"></script>", "template": "", "slug": "twitter-feed"}}, {"model": "djangocms_snippet.snippet", "pk": 9, "fields": {"name": "instagram feed", "html": "<h3>Visit us on Instagram</h3>\r\n<blockquote class=\"instagram-media\" data-instgrm-captioned data-instgrm-permalink=\"https://www.instagram.com/p/B76erKPpEUt/?utm_source=ig_embed&amp;utm_campaign=loading\" data-instgrm-version=\"12\" style=\" background:#FFF; border:0; border-radius:3px; box-shadow:0 0 1px 0 rgba(0,0,0,0.5),0 1px 10px 0 rgba(0,0,0,0.15); margin: 1px; max-width:540px; min-width:326px; padding:0; width:99.375%; width:-webkit-calc(100% - 2px); width:calc(100% - 2px);\"><div style=\"padding:16px;\"> <a href=\"https://www.instagram.com/p/B76erKPpEUt/?utm_source=ig_embed&amp;utm_campaign=loading\" style=\" background:#FFFFFF; line-height:0; padding:0 0; text-align:center; text-decoration:none; width:100%;\" target=\"_blank\"> <div style=\" display: flex; flex-direction: row; align-items: center;\"> <div style=\"background-color: #F4F4F4; border-radius: 50%; flex-grow: 0; height: 40px; margin-right: 14px; width: 40px;\"></div> <div style=\"display: flex; flex-direction: column; flex-grow: 1; justify-content: center;\"> <div style=\" background-color: #F4F4F4; border-radius: 4px; flex-grow: 0; height: 14px; margin-bottom: 6px; width: 100px;\"></div> <div style=\" background-color: #F4F4F4; border-radius: 4px; flex-grow: 0; height: 14px; width: 60px;\"></div></div></div><div style=\"padding: 19% 0;\"></div> <div style=\"display:block; height:50px; margin:0 auto 12px; width:50px;\"><svg width=\"50px\" height=\"50px\" viewBox=\"0 0 60 60\" version=\"1.1\" xmlns=\"https://www.w3.org/2000/svg\" xmlns:xlink=\"https://www.w3.org/1999/xlink\"><g stroke=\"none\" stroke-width=\"1\" fill=\"none\" fill-rule=\"evenodd\"><g transform=\"translate(-511.000000, -20.000000)\" fill=\"#000000\"><g><path d=\"M556.869,30.41 C554.814,30.41 553.148,32.076 553.148,34.131 C553.148,36.186 554.814,37.852 556.869,37.852 C558.924,37.852 560.59,36.186 560.59,34.131 C560.59,32.076 558.924,30.41 556.869,30.41 M541,60.657 C535.114,60.657 530.342,55.887 530.342,50 C530.342,44.114 535.114,39.342 541,39.342 C546.887,39.342 551.658,44.114 551.658,50 C551.658,55.887 546.887,60.657 541,60.657 M541,33.886 C532.1,33.886 524.886,41.1 524.886,50 C524.886,58.899 532.1,66.113 541,66.113 C549.9,66.113 557.115,58.899 557.115,50 C557.115,41.1 549.9,33.886 541,33.886 M565.378,62.101 C565.244,65.022 564.756,66.606 564.346,67.663 C563.803,69.06 563.154,70.057 562.106,71.106 C561.058,72.155 560.06,72.803 558.662,73.347 C557.607,73.757 556.021,74.244 553.102,74.378 C549.944,74.521 548.997,74.552 541,74.552 C533.003,74.552 532.056,74.521 528.898,74.378 C525.979,74.244 524.393,73.757 523.338,73.347 C521.94,72.803 520.942,72.155 519.894,71.106 C518.846,70.057 518.197,69.06 517.654,67.663 C517.244,66.606 516.755,65.022 516.623,62.101 C516.479,58.943 516.448,57.996 516.448,50 C516.448,42.003 516.479,41.056 516.623,37.899 C516.755,34.978 517.244,33.391 517.654,32.338 C518.197,30.938 518.846,29.942 519.894,28.894 C520.942,27.846 521.94,27.196 523.338,26.654 C524.393,26.244 525.979,25.756 528.898,25.623 C532.057,25.479 533.004,25.448 541,25.448 C548.997,25.448 549.943,25.479 553.102,25.623 C556.021,25.756 557.607,26.244 558.662,26.654 C560.06,27.196 561.058,27.846 562.106,28.894 C563.154,29.942 563.803,30.938 564.346,32.338 C564.756,33.391 565.244,34.978 565.378,37.899 C565.522,41.056 565.552,42.003 565.552,50 C565.552,57.996 565.522,58.943 565.378,62.101 M570.82,37.631 C570.674,34.438 570.167,32.258 569.425,30.349 C568.659,28.377 567.633,26.702 565.965,25.035 C564.297,23.368 562.623,22.342 560.652,21.575 C558.743,20.834 556.562,20.326 553.369,20.18 C550.169,20.033 549.148,20 541,20 C532.853,20 531.831,20.033 528.631,20.18 C525.438,20.326 523.257,20.834 521.349,21.575 C519.376,22.342 517.703,23.368 516.035,25.035 C514.368,26.702 513.342,28.377 512.574,30.349 C511.834,32.258 511.326,34.438 511.181,37.631 C511.035,40.831 511,41.851 511,50 C511,58.147 511.035,59.17 511.181,62.369 C511.326,65.562 511.834,67.743 512.574,69.651 C513.342,71.625 514.368,73.296 516.035,74.965 C517.703,76.634 519.376,77.658 521.349,78.425 C523.257,79.167 525.438,79.673 528.631,79.82 C531.831,79.965 532.853,80.001 541,80.001 C549.148,80.001 550.169,79.965 553.369,79.82 C556.562,79.673 558.743,79.167 560.652,78.425 C562.623,77.658 564.297,76.634 565.965,74.965 C567.633,73.296 568.659,71.625 569.425,69.651 C570.167,67.743 570.674,65.562 570.82,62.369 C570.966,59.17 571,58.147 571,50 C571,41.851 570.966,40.831 570.82,37.631\"></path></g></g></g></svg></div><div style=\"padding-top: 8px;\"> <div style=\" color:#3897f0; font-family:Arial,sans-serif; font-size:14px; font-style:normal; font-weight:550; line-height:18px;\"> View this post on Instagram</div></div><div style=\"padding: 12.5% 0;\"></div> <div style=\"display: flex; flex-direction: row; margin-bottom: 14px; align-items: center;\"><div> <div style=\"background-color: #F4F4F4; border-radius: 50%; height: 12.5px; width: 12.5px; transform: translateX(0px) translateY(7px);\"></div> <div style=\"background-color: #F4F4F4; height: 12.5px; transform: rotate(-45deg) translateX(3px) translateY(1px); width: 12.5px; flex-grow: 0; margin-right: 14px; margin-left: 2px;\"></div> <div style=\"background-color: #F4F4F4; border-radius: 50%; height: 12.5px; width: 12.5px; transform: translateX(9px) translateY(-18px);\"></div></div><div style=\"margin-left: 8px;\"> <div style=\" background-color: #F4F4F4; border-radius: 50%; flex-grow: 0; height: 20px; width: 20px;\"></div> <div style=\" width: 0; height: 0; border-top: 2px solid transparent; border-left: 6px solid #f4f4f4; border-bottom: 2px solid transparent; transform: translateX(16px) translateY(-4px) rotate(30deg)\"></div></div><div style=\"margin-left: auto;\"> <div style=\" width: 0px; border-top: 8px solid #F4F4F4; border-right: 8px solid transparent; transform: translateY(16px);\"></div> <div style=\" background-color: #F4F4F4; flex-grow: 0; height: 12px; width: 16px; transform: translateY(-4px);\"></div> <div style=\" width: 0; height: 0; border-top: 8px solid #F4F4F4; border-left: 8px solid transparent; transform: translateY(-4px) translateX(8px);\"></div></div></div></a> <p style=\" margin:8px 0 0 0; padding:0 4px;\"> <a href=\"https://www.instagram.com/p/B76erKPpEUt/?utm_source=ig_embed&amp;utm_campaign=loading\" style=\" color:#000; font-family:Arial,sans-serif; font-size:14px; font-style:normal; font-weight:normal; line-height:17px; text-decoration:none; word-wrap:break-word;\" target=\"_blank\">In 2019 the Founder and Administrator of BRIDGE Hospice, Tammie Ware, discovered herself wanting more out of the hospice experience for the patient and family. She put together a team of individuals who specialized in different areas, but all carried the same desire to make the hospice experience about the patient and family. To BRIDGE Hospice, you are family. Swipe to meet our founder, Tammi Ware!</a></p> <p style=\" color:#c9c8cd; font-family:Arial,sans-serif; font-size:14px; line-height:17px; margin-bottom:0; margin-top:8px; overflow:hidden; padding:8px 0 7px; text-align:center; text-overflow:ellipsis; white-space:nowrap;\">A post shared by <a href=\"https://www.instagram.com/bridgehospice/?utm_source=ig_embed&amp;utm_campaign=loading\" style=\" color:#c9c8cd; font-family:Arial,sans-serif; font-size:14px; font-style:normal; font-weight:normal; line-height:17px;\" target=\"_blank\"> Bridge Hospice</a> (@bridgehospice) on <time style=\" font-family:Arial,sans-serif; font-size:14px; line-height:17px;\" datetime=\"2020-01-29T18:32:29+00:00\">Jan 29, 2020 at 10:32am PST</time></p></div></blockquote> <script async src=\"//www.instagram.com/embed.js\"></script>", "template": "", "slug": "instagram-feed"}}, {"model": "djangocms_snippet.snippet", "pk": 10, "fields": {"name": "Carousel Script", "html": "<script>\r\nvar items = document.getElementsByClassName('carousel-item');\r\nvar n = getRandomInt(0, items.length)\r\nitems[0].classList.remove('active');\r\nitems[n].classList.add('active');\r\nfunction getRandomInt(min, max) {\r\n  min = Math.ceil(min);\r\n  max = Math.floor(max);\r\n  return Math.floor(Math.random() * (max - min)) + min; //The maximum is exclusive and the minimum is inclusive\r\n}\r\n</script>", "template": "", "slug": "carousel-script"}}, {"model": "djangocms_snippet.snippet", "pk": 11, "fields": {"name": "Hand Medical Normal", "html": "<i class=\"fas hand-holding-medical\"></i>", "template": "", "slug": "hand-medical-normal"}}, {"model": "djangocms_snippet.snippetptr", "pk": 409, "fields": {"snippet": 3}}, {"model": "djangocms_snippet.snippetptr", "pk": 1037, "fields": {"snippet": 5}}, {"model": "djangocms_snippet.snippetptr", "pk": 1236, "fields": {"snippet": 6}}, {"model": "djangocms_snippet.snippetptr", "pk": 1245, "fields": {"snippet": 8}}, {"model": "djangocms_snippet.snippetptr", "pk": 1246, "fields": {"snippet": 9}}, {"model": "djangocms_snippet.snippetptr", "pk": 1823, "fields": {"snippet": 3}}, {"model": "djangocms_snippet.snippetptr", "pk": 1827, "fields": {"snippet": 6}}, {"model": "djangocms_snippet.snippetptr", "pk": 1829, "fields": {"snippet": 9}}, {"model": "djangocms_snippet.snippetptr", "pk": 1833, "fields": {"snippet": 8}}, {"model": "djangocms_snippet.snippetptr", "pk": 1851, "fields": {"snippet": 10}}, {"model": "djangocms_snippet.snippetptr", "pk": 1950, "fields": {"snippet": 5}}, {"model": "djangocms_snippet.snippetptr", "pk": 1988, "fields": {"snippet": 10}}, {"model": "djangocms_snippet.snippetptr", "pk": 2029, "fields": {"snippet": 3}}, {"model": "djangocms_snippet.snippetptr", "pk": 2048, "fields": {"snippet": 5}}, {"model": "djangocms_snippet.snippetptr", "pk": 2091, "fields": {"snippet": 10}}, {"model": "djangocms_snippet.snippetptr", "pk": 2106, "fields": {"snippet": 6}}, {"model": "djangocms_snippet.snippetptr", "pk": 2108, "fields": {"snippet": 9}}, {"model": "djangocms_snippet.snippetptr", "pk": 2112, "fields": {"snippet": 8}}, {"model": "djangocms_googlemap.googlemap", "pk": 244, "fields": {"template": "default", "title": "Location", "width": "100%", "height": "400px", "style": "", "lat": 33.5189, "lng": -101.889671, "zoom": 13, "map_type_control": "ROADMAP", "zoom_control": true, "street_view_control": true, "rotate_control": true, "scale_control": true, "fullscreen_control": true, "pan_control": true, "double_click_zoom": true, "draggable": true, "keyboard_shortcuts": true, "scrollwheel": true}}, {"model": "djangocms_googlemap.googlemap", "pk": 1807, "fields": {"template": "default", "title": "Location", "width": "100%", "height": "400px", "style": "", "lat": 33.5189, "lng": -101.889671, "zoom": 13, "map_type_control": "ROADMAP", "zoom_control": true, "street_view_control": true, "rotate_control": true, "scale_control": true, "fullscreen_control": true, "pan_control": true, "double_click_zoom": true, "draggable": true, "keyboard_shortcuts": true, "scrollwheel": true}}, {"model": "djangocms_googlemap.googlemap", "pk": 2006, "fields": {"template": "default", "title": "Location", "width": "100%", "height": "400px", "style": "", "lat": 33.5189, "lng": -101.889671, "zoom": 13, "map_type_control": "ROADMAP", "zoom_control": true, "street_view_control": true, "rotate_control": true, "scale_control": true, "fullscreen_control": true, "pan_control": true, "double_click_zoom": true, "draggable": true, "keyboard_shortcuts": true, "scrollwheel": true}}, {"model": "auth.permission", "pk": 1, "fields": {"name": "Can use Structure mode", "content_type": 1, "codename": "use_structure"}}, {"model": "auth.permission", "pk": 2, "fields": {"name": "Can change page", "content_type": 2, "codename": "change_page"}}, {"model": "auth.permission", "pk": 3, "fields": {"name": "Can add permission", "content_type": 3, "codename": "add_permission"}}, {"model": "auth.permission", "pk": 4, "fields": {"name": "Can change permission", "content_type": 3, "codename": "change_permission"}}, {"model": "auth.permission", "pk": 5, "fields": {"name": "Can delete permission", "content_type": 3, "codename": "delete_permission"}}, {"model": "auth.permission", "pk": 6, "fields": {"name": "Can view permission", "content_type": 3, "codename": "view_permission"}}, {"model": "auth.permission", "pk": 7, "fields": {"name": "Can add group", "content_type": 4, "codename": "add_group"}}, {"model": "auth.permission", "pk": 8, "fields": {"name": "Can change group", "content_type": 4, "codename": "change_group"}}, {"model": "auth.permission", "pk": 9, "fields": {"name": "Can delete group", "content_type": 4, "codename": "delete_group"}}, {"model": "auth.permission", "pk": 10, "fields": {"name": "Can view group", "content_type": 4, "codename": "view_group"}}, {"model": "auth.permission", "pk": 11, "fields": {"name": "Can add user", "content_type": 5, "codename": "add_user"}}, {"model": "auth.permission", "pk": 12, "fields": {"name": "Can change user", "content_type": 5, "codename": "change_user"}}, {"model": "auth.permission", "pk": 13, "fields": {"name": "Can delete user", "content_type": 5, "codename": "delete_user"}}, {"model": "auth.permission", "pk": 14, "fields": {"name": "Can view user", "content_type": 5, "codename": "view_user"}}, {"model": "auth.permission", "pk": 15, "fields": {"name": "Can add content type", "content_type": 6, "codename": "add_contenttype"}}, {"model": "auth.permission", "pk": 16, "fields": {"name": "Can change content type", "content_type": 6, "codename": "change_contenttype"}}, {"model": "auth.permission", "pk": 17, "fields": {"name": "Can delete content type", "content_type": 6, "codename": "delete_contenttype"}}, {"model": "auth.permission", "pk": 18, "fields": {"name": "Can view content type", "content_type": 6, "codename": "view_contenttype"}}, {"model": "auth.permission", "pk": 19, "fields": {"name": "Can add session", "content_type": 7, "codename": "add_session"}}, {"model": "auth.permission", "pk": 20, "fields": {"name": "Can change session", "content_type": 7, "codename": "change_session"}}, {"model": "auth.permission", "pk": 21, "fields": {"name": "Can delete session", "content_type": 7, "codename": "delete_session"}}, {"model": "auth.permission", "pk": 22, "fields": {"name": "Can view session", "content_type": 7, "codename": "view_session"}}, {"model": "auth.permission", "pk": 23, "fields": {"name": "Can add log entry", "content_type": 8, "codename": "add_logentry"}}, {"model": "auth.permission", "pk": 24, "fields": {"name": "Can change log entry", "content_type": 8, "codename": "change_logentry"}}, {"model": "auth.permission", "pk": 25, "fields": {"name": "Can delete log entry", "content_type": 8, "codename": "delete_logentry"}}, {"model": "auth.permission", "pk": 26, "fields": {"name": "Can view log entry", "content_type": 8, "codename": "view_logentry"}}, {"model": "auth.permission", "pk": 27, "fields": {"name": "Can add site", "content_type": 9, "codename": "add_site"}}, {"model": "auth.permission", "pk": 28, "fields": {"name": "Can change site", "content_type": 9, "codename": "change_site"}}, {"model": "auth.permission", "pk": 29, "fields": {"name": "Can delete site", "content_type": 9, "codename": "delete_site"}}, {"model": "auth.permission", "pk": 30, "fields": {"name": "Can view site", "content_type": 9, "codename": "view_site"}}, {"model": "auth.permission", "pk": 31, "fields": {"name": "Can add cms plugin", "content_type": 10, "codename": "add_cmsplugin"}}, {"model": "auth.permission", "pk": 32, "fields": {"name": "Can change cms plugin", "content_type": 10, "codename": "change_cmsplugin"}}, {"model": "auth.permission", "pk": 33, "fields": {"name": "Can delete cms plugin", "content_type": 10, "codename": "delete_cmsplugin"}}, {"model": "auth.permission", "pk": 34, "fields": {"name": "Can view cms plugin", "content_type": 10, "codename": "view_cmsplugin"}}, {"model": "auth.permission", "pk": 35, "fields": {"name": "Can add alias plugin model", "content_type": 11, "codename": "add_aliaspluginmodel"}}, {"model": "auth.permission", "pk": 36, "fields": {"name": "Can change alias plugin model", "content_type": 11, "codename": "change_aliaspluginmodel"}}, {"model": "auth.permission", "pk": 37, "fields": {"name": "Can delete alias plugin model", "content_type": 11, "codename": "delete_aliaspluginmodel"}}, {"model": "auth.permission", "pk": 38, "fields": {"name": "Can view alias plugin model", "content_type": 11, "codename": "view_aliaspluginmodel"}}, {"model": "auth.permission", "pk": 39, "fields": {"name": "Can add Page global permission", "content_type": 12, "codename": "add_globalpagepermission"}}, {"model": "auth.permission", "pk": 40, "fields": {"name": "Can change Page global permission", "content_type": 12, "codename": "change_globalpagepermission"}}, {"model": "auth.permission", "pk": 41, "fields": {"name": "Can delete Page global permission", "content_type": 12, "codename": "delete_globalpagepermission"}}, {"model": "auth.permission", "pk": 42, "fields": {"name": "Can view Page global permission", "content_type": 12, "codename": "view_globalpagepermission"}}, {"model": "auth.permission", "pk": 43, "fields": {"name": "Can add page", "content_type": 2, "codename": "add_page"}}, {"model": "auth.permission", "pk": 44, "fields": {"name": "Can delete page", "content_type": 2, "codename": "delete_page"}}, {"model": "auth.permission", "pk": 45, "fields": {"name": "Can view page", "content_type": 2, "codename": "view_page"}}, {"model": "auth.permission", "pk": 46, "fields": {"name": "Can publish page", "content_type": 2, "codename": "publish_page"}}, {"model": "auth.permission", "pk": 47, "fields": {"name": "Can edit static placeholders", "content_type": 2, "codename": "edit_static_placeholder"}}, {"model": "auth.permission", "pk": 48, "fields": {"name": "Can add Page permission", "content_type": 13, "codename": "add_pagepermission"}}, {"model": "auth.permission", "pk": 49, "fields": {"name": "Can change Page permission", "content_type": 13, "codename": "change_pagepermission"}}, {"model": "auth.permission", "pk": 50, "fields": {"name": "Can delete Page permission", "content_type": 13, "codename": "delete_pagepermission"}}, {"model": "auth.permission", "pk": 51, "fields": {"name": "Can view Page permission", "content_type": 13, "codename": "view_pagepermission"}}, {"model": "auth.permission", "pk": 52, "fields": {"name": "Can add User (page)", "content_type": 14, "codename": "add_pageuser"}}, {"model": "auth.permission", "pk": 53, "fields": {"name": "Can change User (page)", "content_type": 14, "codename": "change_pageuser"}}, {"model": "auth.permission", "pk": 54, "fields": {"name": "Can delete User (page)", "content_type": 14, "codename": "delete_pageuser"}}, {"model": "auth.permission", "pk": 55, "fields": {"name": "Can view User (page)", "content_type": 14, "codename": "view_pageuser"}}, {"model": "auth.permission", "pk": 56, "fields": {"name": "Can add User group (page)", "content_type": 15, "codename": "add_pageusergroup"}}, {"model": "auth.permission", "pk": 57, "fields": {"name": "Can change User group (page)", "content_type": 15, "codename": "change_pageusergroup"}}, {"model": "auth.permission", "pk": 58, "fields": {"name": "Can delete User group (page)", "content_type": 15, "codename": "delete_pageusergroup"}}, {"model": "auth.permission", "pk": 59, "fields": {"name": "Can view User group (page)", "content_type": 15, "codename": "view_pageusergroup"}}, {"model": "auth.permission", "pk": 60, "fields": {"name": "Can add placeholder", "content_type": 1, "codename": "add_placeholder"}}, {"model": "auth.permission", "pk": 61, "fields": {"name": "Can change placeholder", "content_type": 1, "codename": "change_placeholder"}}, {"model": "auth.permission", "pk": 62, "fields": {"name": "Can delete placeholder", "content_type": 1, "codename": "delete_placeholder"}}, {"model": "auth.permission", "pk": 63, "fields": {"name": "Can view placeholder", "content_type": 1, "codename": "view_placeholder"}}, {"model": "auth.permission", "pk": 64, "fields": {"name": "Can add placeholder reference", "content_type": 16, "codename": "add_placeholderreference"}}, {"model": "auth.permission", "pk": 65, "fields": {"name": "Can change placeholder reference", "content_type": 16, "codename": "change_placeholderreference"}}, {"model": "auth.permission", "pk": 66, "fields": {"name": "Can delete placeholder reference", "content_type": 16, "codename": "delete_placeholderreference"}}, {"model": "auth.permission", "pk": 67, "fields": {"name": "Can view placeholder reference", "content_type": 16, "codename": "view_placeholderreference"}}, {"model": "auth.permission", "pk": 68, "fields": {"name": "Can add static placeholder", "content_type": 17, "codename": "add_staticplaceholder"}}, {"model": "auth.permission", "pk": 69, "fields": {"name": "Can change static placeholder", "content_type": 17, "codename": "change_staticplaceholder"}}, {"model": "auth.permission", "pk": 70, "fields": {"name": "Can delete static placeholder", "content_type": 17, "codename": "delete_staticplaceholder"}}, {"model": "auth.permission", "pk": 71, "fields": {"name": "Can view static placeholder", "content_type": 17, "codename": "view_staticplaceholder"}}, {"model": "auth.permission", "pk": 72, "fields": {"name": "Can add title", "content_type": 18, "codename": "add_title"}}, {"model": "auth.permission", "pk": 73, "fields": {"name": "Can change title", "content_type": 18, "codename": "change_title"}}, {"model": "auth.permission", "pk": 74, "fields": {"name": "Can delete title", "content_type": 18, "codename": "delete_title"}}, {"model": "auth.permission", "pk": 75, "fields": {"name": "Can view title", "content_type": 18, "codename": "view_title"}}, {"model": "auth.permission", "pk": 76, "fields": {"name": "Can add user setting", "content_type": 19, "codename": "add_usersettings"}}, {"model": "auth.permission", "pk": 77, "fields": {"name": "Can change user setting", "content_type": 19, "codename": "change_usersettings"}}, {"model": "auth.permission", "pk": 78, "fields": {"name": "Can delete user setting", "content_type": 19, "codename": "delete_usersettings"}}, {"model": "auth.permission", "pk": 79, "fields": {"name": "Can view user setting", "content_type": 19, "codename": "view_usersettings"}}, {"model": "auth.permission", "pk": 80, "fields": {"name": "Can add urlconf revision", "content_type": 20, "codename": "add_urlconfrevision"}}, {"model": "auth.permission", "pk": 81, "fields": {"name": "Can change urlconf revision", "content_type": 20, "codename": "change_urlconfrevision"}}, {"model": "auth.permission", "pk": 82, "fields": {"name": "Can delete urlconf revision", "content_type": 20, "codename": "delete_urlconfrevision"}}, {"model": "auth.permission", "pk": 83, "fields": {"name": "Can view urlconf revision", "content_type": 20, "codename": "view_urlconfrevision"}}, {"model": "auth.permission", "pk": 84, "fields": {"name": "Can add cache key", "content_type": 23, "codename": "add_cachekey"}}, {"model": "auth.permission", "pk": 85, "fields": {"name": "Can change cache key", "content_type": 23, "codename": "change_cachekey"}}, {"model": "auth.permission", "pk": 86, "fields": {"name": "Can delete cache key", "content_type": 23, "codename": "delete_cachekey"}}, {"model": "auth.permission", "pk": 87, "fields": {"name": "Can view cache key", "content_type": 23, "codename": "view_cachekey"}}, {"model": "auth.permission", "pk": 88, "fields": {"name": "Can add text", "content_type": 24, "codename": "add_text"}}, {"model": "auth.permission", "pk": 89, "fields": {"name": "Can change text", "content_type": 24, "codename": "change_text"}}, {"model": "auth.permission", "pk": 90, "fields": {"name": "Can delete text", "content_type": 24, "codename": "delete_text"}}, {"model": "auth.permission", "pk": 91, "fields": {"name": "Can view text", "content_type": 24, "codename": "view_text"}}, {"model": "auth.permission", "pk": 92, "fields": {"name": "Can add clipboard", "content_type": 25, "codename": "add_clipboard"}}, {"model": "auth.permission", "pk": 93, "fields": {"name": "Can change clipboard", "content_type": 25, "codename": "change_clipboard"}}, {"model": "auth.permission", "pk": 94, "fields": {"name": "Can delete clipboard", "content_type": 25, "codename": "delete_clipboard"}}, {"model": "auth.permission", "pk": 95, "fields": {"name": "Can view clipboard", "content_type": 25, "codename": "view_clipboard"}}, {"model": "auth.permission", "pk": 96, "fields": {"name": "Can add clipboard item", "content_type": 26, "codename": "add_clipboarditem"}}, {"model": "auth.permission", "pk": 97, "fields": {"name": "Can change clipboard item", "content_type": 26, "codename": "change_clipboarditem"}}, {"model": "auth.permission", "pk": 98, "fields": {"name": "Can delete clipboard item", "content_type": 26, "codename": "delete_clipboarditem"}}, {"model": "auth.permission", "pk": 99, "fields": {"name": "Can view clipboard item", "content_type": 26, "codename": "view_clipboarditem"}}, {"model": "auth.permission", "pk": 100, "fields": {"name": "Can add file", "content_type": 27, "codename": "add_file"}}, {"model": "auth.permission", "pk": 101, "fields": {"name": "Can change file", "content_type": 27, "codename": "change_file"}}, {"model": "auth.permission", "pk": 102, "fields": {"name": "Can delete file", "content_type": 27, "codename": "delete_file"}}, {"model": "auth.permission", "pk": 103, "fields": {"name": "Can view file", "content_type": 27, "codename": "view_file"}}, {"model": "auth.permission", "pk": 104, "fields": {"name": "Can add Folder", "content_type": 28, "codename": "add_folder"}}, {"model": "auth.permission", "pk": 105, "fields": {"name": "Can change Folder", "content_type": 28, "codename": "change_folder"}}, {"model": "auth.permission", "pk": 106, "fields": {"name": "Can delete Folder", "content_type": 28, "codename": "delete_folder"}}, {"model": "auth.permission", "pk": 107, "fields": {"name": "Can view Folder", "content_type": 28, "codename": "view_folder"}}, {"model": "auth.permission", "pk": 108, "fields": {"name": "Can use directory listing", "content_type": 28, "codename": "can_use_directory_listing"}}, {"model": "auth.permission", "pk": 109, "fields": {"name": "Can add folder permission", "content_type": 29, "codename": "add_folderpermission"}}, {"model": "auth.permission", "pk": 110, "fields": {"name": "Can change folder permission", "content_type": 29, "codename": "change_folderpermission"}}, {"model": "auth.permission", "pk": 111, "fields": {"name": "Can delete folder permission", "content_type": 29, "codename": "delete_folderpermission"}}, {"model": "auth.permission", "pk": 112, "fields": {"name": "Can view folder permission", "content_type": 29, "codename": "view_folderpermission"}}, {"model": "auth.permission", "pk": 113, "fields": {"name": "Can add image", "content_type": 30, "codename": "add_image"}}, {"model": "auth.permission", "pk": 114, "fields": {"name": "Can change image", "content_type": 30, "codename": "change_image"}}, {"model": "auth.permission", "pk": 115, "fields": {"name": "Can delete image", "content_type": 30, "codename": "delete_image"}}, {"model": "auth.permission", "pk": 116, "fields": {"name": "Can view image", "content_type": 30, "codename": "view_image"}}, {"model": "auth.permission", "pk": 117, "fields": {"name": "Can add thumbnail option", "content_type": 31, "codename": "add_thumbnailoption"}}, {"model": "auth.permission", "pk": 118, "fields": {"name": "Can change thumbnail option", "content_type": 31, "codename": "change_thumbnailoption"}}, {"model": "auth.permission", "pk": 119, "fields": {"name": "Can delete thumbnail option", "content_type": 31, "codename": "delete_thumbnailoption"}}, {"model": "auth.permission", "pk": 120, "fields": {"name": "Can view thumbnail option", "content_type": 31, "codename": "view_thumbnailoption"}}, {"model": "auth.permission", "pk": 121, "fields": {"name": "Can add source", "content_type": 32, "codename": "add_source"}}, {"model": "auth.permission", "pk": 122, "fields": {"name": "Can change source", "content_type": 32, "codename": "change_source"}}, {"model": "auth.permission", "pk": 123, "fields": {"name": "Can delete source", "content_type": 32, "codename": "delete_source"}}, {"model": "auth.permission", "pk": 124, "fields": {"name": "Can view source", "content_type": 32, "codename": "view_source"}}, {"model": "auth.permission", "pk": 125, "fields": {"name": "Can add thumbnail", "content_type": 33, "codename": "add_thumbnail"}}, {"model": "auth.permission", "pk": 126, "fields": {"name": "Can change thumbnail", "content_type": 33, "codename": "change_thumbnail"}}, {"model": "auth.permission", "pk": 127, "fields": {"name": "Can delete thumbnail", "content_type": 33, "codename": "delete_thumbnail"}}, {"model": "auth.permission", "pk": 128, "fields": {"name": "Can view thumbnail", "content_type": 33, "codename": "view_thumbnail"}}, {"model": "auth.permission", "pk": 129, "fields": {"name": "Can add thumbnail dimensions", "content_type": 34, "codename": "add_thumbnaildimensions"}}, {"model": "auth.permission", "pk": 130, "fields": {"name": "Can change thumbnail dimensions", "content_type": 34, "codename": "change_thumbnaildimensions"}}, {"model": "auth.permission", "pk": 131, "fields": {"name": "Can delete thumbnail dimensions", "content_type": 34, "codename": "delete_thumbnaildimensions"}}, {"model": "auth.permission", "pk": 132, "fields": {"name": "Can view thumbnail dimensions", "content_type": 34, "codename": "view_thumbnaildimensions"}}, {"model": "auth.permission", "pk": 133, "fields": {"name": "Can add bootstrap4 alerts", "content_type": 35, "codename": "add_bootstrap4alerts"}}, {"model": "auth.permission", "pk": 134, "fields": {"name": "Can change bootstrap4 alerts", "content_type": 35, "codename": "change_bootstrap4alerts"}}, {"model": "auth.permission", "pk": 135, "fields": {"name": "Can delete bootstrap4 alerts", "content_type": 35, "codename": "delete_bootstrap4alerts"}}, {"model": "auth.permission", "pk": 136, "fields": {"name": "Can view bootstrap4 alerts", "content_type": 35, "codename": "view_bootstrap4alerts"}}, {"model": "auth.permission", "pk": 137, "fields": {"name": "Can add bootstrap4 badge", "content_type": 36, "codename": "add_bootstrap4badge"}}, {"model": "auth.permission", "pk": 138, "fields": {"name": "Can change bootstrap4 badge", "content_type": 36, "codename": "change_bootstrap4badge"}}, {"model": "auth.permission", "pk": 139, "fields": {"name": "Can delete bootstrap4 badge", "content_type": 36, "codename": "delete_bootstrap4badge"}}, {"model": "auth.permission", "pk": 140, "fields": {"name": "Can view bootstrap4 badge", "content_type": 36, "codename": "view_bootstrap4badge"}}, {"model": "auth.permission", "pk": 141, "fields": {"name": "Can add bootstrap4 card", "content_type": 37, "codename": "add_bootstrap4card"}}, {"model": "auth.permission", "pk": 142, "fields": {"name": "Can change bootstrap4 card", "content_type": 37, "codename": "change_bootstrap4card"}}, {"model": "auth.permission", "pk": 143, "fields": {"name": "Can delete bootstrap4 card", "content_type": 37, "codename": "delete_bootstrap4card"}}, {"model": "auth.permission", "pk": 144, "fields": {"name": "Can view bootstrap4 card", "content_type": 37, "codename": "view_bootstrap4card"}}, {"model": "auth.permission", "pk": 145, "fields": {"name": "Can add bootstrap4 card inner", "content_type": 38, "codename": "add_bootstrap4cardinner"}}, {"model": "auth.permission", "pk": 146, "fields": {"name": "Can change bootstrap4 card inner", "content_type": 38, "codename": "change_bootstrap4cardinner"}}, {"model": "auth.permission", "pk": 147, "fields": {"name": "Can delete bootstrap4 card inner", "content_type": 38, "codename": "delete_bootstrap4cardinner"}}, {"model": "auth.permission", "pk": 148, "fields": {"name": "Can view bootstrap4 card inner", "content_type": 38, "codename": "view_bootstrap4cardinner"}}, {"model": "auth.permission", "pk": 149, "fields": {"name": "Can add bootstrap4 carousel", "content_type": 39, "codename": "add_bootstrap4carousel"}}, {"model": "auth.permission", "pk": 150, "fields": {"name": "Can change bootstrap4 carousel", "content_type": 39, "codename": "change_bootstrap4carousel"}}, {"model": "auth.permission", "pk": 151, "fields": {"name": "Can delete bootstrap4 carousel", "content_type": 39, "codename": "delete_bootstrap4carousel"}}, {"model": "auth.permission", "pk": 152, "fields": {"name": "Can view bootstrap4 carousel", "content_type": 39, "codename": "view_bootstrap4carousel"}}, {"model": "auth.permission", "pk": 153, "fields": {"name": "Can add bootstrap4 carousel slide", "content_type": 40, "codename": "add_bootstrap4carouselslide"}}, {"model": "auth.permission", "pk": 154, "fields": {"name": "Can change bootstrap4 carousel slide", "content_type": 40, "codename": "change_bootstrap4carouselslide"}}, {"model": "auth.permission", "pk": 155, "fields": {"name": "Can delete bootstrap4 carousel slide", "content_type": 40, "codename": "delete_bootstrap4carouselslide"}}, {"model": "auth.permission", "pk": 156, "fields": {"name": "Can view bootstrap4 carousel slide", "content_type": 40, "codename": "view_bootstrap4carouselslide"}}, {"model": "auth.permission", "pk": 157, "fields": {"name": "Can add bootstrap4 collapse", "content_type": 41, "codename": "add_bootstrap4collapse"}}, {"model": "auth.permission", "pk": 158, "fields": {"name": "Can change bootstrap4 collapse", "content_type": 41, "codename": "change_bootstrap4collapse"}}, {"model": "auth.permission", "pk": 159, "fields": {"name": "Can delete bootstrap4 collapse", "content_type": 41, "codename": "delete_bootstrap4collapse"}}, {"model": "auth.permission", "pk": 160, "fields": {"name": "Can view bootstrap4 collapse", "content_type": 41, "codename": "view_bootstrap4collapse"}}, {"model": "auth.permission", "pk": 161, "fields": {"name": "Can add bootstrap4 collapse container", "content_type": 42, "codename": "add_bootstrap4collapsecontainer"}}, {"model": "auth.permission", "pk": 162, "fields": {"name": "Can change bootstrap4 collapse container", "content_type": 42, "codename": "change_bootstrap4collapsecontainer"}}, {"model": "auth.permission", "pk": 163, "fields": {"name": "Can delete bootstrap4 collapse container", "content_type": 42, "codename": "delete_bootstrap4collapsecontainer"}}, {"model": "auth.permission", "pk": 164, "fields": {"name": "Can view bootstrap4 collapse container", "content_type": 42, "codename": "view_bootstrap4collapsecontainer"}}, {"model": "auth.permission", "pk": 165, "fields": {"name": "Can add bootstrap4 collapse trigger", "content_type": 43, "codename": "add_bootstrap4collapsetrigger"}}, {"model": "auth.permission", "pk": 166, "fields": {"name": "Can change bootstrap4 collapse trigger", "content_type": 43, "codename": "change_bootstrap4collapsetrigger"}}, {"model": "auth.permission", "pk": 167, "fields": {"name": "Can delete bootstrap4 collapse trigger", "content_type": 43, "codename": "delete_bootstrap4collapsetrigger"}}, {"model": "auth.permission", "pk": 168, "fields": {"name": "Can view bootstrap4 collapse trigger", "content_type": 43, "codename": "view_bootstrap4collapsetrigger"}}, {"model": "auth.permission", "pk": 169, "fields": {"name": "Can add bootstrap4 blockquote", "content_type": 44, "codename": "add_bootstrap4blockquote"}}, {"model": "auth.permission", "pk": 170, "fields": {"name": "Can change bootstrap4 blockquote", "content_type": 44, "codename": "change_bootstrap4blockquote"}}, {"model": "auth.permission", "pk": 171, "fields": {"name": "Can delete bootstrap4 blockquote", "content_type": 44, "codename": "delete_bootstrap4blockquote"}}, {"model": "auth.permission", "pk": 172, "fields": {"name": "Can view bootstrap4 blockquote", "content_type": 44, "codename": "view_bootstrap4blockquote"}}, {"model": "auth.permission", "pk": 173, "fields": {"name": "Can add bootstrap4 code", "content_type": 45, "codename": "add_bootstrap4code"}}, {"model": "auth.permission", "pk": 174, "fields": {"name": "Can change bootstrap4 code", "content_type": 45, "codename": "change_bootstrap4code"}}, {"model": "auth.permission", "pk": 175, "fields": {"name": "Can delete bootstrap4 code", "content_type": 45, "codename": "delete_bootstrap4code"}}, {"model": "auth.permission", "pk": 176, "fields": {"name": "Can view bootstrap4 code", "content_type": 45, "codename": "view_bootstrap4code"}}, {"model": "auth.permission", "pk": 177, "fields": {"name": "Can add bootstrap4 figure", "content_type": 46, "codename": "add_bootstrap4figure"}}, {"model": "auth.permission", "pk": 178, "fields": {"name": "Can change bootstrap4 figure", "content_type": 46, "codename": "change_bootstrap4figure"}}, {"model": "auth.permission", "pk": 179, "fields": {"name": "Can delete bootstrap4 figure", "content_type": 46, "codename": "delete_bootstrap4figure"}}, {"model": "auth.permission", "pk": 180, "fields": {"name": "Can view bootstrap4 figure", "content_type": 46, "codename": "view_bootstrap4figure"}}, {"model": "auth.permission", "pk": 181, "fields": {"name": "Can add bootstrap4 grid column", "content_type": 47, "codename": "add_bootstrap4gridcolumn"}}, {"model": "auth.permission", "pk": 182, "fields": {"name": "Can change bootstrap4 grid column", "content_type": 47, "codename": "change_bootstrap4gridcolumn"}}, {"model": "auth.permission", "pk": 183, "fields": {"name": "Can delete bootstrap4 grid column", "content_type": 47, "codename": "delete_bootstrap4gridcolumn"}}, {"model": "auth.permission", "pk": 184, "fields": {"name": "Can view bootstrap4 grid column", "content_type": 47, "codename": "view_bootstrap4gridcolumn"}}, {"model": "auth.permission", "pk": 185, "fields": {"name": "Can add bootstrap4 grid container", "content_type": 48, "codename": "add_bootstrap4gridcontainer"}}, {"model": "auth.permission", "pk": 186, "fields": {"name": "Can change bootstrap4 grid container", "content_type": 48, "codename": "change_bootstrap4gridcontainer"}}, {"model": "auth.permission", "pk": 187, "fields": {"name": "Can delete bootstrap4 grid container", "content_type": 48, "codename": "delete_bootstrap4gridcontainer"}}, {"model": "auth.permission", "pk": 188, "fields": {"name": "Can view bootstrap4 grid container", "content_type": 48, "codename": "view_bootstrap4gridcontainer"}}, {"model": "auth.permission", "pk": 189, "fields": {"name": "Can add bootstrap4 grid row", "content_type": 49, "codename": "add_bootstrap4gridrow"}}, {"model": "auth.permission", "pk": 190, "fields": {"name": "Can change bootstrap4 grid row", "content_type": 49, "codename": "change_bootstrap4gridrow"}}, {"model": "auth.permission", "pk": 191, "fields": {"name": "Can delete bootstrap4 grid row", "content_type": 49, "codename": "delete_bootstrap4gridrow"}}, {"model": "auth.permission", "pk": 192, "fields": {"name": "Can view bootstrap4 grid row", "content_type": 49, "codename": "view_bootstrap4gridrow"}}, {"model": "auth.permission", "pk": 193, "fields": {"name": "Can add bootstrap4 jumbotron", "content_type": 50, "codename": "add_bootstrap4jumbotron"}}, {"model": "auth.permission", "pk": 194, "fields": {"name": "Can change bootstrap4 jumbotron", "content_type": 50, "codename": "change_bootstrap4jumbotron"}}, {"model": "auth.permission", "pk": 195, "fields": {"name": "Can delete bootstrap4 jumbotron", "content_type": 50, "codename": "delete_bootstrap4jumbotron"}}, {"model": "auth.permission", "pk": 196, "fields": {"name": "Can view bootstrap4 jumbotron", "content_type": 50, "codename": "view_bootstrap4jumbotron"}}, {"model": "auth.permission", "pk": 197, "fields": {"name": "Can add bootstrap4 link", "content_type": 51, "codename": "add_bootstrap4link"}}, {"model": "auth.permission", "pk": 198, "fields": {"name": "Can change bootstrap4 link", "content_type": 51, "codename": "change_bootstrap4link"}}, {"model": "auth.permission", "pk": 199, "fields": {"name": "Can delete bootstrap4 link", "content_type": 51, "codename": "delete_bootstrap4link"}}, {"model": "auth.permission", "pk": 200, "fields": {"name": "Can view bootstrap4 link", "content_type": 51, "codename": "view_bootstrap4link"}}, {"model": "auth.permission", "pk": 201, "fields": {"name": "Can add bootstrap4 list group", "content_type": 52, "codename": "add_bootstrap4listgroup"}}, {"model": "auth.permission", "pk": 202, "fields": {"name": "Can change bootstrap4 list group", "content_type": 52, "codename": "change_bootstrap4listgroup"}}, {"model": "auth.permission", "pk": 203, "fields": {"name": "Can delete bootstrap4 list group", "content_type": 52, "codename": "delete_bootstrap4listgroup"}}, {"model": "auth.permission", "pk": 204, "fields": {"name": "Can view bootstrap4 list group", "content_type": 52, "codename": "view_bootstrap4listgroup"}}, {"model": "auth.permission", "pk": 205, "fields": {"name": "Can add bootstrap4 list group item", "content_type": 53, "codename": "add_bootstrap4listgroupitem"}}, {"model": "auth.permission", "pk": 206, "fields": {"name": "Can change bootstrap4 list group item", "content_type": 53, "codename": "change_bootstrap4listgroupitem"}}, {"model": "auth.permission", "pk": 207, "fields": {"name": "Can delete bootstrap4 list group item", "content_type": 53, "codename": "delete_bootstrap4listgroupitem"}}, {"model": "auth.permission", "pk": 208, "fields": {"name": "Can view bootstrap4 list group item", "content_type": 53, "codename": "view_bootstrap4listgroupitem"}}, {"model": "auth.permission", "pk": 209, "fields": {"name": "Can add bootstrap4 media", "content_type": 54, "codename": "add_bootstrap4media"}}, {"model": "auth.permission", "pk": 210, "fields": {"name": "Can change bootstrap4 media", "content_type": 54, "codename": "change_bootstrap4media"}}, {"model": "auth.permission", "pk": 211, "fields": {"name": "Can delete bootstrap4 media", "content_type": 54, "codename": "delete_bootstrap4media"}}, {"model": "auth.permission", "pk": 212, "fields": {"name": "Can view bootstrap4 media", "content_type": 54, "codename": "view_bootstrap4media"}}, {"model": "auth.permission", "pk": 213, "fields": {"name": "Can add bootstrap4 media body", "content_type": 55, "codename": "add_bootstrap4mediabody"}}, {"model": "auth.permission", "pk": 214, "fields": {"name": "Can change bootstrap4 media body", "content_type": 55, "codename": "change_bootstrap4mediabody"}}, {"model": "auth.permission", "pk": 215, "fields": {"name": "Can delete bootstrap4 media body", "content_type": 55, "codename": "delete_bootstrap4mediabody"}}, {"model": "auth.permission", "pk": 216, "fields": {"name": "Can view bootstrap4 media body", "content_type": 55, "codename": "view_bootstrap4mediabody"}}, {"model": "auth.permission", "pk": 217, "fields": {"name": "Can add bootstrap4 picture", "content_type": 56, "codename": "add_bootstrap4picture"}}, {"model": "auth.permission", "pk": 218, "fields": {"name": "Can change bootstrap4 picture", "content_type": 56, "codename": "change_bootstrap4picture"}}, {"model": "auth.permission", "pk": 219, "fields": {"name": "Can delete bootstrap4 picture", "content_type": 56, "codename": "delete_bootstrap4picture"}}, {"model": "auth.permission", "pk": 220, "fields": {"name": "Can view bootstrap4 picture", "content_type": 56, "codename": "view_bootstrap4picture"}}, {"model": "auth.permission", "pk": 221, "fields": {"name": "Can add bootstrap4 tab", "content_type": 57, "codename": "add_bootstrap4tab"}}, {"model": "auth.permission", "pk": 222, "fields": {"name": "Can change bootstrap4 tab", "content_type": 57, "codename": "change_bootstrap4tab"}}, {"model": "auth.permission", "pk": 223, "fields": {"name": "Can delete bootstrap4 tab", "content_type": 57, "codename": "delete_bootstrap4tab"}}, {"model": "auth.permission", "pk": 224, "fields": {"name": "Can view bootstrap4 tab", "content_type": 57, "codename": "view_bootstrap4tab"}}, {"model": "auth.permission", "pk": 225, "fields": {"name": "Can add bootstrap4 tab item", "content_type": 58, "codename": "add_bootstrap4tabitem"}}, {"model": "auth.permission", "pk": 226, "fields": {"name": "Can change bootstrap4 tab item", "content_type": 58, "codename": "change_bootstrap4tabitem"}}, {"model": "auth.permission", "pk": 227, "fields": {"name": "Can delete bootstrap4 tab item", "content_type": 58, "codename": "delete_bootstrap4tabitem"}}, {"model": "auth.permission", "pk": 228, "fields": {"name": "Can view bootstrap4 tab item", "content_type": 58, "codename": "view_bootstrap4tabitem"}}, {"model": "auth.permission", "pk": 229, "fields": {"name": "Can add bootstrap4 spacing", "content_type": 59, "codename": "add_bootstrap4spacing"}}, {"model": "auth.permission", "pk": 230, "fields": {"name": "Can change bootstrap4 spacing", "content_type": 59, "codename": "change_bootstrap4spacing"}}, {"model": "auth.permission", "pk": 231, "fields": {"name": "Can delete bootstrap4 spacing", "content_type": 59, "codename": "delete_bootstrap4spacing"}}, {"model": "auth.permission", "pk": 232, "fields": {"name": "Can view bootstrap4 spacing", "content_type": 59, "codename": "view_bootstrap4spacing"}}, {"model": "auth.permission", "pk": 233, "fields": {"name": "Can add file", "content_type": 60, "codename": "add_file"}}, {"model": "auth.permission", "pk": 234, "fields": {"name": "Can change file", "content_type": 60, "codename": "change_file"}}, {"model": "auth.permission", "pk": 235, "fields": {"name": "Can delete file", "content_type": 60, "codename": "delete_file"}}, {"model": "auth.permission", "pk": 236, "fields": {"name": "Can view file", "content_type": 60, "codename": "view_file"}}, {"model": "auth.permission", "pk": 237, "fields": {"name": "Can add folder", "content_type": 61, "codename": "add_folder"}}, {"model": "auth.permission", "pk": 238, "fields": {"name": "Can change folder", "content_type": 61, "codename": "change_folder"}}, {"model": "auth.permission", "pk": 239, "fields": {"name": "Can delete folder", "content_type": 61, "codename": "delete_folder"}}, {"model": "auth.permission", "pk": 240, "fields": {"name": "Can view folder", "content_type": 61, "codename": "view_folder"}}, {"model": "auth.permission", "pk": 241, "fields": {"name": "Can add icon", "content_type": 62, "codename": "add_icon"}}, {"model": "auth.permission", "pk": 242, "fields": {"name": "Can change icon", "content_type": 62, "codename": "change_icon"}}, {"model": "auth.permission", "pk": 243, "fields": {"name": "Can delete icon", "content_type": 62, "codename": "delete_icon"}}, {"model": "auth.permission", "pk": 244, "fields": {"name": "Can view icon", "content_type": 62, "codename": "view_icon"}}, {"model": "auth.permission", "pk": 245, "fields": {"name": "Can add link", "content_type": 63, "codename": "add_link"}}, {"model": "auth.permission", "pk": 246, "fields": {"name": "Can change link", "content_type": 63, "codename": "change_link"}}, {"model": "auth.permission", "pk": 247, "fields": {"name": "Can delete link", "content_type": 63, "codename": "delete_link"}}, {"model": "auth.permission", "pk": 248, "fields": {"name": "Can view link", "content_type": 63, "codename": "view_link"}}, {"model": "auth.permission", "pk": 249, "fields": {"name": "Can add picture", "content_type": 64, "codename": "add_picture"}}, {"model": "auth.permission", "pk": 250, "fields": {"name": "Can change picture", "content_type": 64, "codename": "change_picture"}}, {"model": "auth.permission", "pk": 251, "fields": {"name": "Can delete picture", "content_type": 64, "codename": "delete_picture"}}, {"model": "auth.permission", "pk": 252, "fields": {"name": "Can view picture", "content_type": 64, "codename": "view_picture"}}, {"model": "auth.permission", "pk": 253, "fields": {"name": "Can add style", "content_type": 65, "codename": "add_style"}}, {"model": "auth.permission", "pk": 254, "fields": {"name": "Can change style", "content_type": 65, "codename": "change_style"}}, {"model": "auth.permission", "pk": 255, "fields": {"name": "Can delete style", "content_type": 65, "codename": "delete_style"}}, {"model": "auth.permission", "pk": 256, "fields": {"name": "Can view style", "content_type": 65, "codename": "view_style"}}, {"model": "auth.permission", "pk": 257, "fields": {"name": "Can add Snippet", "content_type": 66, "codename": "add_snippet"}}, {"model": "auth.permission", "pk": 258, "fields": {"name": "Can change Snippet", "content_type": 66, "codename": "change_snippet"}}, {"model": "auth.permission", "pk": 259, "fields": {"name": "Can delete Snippet", "content_type": 66, "codename": "delete_snippet"}}, {"model": "auth.permission", "pk": 260, "fields": {"name": "Can view Snippet", "content_type": 66, "codename": "view_snippet"}}, {"model": "auth.permission", "pk": 261, "fields": {"name": "Can add Snippet Ptr", "content_type": 67, "codename": "add_snippetptr"}}, {"model": "auth.permission", "pk": 262, "fields": {"name": "Can change Snippet Ptr", "content_type": 67, "codename": "change_snippetptr"}}, {"model": "auth.permission", "pk": 263, "fields": {"name": "Can delete Snippet Ptr", "content_type": 67, "codename": "delete_snippetptr"}}, {"model": "auth.permission", "pk": 264, "fields": {"name": "Can view Snippet Ptr", "content_type": 67, "codename": "view_snippetptr"}}, {"model": "auth.permission", "pk": 265, "fields": {"name": "Can add google map", "content_type": 68, "codename": "add_googlemap"}}, {"model": "auth.permission", "pk": 266, "fields": {"name": "Can change google map", "content_type": 68, "codename": "change_googlemap"}}, {"model": "auth.permission", "pk": 267, "fields": {"name": "Can delete google map", "content_type": 68, "codename": "delete_googlemap"}}, {"model": "auth.permission", "pk": 268, "fields": {"name": "Can view google map", "content_type": 68, "codename": "view_googlemap"}}, {"model": "auth.permission", "pk": 269, "fields": {"name": "Can add google map marker", "content_type": 69, "codename": "add_googlemapmarker"}}, {"model": "auth.permission", "pk": 270, "fields": {"name": "Can change google map marker", "content_type": 69, "codename": "change_googlemapmarker"}}, {"model": "auth.permission", "pk": 271, "fields": {"name": "Can delete google map marker", "content_type": 69, "codename": "delete_googlemapmarker"}}, {"model": "auth.permission", "pk": 272, "fields": {"name": "Can view google map marker", "content_type": 69, "codename": "view_googlemapmarker"}}, {"model": "auth.permission", "pk": 273, "fields": {"name": "Can add google map route", "content_type": 70, "codename": "add_googlemaproute"}}, {"model": "auth.permission", "pk": 274, "fields": {"name": "Can change google map route", "content_type": 70, "codename": "change_googlemaproute"}}, {"model": "auth.permission", "pk": 275, "fields": {"name": "Can delete google map route", "content_type": 70, "codename": "delete_googlemaproute"}}, {"model": "auth.permission", "pk": 276, "fields": {"name": "Can view google map route", "content_type": 70, "codename": "view_googlemaproute"}}, {"model": "auth.permission", "pk": 277, "fields": {"name": "Can add video player", "content_type": 71, "codename": "add_videoplayer"}}, {"model": "auth.permission", "pk": 278, "fields": {"name": "Can change video player", "content_type": 71, "codename": "change_videoplayer"}}, {"model": "auth.permission", "pk": 279, "fields": {"name": "Can delete video player", "content_type": 71, "codename": "delete_videoplayer"}}, {"model": "auth.permission", "pk": 280, "fields": {"name": "Can view video player", "content_type": 71, "codename": "view_videoplayer"}}, {"model": "auth.permission", "pk": 281, "fields": {"name": "Can add video source", "content_type": 72, "codename": "add_videosource"}}, {"model": "auth.permission", "pk": 282, "fields": {"name": "Can change video source", "content_type": 72, "codename": "change_videosource"}}, {"model": "auth.permission", "pk": 283, "fields": {"name": "Can delete video source", "content_type": 72, "codename": "delete_videosource"}}, {"model": "auth.permission", "pk": 284, "fields": {"name": "Can view video source", "content_type": 72, "codename": "view_videosource"}}, {"model": "auth.permission", "pk": 285, "fields": {"name": "Can add video track", "content_type": 73, "codename": "add_videotrack"}}, {"model": "auth.permission", "pk": 286, "fields": {"name": "Can change video track", "content_type": 73, "codename": "change_videotrack"}}, {"model": "auth.permission", "pk": 287, "fields": {"name": "Can delete video track", "content_type": 73, "codename": "delete_videotrack"}}, {"model": "auth.permission", "pk": 288, "fields": {"name": "Can view video track", "content_type": 73, "codename": "view_videotrack"}}, {"model": "auth.permission", "pk": 289, "fields": {"name": "Can add test1", "content_type": 74, "codename": "add_test1"}}, {"model": "auth.permission", "pk": 290, "fields": {"name": "Can change test1", "content_type": 74, "codename": "change_test1"}}, {"model": "auth.permission", "pk": 291, "fields": {"name": "Can delete test1", "content_type": 74, "codename": "delete_test1"}}, {"model": "auth.permission", "pk": 292, "fields": {"name": "Can view test1", "content_type": 74, "codename": "view_test1"}}, {"model": "auth.permission", "pk": 293, "fields": {"name": "Can add volunteer application", "content_type": 75, "codename": "add_volunteerapplication"}}, {"model": "auth.permission", "pk": 294, "fields": {"name": "Can change volunteer application", "content_type": 75, "codename": "change_volunteerapplication"}}, {"model": "auth.permission", "pk": 295, "fields": {"name": "Can delete volunteer application", "content_type": 75, "codename": "delete_volunteerapplication"}}, {"model": "auth.permission", "pk": 296, "fields": {"name": "Can view volunteer application", "content_type": 75, "codename": "view_volunteerapplication"}}, {"model": "auth.group", "pk": 1, "fields": {"name": "Volunteer Coordinator", "permissions": [10, 6, 14, 293, 294, 295, 296]}}, {"model": "auth.user", "pk": 2, "fields": {"password": "pbkdf2_sha256$150000$uV6qVsE6GJ06$aGgq/2kwDaP84H6gOJlEEyAFpbslJn1XJfp05i3zvj4=", "last_login": "2020-06-11T23:09:09.031Z", "is_superuser": true, "username": "webmaster", "first_name": "Nicholas", "last_name": "Jones", "email": "webmaster@bridge-hospice.com", "is_staff": true, "is_active": true, "date_joined": "2020-05-18T07:10:42Z", "groups": [], "user_permissions": []}}, {"model": "auth.user", "pk": 3, "fields": {"password": "pbkdf2_sha256$150000$Fhd8hdBFoTNd$f3XnHeKD8kWBkNTHvLd7cWYfepbuE8BhM/Lx6EIQOjY=", "last_login": "2020-05-18T07:12:12Z", "is_superuser": true, "username": "kasey_cox", "first_name": "Kasey", "last_name": "Cox", "email": "kasey.cox@bridge-hospice.com", "is_staff": true, "is_active": true, "date_joined": "2020-05-18T07:11:42Z", "groups": [], "user_permissions": []}}, {"model": "auth.user", "pk": 4, "fields": {"password": "pbkdf2_sha256$150000$utTnJeZDhSkn$l400YRwVOy2AtJjcA0hoga7zp++JUVceCdDNw310aSU=", "last_login": "2020-05-31T22:25:02.868Z", "is_superuser": false, "username": "brooke.zavala", "first_name": "Brooke", "last_name": "Zavala", "email": "brook.zavala@bridge-hospice.com", "is_staff": true, "is_active": true, "date_joined": "2020-05-31T22:05:25Z", "groups": [1], "user_permissions": []}}, {"model": "admin.logentry", "pk": 47, "fields": {"action_time": "2020-05-18T07:11:13.924Z", "user": 2, "content_type": 5, "object_id": "1", "object_repr": "admin", "action_flag": 3, "change_message": ""}}, {"model": "admin.logentry", "pk": 48, "fields": {"action_time": "2020-05-18T07:11:42.575Z", "user": 2, "content_type": 5, "object_id": "3", "object_repr": "kasey_cox", "action_flag": 1, "change_message": "[{\"added\": {}}]"}}, {"model": "admin.logentry", "pk": 49, "fields": {"action_time": "2020-05-18T07:11:49.351Z", "user": 2, "content_type": 5, "object_id": "3", "object_repr": "kasey_cox", "action_flag": 2, "change_message": "[{\"changed\": {\"fields\": [\"is_staff\", \"is_superuser\"]}}]"}}, {"model": "admin.logentry", "pk": 50, "fields": {"action_time": "2020-05-19T02:46:41.028Z", "user": 2, "content_type": 48, "object_id": "427", "object_repr": "427", "action_flag": 3, "change_message": ""}}, {"model": "admin.logentry", "pk": 51, "fields": {"action_time": "2020-05-19T02:48:48.934Z", "user": 2, "content_type": 2, "object_id": "1", "object_repr": "Home", "action_flag": 2, "change_message": ""}}, {"model": "admin.logentry", "pk": 52, "fields": {"action_time": "2020-05-19T02:51:46.181Z", "user": 2, "content_type": 2, "object_id": "3", "object_repr": "Contact Us", "action_flag": 2, "change_message": ""}}, {"model": "admin.logentry", "pk": 53, "fields": {"action_time": "2020-05-19T02:54:18.501Z", "user": 2, "content_type": 2, "object_id": "3", "object_repr": "Contact Us", "action_flag": 2, "change_message": ""}}, {"model": "admin.logentry", "pk": 54, "fields": {"action_time": "2020-05-19T02:56:06.100Z", "user": 2, "content_type": 2, "object_id": "3", "object_repr": "Contact Us", "action_flag": 2, "change_message": ""}}, {"model": "admin.logentry", "pk": 55, "fields": {"action_time": "2020-05-19T21:20:57.722Z", "user": 2, "content_type": 67, "object_id": "12", "object_repr": "Home Page Banner", "action_flag": 3, "change_message": ""}}, {"model": "admin.logentry", "pk": 56, "fields": {"action_time": "2020-05-19T21:22:19.181Z", "user": 2, "content_type": 2, "object_id": "1", "object_repr": "Home", "action_flag": 2, "change_message": ""}}, {"model": "admin.logentry", "pk": 57, "fields": {"action_time": "2020-05-19T21:52:51.738Z", "user": 2, "content_type": 47, "object_id": "552", "object_repr": "552", "action_flag": 3, "change_message": ""}}, {"model": "admin.logentry", "pk": 58, "fields": {"action_time": "2020-05-19T21:52:57.929Z", "user": 2, "content_type": 47, "object_id": "553", "object_repr": "553", "action_flag": 3, "change_message": ""}}, {"model": "admin.logentry", "pk": 59, "fields": {"action_time": "2020-05-19T21:56:22.202Z", "user": 2, "content_type": 66, "object_id": "1", "object_repr": "Home Page Banner", "action_flag": 2, "change_message": "[{\"changed\": {\"fields\": [\"html\"]}}]"}}, {"model": "admin.logentry", "pk": 60, "fields": {"action_time": "2020-05-19T21:56:56.659Z", "user": 2, "content_type": 66, "object_id": "1", "object_repr": "Home Page Banner", "action_flag": 2, "change_message": "[{\"changed\": {\"fields\": [\"html\"]}}]"}}, {"model": "admin.logentry", "pk": 61, "fields": {"action_time": "2020-05-19T21:57:36.783Z", "user": 2, "content_type": 66, "object_id": "1", "object_repr": "Home Page Banner", "action_flag": 2, "change_message": "[{\"changed\": {\"fields\": [\"html\"]}}]"}}, {"model": "admin.logentry", "pk": 62, "fields": {"action_time": "2020-05-19T21:58:23.407Z", "user": 2, "content_type": 66, "object_id": "1", "object_repr": "Home Page Banner", "action_flag": 2, "change_message": "[{\"changed\": {\"fields\": [\"html\"]}}]"}}, {"model": "admin.logentry", "pk": 63, "fields": {"action_time": "2020-05-19T21:58:41.288Z", "user": 2, "content_type": 66, "object_id": "1", "object_repr": "Home Page Banner", "action_flag": 2, "change_message": "[{\"changed\": {\"fields\": [\"html\"]}}]"}}, {"model": "admin.logentry", "pk": 64, "fields": {"action_time": "2020-05-19T21:59:34.724Z", "user": 2, "content_type": 66, "object_id": "1", "object_repr": "Home Page Banner", "action_flag": 2, "change_message": "[{\"changed\": {\"fields\": [\"html\"]}}]"}}, {"model": "admin.logentry", "pk": 65, "fields": {"action_time": "2020-05-19T22:00:35.496Z", "user": 2, "content_type": 66, "object_id": "1", "object_repr": "Home Page Banner", "action_flag": 2, "change_message": "[{\"changed\": {\"fields\": [\"html\"]}}]"}}, {"model": "admin.logentry", "pk": 66, "fields": {"action_time": "2020-05-19T22:02:57.520Z", "user": 2, "content_type": 66, "object_id": "1", "object_repr": "Home Page Banner", "action_flag": 2, "change_message": "[{\"changed\": {\"fields\": [\"html\"]}}]"}}, {"model": "admin.logentry", "pk": 67, "fields": {"action_time": "2020-05-19T22:03:21.715Z", "user": 2, "content_type": 66, "object_id": "1", "object_repr": "Home Page Banner", "action_flag": 2, "change_message": "[{\"changed\": {\"fields\": [\"html\"]}}]"}}, {"model": "admin.logentry", "pk": 68, "fields": {"action_time": "2020-05-19T22:03:51.042Z", "user": 2, "content_type": 2, "object_id": "1", "object_repr": "Home", "action_flag": 2, "change_message": ""}}, {"model": "admin.logentry", "pk": 69, "fields": {"action_time": "2020-05-19T22:04:48.786Z", "user": 2, "content_type": 2, "object_id": "5", "object_repr": "Development", "action_flag": 1, "change_message": "[{\"added\": {}}]"}}, {"model": "admin.logentry", "pk": 70, "fields": {"action_time": "2020-05-19T22:11:39.743Z", "user": 2, "content_type": 47, "object_id": "592", "object_repr": "592", "action_flag": 3, "change_message": ""}}, {"model": "admin.logentry", "pk": 71, "fields": {"action_time": "2020-05-19T22:14:01.437Z", "user": 2, "content_type": 2, "object_id": "1", "object_repr": "Home", "action_flag": 2, "change_message": ""}}, {"model": "admin.logentry", "pk": 72, "fields": {"action_time": "2020-05-19T22:15:16.944Z", "user": 2, "content_type": 48, "object_id": "629", "object_repr": "629", "action_flag": 3, "change_message": ""}}, {"model": "admin.logentry", "pk": 73, "fields": {"action_time": "2020-05-19T22:19:25.358Z", "user": 2, "content_type": 47, "object_id": "632", "object_repr": "632", "action_flag": 3, "change_message": ""}}, {"model": "admin.logentry", "pk": 74, "fields": {"action_time": "2020-05-19T22:19:45.738Z", "user": 2, "content_type": 2, "object_id": "1", "object_repr": "Home", "action_flag": 2, "change_message": ""}}, {"model": "admin.logentry", "pk": 75, "fields": {"action_time": "2020-05-19T22:21:27.716Z", "user": 2, "content_type": 2, "object_id": "5", "object_repr": "Development", "action_flag": 2, "change_message": ""}}, {"model": "admin.logentry", "pk": 76, "fields": {"action_time": "2020-05-19T22:22:19.984Z", "user": 2, "content_type": 2, "object_id": "1", "object_repr": "Home", "action_flag": 2, "change_message": ""}}, {"model": "admin.logentry", "pk": 77, "fields": {"action_time": "2020-05-19T22:25:42.548Z", "user": 2, "content_type": 2, "object_id": "1", "object_repr": "Home", "action_flag": 2, "change_message": ""}}, {"model": "admin.logentry", "pk": 78, "fields": {"action_time": "2020-05-19T22:32:14.010Z", "user": 2, "content_type": 2, "object_id": "1", "object_repr": "Home", "action_flag": 2, "change_message": ""}}, {"model": "admin.logentry", "pk": 79, "fields": {"action_time": "2020-05-19T22:35:01.902Z", "user": 2, "content_type": 2, "object_id": "1", "object_repr": "Home", "action_flag": 2, "change_message": ""}}, {"model": "admin.logentry", "pk": 80, "fields": {"action_time": "2020-05-19T22:35:31.312Z", "user": 2, "content_type": 2, "object_id": "5", "object_repr": "Development", "action_flag": 2, "change_message": ""}}, {"model": "admin.logentry", "pk": 81, "fields": {"action_time": "2020-05-19T22:38:01.759Z", "user": 2, "content_type": 2, "object_id": "3", "object_repr": "Contact Us", "action_flag": 2, "change_message": ""}}, {"model": "admin.logentry", "pk": 82, "fields": {"action_time": "2020-05-19T22:43:45.094Z", "user": 2, "content_type": 2, "object_id": "1", "object_repr": "Home", "action_flag": 2, "change_message": ""}}, {"model": "admin.logentry", "pk": 83, "fields": {"action_time": "2020-05-19T22:44:25.153Z", "user": 2, "content_type": 2, "object_id": "5", "object_repr": "Development", "action_flag": 2, "change_message": ""}}, {"model": "admin.logentry", "pk": 84, "fields": {"action_time": "2020-05-19T22:45:17.309Z", "user": 2, "content_type": 2, "object_id": "3", "object_repr": "Contact", "action_flag": 2, "change_message": "[{\"changed\": {\"fields\": [\"title\", \"slug\"]}}]"}}, {"model": "admin.logentry", "pk": 85, "fields": {"action_time": "2020-05-19T22:45:37.179Z", "user": 2, "content_type": 2, "object_id": "3", "object_repr": "Contact", "action_flag": 2, "change_message": "[]"}}, {"model": "admin.logentry", "pk": 86, "fields": {"action_time": "2020-05-19T22:45:42.857Z", "user": 2, "content_type": 2, "object_id": "3", "object_repr": "Contact", "action_flag": 2, "change_message": ""}}, {"model": "admin.logentry", "pk": 87, "fields": {"action_time": "2020-05-19T22:49:58.498Z", "user": 2, "content_type": 2, "object_id": "3", "object_repr": "Contact", "action_flag": 2, "change_message": ""}}, {"model": "admin.logentry", "pk": 88, "fields": {"action_time": "2020-05-19T22:51:56.360Z", "user": 2, "content_type": 66, "object_id": "1", "object_repr": "Home Page Banner", "action_flag": 2, "change_message": "[{\"changed\": {\"fields\": [\"html\"]}}]"}}, {"model": "admin.logentry", "pk": 89, "fields": {"action_time": "2020-05-19T22:52:26.099Z", "user": 2, "content_type": 66, "object_id": "1", "object_repr": "Home Page Banner", "action_flag": 2, "change_message": "[{\"changed\": {\"fields\": [\"html\"]}}]"}}, {"model": "admin.logentry", "pk": 90, "fields": {"action_time": "2020-05-19T22:53:12.570Z", "user": 2, "content_type": 66, "object_id": "1", "object_repr": "Home Page Banner", "action_flag": 2, "change_message": "[{\"changed\": {\"fields\": [\"html\"]}}]"}}, {"model": "admin.logentry", "pk": 91, "fields": {"action_time": "2020-05-19T22:53:24.736Z", "user": 2, "content_type": 2, "object_id": "1", "object_repr": "Home", "action_flag": 2, "change_message": ""}}, {"model": "admin.logentry", "pk": 92, "fields": {"action_time": "2020-05-19T23:03:40.355Z", "user": 2, "content_type": 2, "object_id": "1", "object_repr": "Home", "action_flag": 2, "change_message": ""}}, {"model": "admin.logentry", "pk": 93, "fields": {"action_time": "2020-05-19T23:12:05.270Z", "user": 2, "content_type": 66, "object_id": "4", "object_repr": "TempFix", "action_flag": 1, "change_message": "[{\"added\": {}}]"}}, {"model": "admin.logentry", "pk": 94, "fields": {"action_time": "2020-05-19T23:13:57.173Z", "user": 2, "content_type": 66, "object_id": "5", "object_repr": "TempFix1", "action_flag": 1, "change_message": "[{\"added\": {}}]"}}, {"model": "admin.logentry", "pk": 95, "fields": {"action_time": "2020-05-19T23:15:17.031Z", "user": 2, "content_type": 66, "object_id": "5", "object_repr": "TempFix1", "action_flag": 2, "change_message": "[{\"changed\": {\"fields\": [\"html\"]}}]"}}, {"model": "admin.logentry", "pk": 96, "fields": {"action_time": "2020-05-19T23:16:37.136Z", "user": 2, "content_type": 66, "object_id": "5", "object_repr": "TempFix1", "action_flag": 2, "change_message": "[{\"changed\": {\"fields\": [\"html\"]}}]"}}, {"model": "admin.logentry", "pk": 97, "fields": {"action_time": "2020-05-19T23:17:42.885Z", "user": 2, "content_type": 66, "object_id": "5", "object_repr": "TempFix1", "action_flag": 2, "change_message": "[{\"changed\": {\"fields\": [\"html\"]}}]"}}, {"model": "admin.logentry", "pk": 98, "fields": {"action_time": "2020-05-19T23:18:25.457Z", "user": 2, "content_type": 2, "object_id": "1", "object_repr": "Home", "action_flag": 2, "change_message": ""}}, {"model": "admin.logentry", "pk": 99, "fields": {"action_time": "2020-05-21T03:20:12.797Z", "user": 2, "content_type": 2, "object_id": "1", "object_repr": "Home", "action_flag": 2, "change_message": ""}}, {"model": "admin.logentry", "pk": 100, "fields": {"action_time": "2020-05-21T03:45:59.748Z", "user": 2, "content_type": 74, "object_id": "1115", "object_repr": "1115", "action_flag": 3, "change_message": ""}}, {"model": "admin.logentry", "pk": 101, "fields": {"action_time": "2020-05-21T03:56:42.781Z", "user": 2, "content_type": 10, "object_id": "1114", "object_repr": "1114", "action_flag": 3, "change_message": ""}}, {"model": "admin.logentry", "pk": 102, "fields": {"action_time": "2020-05-21T03:57:31.387Z", "user": 2, "content_type": 67, "object_id": "754", "object_repr": "Home Page Banner", "action_flag": 3, "change_message": ""}}, {"model": "admin.logentry", "pk": 103, "fields": {"action_time": "2020-05-21T04:13:16.341Z", "user": 2, "content_type": 2, "object_id": "7", "object_repr": "Valor", "action_flag": 1, "change_message": "[{\"added\": {}}]"}}, {"model": "admin.logentry", "pk": 104, "fields": {"action_time": "2020-05-21T04:13:52.511Z", "user": 2, "content_type": 2, "object_id": "8", "object_repr": "Donation", "action_flag": 1, "change_message": "[{\"added\": {}}]"}}, {"model": "admin.logentry", "pk": 105, "fields": {"action_time": "2020-05-21T04:13:58.943Z", "user": 2, "content_type": 2, "object_id": "8", "object_repr": "Donation", "action_flag": 2, "change_message": ""}}, {"model": "admin.logentry", "pk": 106, "fields": {"action_time": "2020-05-21T04:14:18.143Z", "user": 2, "content_type": 2, "object_id": "7", "object_repr": "Valor", "action_flag": 2, "change_message": ""}}, {"model": "admin.logentry", "pk": 107, "fields": {"action_time": "2020-05-21T04:15:33.047Z", "user": 2, "content_type": 30, "object_id": "8", "object_repr": "coming-soon-2461832_960_720.jpg", "action_flag": 3, "change_message": ""}}, {"model": "admin.logentry", "pk": 108, "fields": {"action_time": "2020-05-21T04:22:57.891Z", "user": 2, "content_type": 2, "object_id": "5", "object_repr": "Development", "action_flag": 2, "change_message": ""}}, {"model": "admin.logentry", "pk": 109, "fields": {"action_time": "2020-05-21T04:23:45.540Z", "user": 2, "content_type": 2, "object_id": "7", "object_repr": "Valor", "action_flag": 2, "change_message": ""}}, {"model": "admin.logentry", "pk": 110, "fields": {"action_time": "2020-05-21T04:24:01.269Z", "user": 2, "content_type": 2, "object_id": "8", "object_repr": "Donation", "action_flag": 2, "change_message": ""}}, {"model": "admin.logentry", "pk": 111, "fields": {"action_time": "2020-05-21T04:26:34.019Z", "user": 2, "content_type": 2, "object_id": "1", "object_repr": "Home", "action_flag": 2, "change_message": ""}}, {"model": "admin.logentry", "pk": 112, "fields": {"action_time": "2020-05-21T04:30:20.803Z", "user": 2, "content_type": 51, "object_id": "1117", "object_repr": "1117", "action_flag": 3, "change_message": ""}}, {"model": "admin.logentry", "pk": 113, "fields": {"action_time": "2020-05-21T04:31:16.186Z", "user": 2, "content_type": 2, "object_id": "1", "object_repr": "Home", "action_flag": 2, "change_message": ""}}, {"model": "admin.logentry", "pk": 114, "fields": {"action_time": "2020-05-22T15:38:14.053Z", "user": 2, "content_type": 2, "object_id": "11", "object_repr": "Social", "action_flag": 1, "change_message": "[{\"added\": {}}]"}}, {"model": "admin.logentry", "pk": 115, "fields": {"action_time": "2020-05-22T15:39:14.905Z", "user": 2, "content_type": 66, "object_id": "6", "object_repr": "Facebook Feed", "action_flag": 1, "change_message": "[{\"added\": {}}]"}}, {"model": "admin.logentry", "pk": 116, "fields": {"action_time": "2020-05-22T15:57:24.344Z", "user": 2, "content_type": 24, "object_id": "1242", "object_repr": "&lt;script&gt; &lt;/script&gt;", "action_flag": 3, "change_message": ""}}, {"model": "admin.logentry", "pk": 117, "fields": {"action_time": "2020-05-22T15:58:00.609Z", "user": 2, "content_type": 66, "object_id": "7", "object_repr": "Facebook GraphApi", "action_flag": 1, "change_message": "[{\"added\": {}}]"}}, {"model": "admin.logentry", "pk": 118, "fields": {"action_time": "2020-05-22T15:59:25.554Z", "user": 2, "content_type": 66, "object_id": "7", "object_repr": "Facebook GraphApi", "action_flag": 2, "change_message": "[{\"changed\": {\"fields\": [\"html\"]}}]"}}, {"model": "admin.logentry", "pk": 119, "fields": {"action_time": "2020-05-22T16:16:43.237Z", "user": 2, "content_type": 67, "object_id": "1243", "object_repr": "Facebook GraphApi", "action_flag": 3, "change_message": ""}}, {"model": "admin.logentry", "pk": 120, "fields": {"action_time": "2020-05-22T16:17:10.080Z", "user": 2, "content_type": 24, "object_id": "1244", "object_repr": "Tweets by BridgeHospice1...", "action_flag": 3, "change_message": ""}}, {"model": "admin.logentry", "pk": 121, "fields": {"action_time": "2020-05-22T16:17:28.689Z", "user": 2, "content_type": 66, "object_id": "8", "object_repr": "twitter feed", "action_flag": 1, "change_message": "[{\"added\": {}}]"}}, {"model": "admin.logentry", "pk": 122, "fields": {"action_time": "2020-05-22T16:22:05.289Z", "user": 2, "content_type": 66, "object_id": "9", "object_repr": "instagram feed", "action_flag": 1, "change_message": "[{\"added\": {}}]"}}, {"model": "admin.logentry", "pk": 123, "fields": {"action_time": "2020-05-30T18:37:55.720Z", "user": 2, "content_type": 2, "object_id": "12", "object_repr": "test", "action_flag": 1, "change_message": "[{\"added\": {}}]"}}, {"model": "admin.logentry", "pk": 124, "fields": {"action_time": "2020-05-30T18:38:04.366Z", "user": 2, "content_type": 2, "object_id": "12", "object_repr": "test", "action_flag": 2, "change_message": ""}}, {"model": "admin.logentry", "pk": 125, "fields": {"action_time": "2020-05-30T19:19:29.867Z", "user": 2, "content_type": 2, "object_id": "14", "object_repr": "forms", "action_flag": 1, "change_message": "[{\"added\": {}}]"}}, {"model": "admin.logentry", "pk": 126, "fields": {"action_time": "2020-05-30T19:20:06.832Z", "user": 2, "content_type": 2, "object_id": "15", "object_repr": "volunteer", "action_flag": 1, "change_message": "[{\"added\": {}}]"}}, {"model": "admin.logentry", "pk": 127, "fields": {"action_time": "2020-05-30T19:20:31.230Z", "user": 2, "content_type": 2, "object_id": "15", "object_repr": "volunteer", "action_flag": 3, "change_message": ""}}, {"model": "admin.logentry", "pk": 128, "fields": {"action_time": "2020-05-30T19:20:36.960Z", "user": 2, "content_type": 2, "object_id": "14", "object_repr": "forms", "action_flag": 3, "change_message": ""}}, {"model": "admin.logentry", "pk": 129, "fields": {"action_time": "2020-05-30T19:23:25.460Z", "user": 2, "content_type": 2, "object_id": "14", "object_repr": "Forms", "action_flag": 1, "change_message": "[{\"added\": {}}]"}}, {"model": "admin.logentry", "pk": 130, "fields": {"action_time": "2020-05-30T19:23:35.116Z", "user": 2, "content_type": 2, "object_id": "14", "object_repr": "Forms", "action_flag": 2, "change_message": ""}}, {"model": "admin.logentry", "pk": 131, "fields": {"action_time": "2020-05-30T19:24:02.286Z", "user": 2, "content_type": 2, "object_id": "14", "object_repr": "Forms", "action_flag": 2, "change_message": "[{\"changed\": {\"fields\": [\"application_urls\", \"application_namespace\", \"xframe_options\"]}}]"}}, {"model": "admin.logentry", "pk": 132, "fields": {"action_time": "2020-05-30T19:24:23.385Z", "user": 2, "content_type": 2, "object_id": "14", "object_repr": "Forms", "action_flag": 2, "change_message": "[{\"changed\": {\"fields\": [\"xframe_options\"]}}]"}}, {"model": "admin.logentry", "pk": 133, "fields": {"action_time": "2020-05-30T19:27:44.235Z", "user": 2, "content_type": 2, "object_id": "16", "object_repr": "Volunteer", "action_flag": 1, "change_message": "[{\"added\": {}}]"}}, {"model": "admin.logentry", "pk": 134, "fields": {"action_time": "2020-05-31T03:37:48.768Z", "user": 2, "content_type": 66, "object_id": "8", "object_repr": "twitter feed", "action_flag": 2, "change_message": "[]"}}, {"model": "admin.logentry", "pk": 135, "fields": {"action_time": "2020-05-31T03:38:56.657Z", "user": 2, "content_type": 24, "object_id": "1248", "object_repr": "Twitter", "action_flag": 3, "change_message": ""}}, {"model": "admin.logentry", "pk": 136, "fields": {"action_time": "2020-05-31T03:39:36.900Z", "user": 2, "content_type": 66, "object_id": "9", "object_repr": "instagram feed", "action_flag": 2, "change_message": "[{\"changed\": {\"fields\": [\"html\"]}}]"}}, {"model": "admin.logentry", "pk": 137, "fields": {"action_time": "2020-05-31T20:36:30.640Z", "user": 2, "content_type": 75, "object_id": "1", "object_repr": "VolunteerApplication object (1)", "action_flag": 3, "change_message": ""}}, {"model": "admin.logentry", "pk": 138, "fields": {"action_time": "2020-05-31T21:05:14.359Z", "user": 2, "content_type": 2, "object_id": "12", "object_repr": "test", "action_flag": 2, "change_message": "The en page \"test\" was successfully unpublished"}}, {"model": "admin.logentry", "pk": 139, "fields": {"action_time": "2020-05-31T21:05:20.309Z", "user": 2, "content_type": 2, "object_id": "14", "object_repr": "Forms", "action_flag": 2, "change_message": "The en page \"Forms\" was successfully unpublished"}}, {"model": "admin.logentry", "pk": 140, "fields": {"action_time": "2020-05-31T21:05:54.771Z", "user": 2, "content_type": 2, "object_id": "1", "object_repr": "Home", "action_flag": 2, "change_message": "The en page \"Home\" was successfully unpublished"}}, {"model": "admin.logentry", "pk": 141, "fields": {"action_time": "2020-05-31T21:05:57.951Z", "user": 2, "content_type": 2, "object_id": "1", "object_repr": "Home", "action_flag": 2, "change_message": ""}}, {"model": "admin.logentry", "pk": 142, "fields": {"action_time": "2020-05-31T21:20:05.566Z", "user": 2, "content_type": 2, "object_id": "14", "object_repr": "Forms", "action_flag": 2, "change_message": ""}}, {"model": "admin.logentry", "pk": 143, "fields": {"action_time": "2020-05-31T21:23:10.400Z", "user": 2, "content_type": 37, "object_id": "1293", "object_repr": "1293", "action_flag": 3, "change_message": ""}}, {"model": "admin.logentry", "pk": 144, "fields": {"action_time": "2020-05-31T21:23:33.894Z", "user": 2, "content_type": 2, "object_id": "16", "object_repr": "Volunteer", "action_flag": 2, "change_message": ""}}, {"model": "admin.logentry", "pk": 145, "fields": {"action_time": "2020-05-31T21:27:48.854Z", "user": 2, "content_type": 2, "object_id": "14", "object_repr": "Forms", "action_flag": 2, "change_message": "[{\"changed\": {\"fields\": [\"xframe_options\"]}}]"}}, {"model": "admin.logentry", "pk": 146, "fields": {"action_time": "2020-05-31T21:28:29.177Z", "user": 2, "content_type": 2, "object_id": "16", "object_repr": "Volunteer", "action_flag": 3, "change_message": ""}}, {"model": "admin.logentry", "pk": 147, "fields": {"action_time": "2020-05-31T21:28:45.324Z", "user": 2, "content_type": 2, "object_id": "18", "object_repr": "Volunteer", "action_flag": 1, "change_message": "[{\"added\": {}}]"}}, {"model": "admin.logentry", "pk": 148, "fields": {"action_time": "2020-05-31T21:29:31.767Z", "user": 2, "content_type": 2, "object_id": "14", "object_repr": "Forms", "action_flag": 3, "change_message": ""}}, {"model": "admin.logentry", "pk": 149, "fields": {"action_time": "2020-05-31T21:29:36.765Z", "user": 2, "content_type": 2, "object_id": "12", "object_repr": "test", "action_flag": 3, "change_message": ""}}, {"model": "admin.logentry", "pk": 150, "fields": {"action_time": "2020-05-31T21:29:48.221Z", "user": 2, "content_type": 2, "object_id": "19", "object_repr": "Forms", "action_flag": 1, "change_message": "[{\"added\": {}}]"}}, {"model": "admin.logentry", "pk": 151, "fields": {"action_time": "2020-05-31T21:30:20.516Z", "user": 2, "content_type": 2, "object_id": "19", "object_repr": "Forms", "action_flag": 2, "change_message": "[{\"changed\": {\"fields\": [\"application_urls\", \"application_namespace\", \"xframe_options\"]}}]"}}, {"model": "admin.logentry", "pk": 152, "fields": {"action_time": "2020-05-31T21:30:29.972Z", "user": 2, "content_type": 2, "object_id": "20", "object_repr": "Volunteer", "action_flag": 1, "change_message": "[{\"added\": {}}]"}}, {"model": "admin.logentry", "pk": 153, "fields": {"action_time": "2020-05-31T21:44:04.310Z", "user": 2, "content_type": 30, "object_id": "9", "object_repr": "BridgeHospiceLogo.png", "action_flag": 3, "change_message": ""}}, {"model": "admin.logentry", "pk": 154, "fields": {"action_time": "2020-05-31T21:44:28.932Z", "user": 2, "content_type": 2, "object_id": "1", "object_repr": "Home", "action_flag": 2, "change_message": ""}}, {"model": "admin.logentry", "pk": 155, "fields": {"action_time": "2020-05-31T21:50:33.008Z", "user": 2, "content_type": 2, "object_id": "19", "object_repr": "Forms", "action_flag": 3, "change_message": ""}}, {"model": "admin.logentry", "pk": 156, "fields": {"action_time": "2020-05-31T21:50:40.979Z", "user": 2, "content_type": 2, "object_id": "21", "object_repr": "Forms", "action_flag": 1, "change_message": "[{\"added\": {}}]"}}, {"model": "admin.logentry", "pk": 157, "fields": {"action_time": "2020-05-31T21:51:02.152Z", "user": 2, "content_type": 2, "object_id": "21", "object_repr": "Forms", "action_flag": 2, "change_message": "[{\"changed\": {\"fields\": [\"application_urls\", \"application_namespace\", \"xframe_options\"]}}]"}}, {"model": "admin.logentry", "pk": 158, "fields": {"action_time": "2020-05-31T21:51:11.532Z", "user": 2, "content_type": 2, "object_id": "22", "object_repr": "Volunteer", "action_flag": 1, "change_message": "[{\"added\": {}}]"}}, {"model": "admin.logentry", "pk": 159, "fields": {"action_time": "2020-05-31T21:53:11.987Z", "user": 2, "content_type": 2, "object_id": "21", "object_repr": "Forms", "action_flag": 2, "change_message": ""}}, {"model": "admin.logentry", "pk": 160, "fields": {"action_time": "2020-05-31T21:53:15.854Z", "user": 2, "content_type": 2, "object_id": "22", "object_repr": "Volunteer", "action_flag": 2, "change_message": ""}}, {"model": "admin.logentry", "pk": 161, "fields": {"action_time": "2020-05-31T21:54:07.506Z", "user": 2, "content_type": 2, "object_id": "21", "object_repr": "Forms", "action_flag": 2, "change_message": ""}}, {"model": "admin.logentry", "pk": 162, "fields": {"action_time": "2020-05-31T21:58:18.481Z", "user": 2, "content_type": 2, "object_id": "25", "object_repr": "Volunteer", "action_flag": 1, "change_message": "[{\"added\": {}}]"}}, {"model": "admin.logentry", "pk": 163, "fields": {"action_time": "2020-05-31T22:01:29.861Z", "user": 2, "content_type": 2, "object_id": "25", "object_repr": "Volunteer", "action_flag": 2, "change_message": ""}}, {"model": "admin.logentry", "pk": 164, "fields": {"action_time": "2020-05-31T22:01:46.345Z", "user": 2, "content_type": 2, "object_id": "21", "object_repr": "Forms", "action_flag": 2, "change_message": ""}}, {"model": "admin.logentry", "pk": 165, "fields": {"action_time": "2020-05-31T22:05:25.676Z", "user": 2, "content_type": 5, "object_id": "4", "object_repr": "brooke_zavala", "action_flag": 1, "change_message": "[{\"added\": {}}]"}}, {"model": "admin.logentry", "pk": 166, "fields": {"action_time": "2020-05-31T22:07:55.655Z", "user": 2, "content_type": 4, "object_id": "1", "object_repr": "Volunteer Coordinator", "action_flag": 1, "change_message": "[{\"added\": {}}]"}}, {"model": "admin.logentry", "pk": 167, "fields": {"action_time": "2020-05-31T22:08:27.556Z", "user": 2, "content_type": 5, "object_id": "4", "object_repr": "brooke.zavala", "action_flag": 2, "change_message": "[{\"changed\": {\"fields\": [\"username\", \"first_name\", \"last_name\", \"email\", \"is_staff\", \"groups\"]}}]"}}, {"model": "admin.logentry", "pk": 168, "fields": {"action_time": "2020-05-31T22:08:50.117Z", "user": 2, "content_type": 5, "object_id": "3", "object_repr": "kasey_cox", "action_flag": 2, "change_message": "[{\"changed\": {\"fields\": [\"first_name\", \"last_name\", \"email\"]}}]"}}, {"model": "admin.logentry", "pk": 169, "fields": {"action_time": "2020-05-31T22:09:09.066Z", "user": 2, "content_type": 5, "object_id": "2", "object_repr": "webmaster", "action_flag": 2, "change_message": "[{\"changed\": {\"fields\": [\"first_name\", \"last_name\", \"email\"]}}]"}}, {"model": "admin.logentry", "pk": 170, "fields": {"action_time": "2020-05-31T22:10:04.387Z", "user": 4, "content_type": 75, "object_id": "2", "object_repr": "Volunteer Application: fname lname", "action_flag": 3, "change_message": ""}}, {"model": "admin.logentry", "pk": 171, "fields": {"action_time": "2020-05-31T22:18:28.848Z", "user": 2, "content_type": 4, "object_id": "1", "object_repr": "Volunteer Coordinator", "action_flag": 2, "change_message": "[{\"changed\": {\"fields\": [\"permissions\"]}}]"}}, {"model": "admin.logentry", "pk": 172, "fields": {"action_time": "2020-05-31T22:22:40.284Z", "user": 2, "content_type": 4, "object_id": "1", "object_repr": "Volunteer Coordinator", "action_flag": 2, "change_message": "[{\"changed\": {\"fields\": [\"permissions\"]}}]"}}, {"model": "admin.logentry", "pk": 173, "fields": {"action_time": "2020-05-31T22:25:09.214Z", "user": 4, "content_type": 19, "object_id": "4", "object_repr": "brooke.zavala", "action_flag": 2, "change_message": "[]"}}, {"model": "admin.logentry", "pk": 174, "fields": {"action_time": "2020-06-01T20:45:55.244Z", "user": 2, "content_type": 66, "object_id": "6", "object_repr": "Facebook Feed", "action_flag": 2, "change_message": "[{\"changed\": {\"fields\": [\"html\"]}}]"}}, {"model": "admin.logentry", "pk": 175, "fields": {"action_time": "2020-06-01T20:46:18.749Z", "user": 2, "content_type": 66, "object_id": "6", "object_repr": "Facebook Feed", "action_flag": 2, "change_message": "[{\"changed\": {\"fields\": [\"html\"]}}]"}}, {"model": "admin.logentry", "pk": 176, "fields": {"action_time": "2020-06-01T20:46:26.643Z", "user": 2, "content_type": 24, "object_id": "1237", "object_repr": "Visit us on...", "action_flag": 3, "change_message": ""}}, {"model": "admin.logentry", "pk": 177, "fields": {"action_time": "2020-06-01T20:46:41.620Z", "user": 2, "content_type": 66, "object_id": "9", "object_repr": "instagram feed", "action_flag": 2, "change_message": "[{\"changed\": {\"fields\": [\"html\"]}}]"}}, {"model": "admin.logentry", "pk": 178, "fields": {"action_time": "2020-06-01T20:52:04.844Z", "user": 2, "content_type": 66, "object_id": "6", "object_repr": "Facebook Feed", "action_flag": 2, "change_message": "[{\"changed\": {\"fields\": [\"html\"]}}]"}}, {"model": "admin.logentry", "pk": 179, "fields": {"action_time": "2020-06-01T20:53:08.796Z", "user": 2, "content_type": 66, "object_id": "6", "object_repr": "Facebook Feed", "action_flag": 2, "change_message": "[{\"changed\": {\"fields\": [\"html\"]}}]"}}, {"model": "admin.logentry", "pk": 180, "fields": {"action_time": "2020-06-01T20:54:15.086Z", "user": 2, "content_type": 66, "object_id": "8", "object_repr": "twitter feed", "action_flag": 2, "change_message": "[{\"changed\": {\"fields\": [\"html\"]}}]"}}, {"model": "admin.logentry", "pk": 181, "fields": {"action_time": "2020-06-01T20:54:34.793Z", "user": 2, "content_type": 2, "object_id": "11", "object_repr": "Social", "action_flag": 2, "change_message": ""}}, {"model": "admin.logentry", "pk": 182, "fields": {"action_time": "2020-06-01T20:54:59.550Z", "user": 2, "content_type": 2, "object_id": "11", "object_repr": "Social", "action_flag": 2, "change_message": ""}}, {"model": "admin.logentry", "pk": 183, "fields": {"action_time": "2020-06-01T23:53:01.095Z", "user": 2, "content_type": 48, "object_id": "1229", "object_repr": "1229", "action_flag": 3, "change_message": ""}}, {"model": "admin.logentry", "pk": 184, "fields": {"action_time": "2020-06-01T23:53:05.074Z", "user": 2, "content_type": 2, "object_id": "5", "object_repr": "Development", "action_flag": 2, "change_message": ""}}, {"model": "admin.logentry", "pk": 185, "fields": {"action_time": "2020-06-02T00:19:54.656Z", "user": 2, "content_type": 9, "object_id": "1", "object_repr": "bridge-hospice.com", "action_flag": 2, "change_message": "[]"}}, {"model": "admin.logentry", "pk": 186, "fields": {"action_time": "2020-06-02T00:21:32.015Z", "user": 2, "content_type": 30, "object_id": "11", "object_repr": "BridgeHospiceLogo.png", "action_flag": 2, "change_message": "[]"}}, {"model": "admin.logentry", "pk": 187, "fields": {"action_time": "2020-06-02T00:22:42.737Z", "user": 2, "content_type": 2, "object_id": "1", "object_repr": "Home", "action_flag": 2, "change_message": ""}}, {"model": "admin.logentry", "pk": 188, "fields": {"action_time": "2020-06-02T00:23:40.855Z", "user": 2, "content_type": 2, "object_id": "22", "object_repr": "Volunteer", "action_flag": 2, "change_message": "[{\"changed\": {\"fields\": [\"xframe_options\"]}}]"}}, {"model": "admin.logentry", "pk": 189, "fields": {"action_time": "2020-06-02T00:23:56.082Z", "user": 2, "content_type": 2, "object_id": "21", "object_repr": "Forms", "action_flag": 2, "change_message": "[{\"changed\": {\"fields\": [\"xframe_options\"]}}]"}}, {"model": "admin.logentry", "pk": 190, "fields": {"action_time": "2020-06-02T00:24:00.965Z", "user": 2, "content_type": 2, "object_id": "21", "object_repr": "Forms", "action_flag": 2, "change_message": ""}}, {"model": "admin.logentry", "pk": 191, "fields": {"action_time": "2020-06-02T00:25:34.932Z", "user": 2, "content_type": 2, "object_id": "21", "object_repr": "Forms", "action_flag": 2, "change_message": "The en page \"Forms\" was successfully unpublished"}}, {"model": "admin.logentry", "pk": 192, "fields": {"action_time": "2020-06-02T00:25:43.642Z", "user": 2, "content_type": 2, "object_id": "21", "object_repr": "Forms", "action_flag": 2, "change_message": ""}}, {"model": "admin.logentry", "pk": 193, "fields": {"action_time": "2020-06-02T00:25:48.955Z", "user": 2, "content_type": 2, "object_id": "22", "object_repr": "Volunteer", "action_flag": 2, "change_message": ""}}, {"model": "admin.logentry", "pk": 194, "fields": {"action_time": "2020-06-02T00:26:50.417Z", "user": 2, "content_type": 2, "object_id": "22", "object_repr": "Volunteer", "action_flag": 2, "change_message": "[{\"changed\": {\"fields\": [\"xframe_options\"]}}]"}}, {"model": "admin.logentry", "pk": 195, "fields": {"action_time": "2020-06-02T00:26:57.133Z", "user": 2, "content_type": 2, "object_id": "22", "object_repr": "Volunteer", "action_flag": 2, "change_message": ""}}, {"model": "admin.logentry", "pk": 196, "fields": {"action_time": "2020-06-02T00:33:32.535Z", "user": 2, "content_type": 2, "object_id": "21", "object_repr": "Forms", "action_flag": 2, "change_message": ""}}, {"model": "admin.logentry", "pk": 197, "fields": {"action_time": "2020-06-02T01:09:23.506Z", "user": 2, "content_type": 2, "object_id": "28", "object_repr": "Thanks", "action_flag": 1, "change_message": "[{\"added\": {}}]"}}, {"model": "admin.logentry", "pk": 198, "fields": {"action_time": "2020-06-02T01:09:28.170Z", "user": 2, "content_type": 2, "object_id": "28", "object_repr": "Thanks", "action_flag": 2, "change_message": ""}}, {"model": "admin.logentry", "pk": 199, "fields": {"action_time": "2020-06-02T01:10:14.524Z", "user": 2, "content_type": 2, "object_id": "30", "object_repr": "Thanks", "action_flag": 1, "change_message": "[{\"added\": {}}]"}}, {"model": "admin.logentry", "pk": 200, "fields": {"action_time": "2020-06-02T01:10:22.323Z", "user": 2, "content_type": 2, "object_id": "28", "object_repr": "Thanks", "action_flag": 3, "change_message": ""}}, {"model": "admin.logentry", "pk": 201, "fields": {"action_time": "2020-06-02T01:10:27.424Z", "user": 2, "content_type": 2, "object_id": "30", "object_repr": "Thanks", "action_flag": 2, "change_message": ""}}, {"model": "admin.logentry", "pk": 202, "fields": {"action_time": "2020-06-02T01:17:06.208Z", "user": 2, "content_type": 2, "object_id": "1", "object_repr": "Home", "action_flag": 2, "change_message": ""}}, {"model": "admin.logentry", "pk": 203, "fields": {"action_time": "2020-06-02T01:17:14.673Z", "user": 2, "content_type": 2, "object_id": "30", "object_repr": "Thanks", "action_flag": 2, "change_message": ""}}, {"model": "admin.logentry", "pk": 204, "fields": {"action_time": "2020-06-02T01:18:01.715Z", "user": 2, "content_type": 2, "object_id": "21", "object_repr": "Forms", "action_flag": 2, "change_message": ""}}, {"model": "admin.logentry", "pk": 205, "fields": {"action_time": "2020-06-02T01:18:06.823Z", "user": 2, "content_type": 2, "object_id": "30", "object_repr": "Thanks", "action_flag": 2, "change_message": ""}}, {"model": "admin.logentry", "pk": 206, "fields": {"action_time": "2020-06-02T01:51:14.185Z", "user": 2, "content_type": 2, "object_id": "1", "object_repr": "Home", "action_flag": 2, "change_message": ""}}, {"model": "admin.logentry", "pk": 207, "fields": {"action_time": "2020-06-02T01:51:33.435Z", "user": 2, "content_type": 2, "object_id": "1", "object_repr": "Home", "action_flag": 2, "change_message": ""}}, {"model": "admin.logentry", "pk": 208, "fields": {"action_time": "2020-06-02T01:58:57.904Z", "user": 2, "content_type": 75, "object_id": "3", "object_repr": "Volunteer Application: Nicholas Jones", "action_flag": 3, "change_message": ""}}, {"model": "admin.logentry", "pk": 209, "fields": {"action_time": "2020-06-02T01:58:57.925Z", "user": 2, "content_type": 75, "object_id": "2", "object_repr": "Volunteer Application: Nicholas Jones", "action_flag": 3, "change_message": ""}}, {"model": "admin.logentry", "pk": 210, "fields": {"action_time": "2020-06-02T01:58:57.933Z", "user": 2, "content_type": 75, "object_id": "1", "object_repr": "Volunteer Application: Nicholas Jones", "action_flag": 3, "change_message": ""}}, {"model": "admin.logentry", "pk": 211, "fields": {"action_time": "2020-06-02T19:05:24.209Z", "user": 2, "content_type": 2, "object_id": "1", "object_repr": "Home", "action_flag": 2, "change_message": "[{\"changed\": {\"fields\": [\"meta_description\"]}}]"}}, {"model": "admin.logentry", "pk": 212, "fields": {"action_time": "2020-06-02T19:05:27.783Z", "user": 2, "content_type": 2, "object_id": "1", "object_repr": "Home", "action_flag": 2, "change_message": ""}}, {"model": "admin.logentry", "pk": 213, "fields": {"action_time": "2020-06-02T19:07:25.454Z", "user": 2, "content_type": 2, "object_id": "3", "object_repr": "Contact", "action_flag": 2, "change_message": "[{\"changed\": {\"fields\": [\"meta_description\"]}}]"}}, {"model": "admin.logentry", "pk": 214, "fields": {"action_time": "2020-06-02T19:07:28.484Z", "user": 2, "content_type": 2, "object_id": "3", "object_repr": "Contact", "action_flag": 2, "change_message": ""}}, {"model": "admin.logentry", "pk": 215, "fields": {"action_time": "2020-06-02T19:08:04.037Z", "user": 2, "content_type": 2, "object_id": "11", "object_repr": "Social", "action_flag": 2, "change_message": "[{\"changed\": {\"fields\": [\"meta_description\"]}}]"}}, {"model": "admin.logentry", "pk": 216, "fields": {"action_time": "2020-06-02T19:08:06.699Z", "user": 2, "content_type": 2, "object_id": "11", "object_repr": "Social", "action_flag": 2, "change_message": ""}}, {"model": "admin.logentry", "pk": 217, "fields": {"action_time": "2020-06-02T19:08:46.368Z", "user": 2, "content_type": 2, "object_id": "25", "object_repr": "Volunteer", "action_flag": 2, "change_message": "[{\"changed\": {\"fields\": [\"meta_description\"]}}]"}}, {"model": "admin.logentry", "pk": 218, "fields": {"action_time": "2020-06-02T19:09:00.536Z", "user": 2, "content_type": 2, "object_id": "22", "object_repr": "Volunteer", "action_flag": 2, "change_message": "[{\"changed\": {\"fields\": [\"meta_description\"]}}]"}}, {"model": "admin.logentry", "pk": 219, "fields": {"action_time": "2020-06-02T19:09:19.590Z", "user": 2, "content_type": 2, "object_id": "25", "object_repr": "Volunteer", "action_flag": 2, "change_message": ""}}, {"model": "admin.logentry", "pk": 220, "fields": {"action_time": "2020-06-02T19:09:22.052Z", "user": 2, "content_type": 2, "object_id": "22", "object_repr": "Volunteer", "action_flag": 2, "change_message": ""}}, {"model": "admin.logentry", "pk": 221, "fields": {"action_time": "2020-06-11T20:52:18.769Z", "user": 2, "content_type": 2, "object_id": "1", "object_repr": "Home", "action_flag": 2, "change_message": "[{\"changed\": {\"fields\": [\"page_title\"]}}]"}}, {"model": "admin.logentry", "pk": 222, "fields": {"action_time": "2020-06-11T20:54:37.528Z", "user": 2, "content_type": 2, "object_id": "1", "object_repr": "Home", "action_flag": 2, "change_message": "[]"}}, {"model": "admin.logentry", "pk": 223, "fields": {"action_time": "2020-06-11T20:54:49.406Z", "user": 2, "content_type": 2, "object_id": "1", "object_repr": "Home", "action_flag": 2, "change_message": ""}}, {"model": "admin.logentry", "pk": 224, "fields": {"action_time": "2020-06-11T20:57:12.159Z", "user": 2, "content_type": 2, "object_id": "1", "object_repr": "Bridge Hospice: providing excellent hospice care to our patients, and the community.", "action_flag": 2, "change_message": "[{\"changed\": {\"fields\": [\"title\", \"page_title\"]}}]"}}, {"model": "admin.logentry", "pk": 225, "fields": {"action_time": "2020-06-11T20:59:14.427Z", "user": 2, "content_type": 2, "object_id": "1", "object_repr": "Home", "action_flag": 2, "change_message": "[{\"changed\": {\"fields\": [\"title\", \"menu_title\"]}}]"}}, {"model": "admin.logentry", "pk": 226, "fields": {"action_time": "2020-06-11T21:01:08.023Z", "user": 2, "content_type": 2, "object_id": "1", "object_repr": "Home", "action_flag": 2, "change_message": "[{\"changed\": {\"fields\": [\"title\"]}}]"}}, {"model": "admin.logentry", "pk": 227, "fields": {"action_time": "2020-06-11T21:04:13.368Z", "user": 2, "content_type": 2, "object_id": "1", "object_repr": "Home", "action_flag": 2, "change_message": "[{\"changed\": {\"fields\": [\"title\"]}}]"}}, {"model": "admin.logentry", "pk": 228, "fields": {"action_time": "2020-06-11T21:05:17.395Z", "user": 2, "content_type": 2, "object_id": "1", "object_repr": "Home", "action_flag": 2, "change_message": "[{\"changed\": {\"fields\": [\"title\"]}}]"}}, {"model": "admin.logentry", "pk": 229, "fields": {"action_time": "2020-06-11T21:06:36.224Z", "user": 2, "content_type": 2, "object_id": "1", "object_repr": "Home", "action_flag": 2, "change_message": "[{\"changed\": {\"fields\": [\"title\"]}}]"}}, {"model": "admin.logentry", "pk": 230, "fields": {"action_time": "2020-06-11T21:07:12.165Z", "user": 2, "content_type": 2, "object_id": "1", "object_repr": "Home", "action_flag": 2, "change_message": "[{\"changed\": {\"fields\": [\"title\"]}}]"}}, {"model": "admin.logentry", "pk": 231, "fields": {"action_time": "2020-06-11T21:07:36.836Z", "user": 2, "content_type": 2, "object_id": "1", "object_repr": "Home", "action_flag": 2, "change_message": "[{\"changed\": {\"fields\": [\"title\"]}}]"}}, {"model": "admin.logentry", "pk": 232, "fields": {"action_time": "2020-06-11T21:07:45.969Z", "user": 2, "content_type": 2, "object_id": "1", "object_repr": "Bridge Hospice: Uniting the Patient and Family", "action_flag": 2, "change_message": ""}}, {"model": "admin.logentry", "pk": 233, "fields": {"action_time": "2020-06-11T21:08:41.782Z", "user": 2, "content_type": 2, "object_id": "1", "object_repr": "Home", "action_flag": 2, "change_message": "[]"}}, {"model": "admin.logentry", "pk": 234, "fields": {"action_time": "2020-06-11T21:08:49.175Z", "user": 2, "content_type": 2, "object_id": "1", "object_repr": "Bridge Hospice: Uniting the Patient and Family", "action_flag": 2, "change_message": ""}}, {"model": "admin.logentry", "pk": 235, "fields": {"action_time": "2020-06-11T21:15:02.521Z", "user": 2, "content_type": 2, "object_id": "3", "object_repr": "Contact Us - Address, Phone, & Email | Bridge Hospice", "action_flag": 2, "change_message": "[{\"changed\": {\"fields\": [\"title\"]}}]"}}, {"model": "admin.logentry", "pk": 236, "fields": {"action_time": "2020-06-11T21:15:33.355Z", "user": 2, "content_type": 2, "object_id": "3", "object_repr": "Contact", "action_flag": 2, "change_message": "[{\"changed\": {\"fields\": [\"menu_title\"]}}]"}}, {"model": "admin.logentry", "pk": 237, "fields": {"action_time": "2020-06-11T21:15:44.507Z", "user": 2, "content_type": 2, "object_id": "3", "object_repr": "Contact Us - Address, Phone, & Email | Bridge Hospice", "action_flag": 2, "change_message": ""}}, {"model": "admin.logentry", "pk": 238, "fields": {"action_time": "2020-06-11T21:16:12.769Z", "user": 2, "content_type": 2, "object_id": "3", "object_repr": "Contact", "action_flag": 2, "change_message": "[{\"changed\": {\"fields\": [\"page_title\"]}}]"}}, {"model": "admin.logentry", "pk": 239, "fields": {"action_time": "2020-06-11T21:16:31.453Z", "user": 2, "content_type": 2, "object_id": "3", "object_repr": "Contact Us - Address, Phone, & Email | Bridge Hospice", "action_flag": 2, "change_message": ""}}, {"model": "admin.logentry", "pk": 240, "fields": {"action_time": "2020-06-11T21:19:34.664Z", "user": 2, "content_type": 2, "object_id": "11", "object_repr": "Social", "action_flag": 2, "change_message": "[{\"changed\": {\"fields\": [\"title\", \"menu_title\", \"page_title\", \"meta_description\"]}}]"}}, {"model": "admin.logentry", "pk": 241, "fields": {"action_time": "2020-06-11T21:19:57.226Z", "user": 2, "content_type": 2, "object_id": "11", "object_repr": "Social Media - Community Information | Bridge Hospice", "action_flag": 2, "change_message": ""}}, {"model": "admin.logentry", "pk": 242, "fields": {"action_time": "2020-06-11T21:23:06.368Z", "user": 2, "content_type": 2, "object_id": "25", "object_repr": "Volunteer", "action_flag": 2, "change_message": "[{\"changed\": {\"fields\": [\"title\", \"menu_title\", \"page_title\", \"meta_description\"]}}]"}}, {"model": "admin.logentry", "pk": 243, "fields": {"action_time": "2020-06-11T21:24:07.436Z", "user": 2, "content_type": 2, "object_id": "25", "object_repr": "Volunteer", "action_flag": 2, "change_message": "[{\"changed\": {\"fields\": [\"page_title\"]}}]"}}, {"model": "admin.logentry", "pk": 244, "fields": {"action_time": "2020-06-11T21:24:52.719Z", "user": 2, "content_type": 2, "object_id": "25", "object_repr": "Volunteer", "action_flag": 2, "change_message": "[{\"changed\": {\"fields\": [\"page_title\"]}}]"}}, {"model": "admin.logentry", "pk": 245, "fields": {"action_time": "2020-06-11T21:25:10.472Z", "user": 2, "content_type": 2, "object_id": "25", "object_repr": "Volunteer - Community Development | Bridge Hospice", "action_flag": 2, "change_message": ""}}, {"model": "admin.logentry", "pk": 246, "fields": {"action_time": "2020-06-11T21:30:07.070Z", "user": 2, "content_type": 2, "object_id": "7", "object_repr": "Valor", "action_flag": 2, "change_message": "[{\"changed\": {\"fields\": [\"title\", \"menu_title\", \"page_title\", \"meta_description\"]}}]"}}, {"model": "admin.logentry", "pk": 247, "fields": {"action_time": "2020-06-11T21:34:00.451Z", "user": 2, "content_type": 2, "object_id": "8", "object_repr": "Donation", "action_flag": 2, "change_message": "[{\"changed\": {\"fields\": [\"title\", \"menu_title\", \"page_title\", \"meta_description\"]}}]"}}, {"model": "admin.logentry", "pk": 248, "fields": {"action_time": "2020-06-11T21:34:13.809Z", "user": 2, "content_type": 2, "object_id": "5", "object_repr": "Development", "action_flag": 3, "change_message": ""}}, {"model": "admin.logentry", "pk": 249, "fields": {"action_time": "2020-06-11T21:34:29.071Z", "user": 2, "content_type": 2, "object_id": "7", "object_repr": "Valor - Military & Public Safety | Bridge Hospice", "action_flag": 2, "change_message": ""}}, {"model": "admin.logentry", "pk": 250, "fields": {"action_time": "2020-06-11T21:34:32.101Z", "user": 2, "content_type": 2, "object_id": "8", "object_repr": "Donations - Dave's Wish | Bridge Hospice", "action_flag": 2, "change_message": ""}}, {"model": "admin.logentry", "pk": 251, "fields": {"action_time": "2020-06-11T21:35:42.700Z", "user": 2, "content_type": 2, "object_id": "7", "object_repr": "Valor", "action_flag": 2, "change_message": "[{\"changed\": {\"fields\": [\"page_title\"]}}]"}}, {"model": "admin.logentry", "pk": 252, "fields": {"action_time": "2020-06-11T21:36:47.716Z", "user": 2, "content_type": 2, "object_id": "7", "object_repr": "Valor", "action_flag": 2, "change_message": "[{\"changed\": {\"fields\": [\"page_title\"]}}]"}}, {"model": "admin.logentry", "pk": 253, "fields": {"action_time": "2020-06-11T21:37:30.136Z", "user": 2, "content_type": 2, "object_id": "7", "object_repr": "Valor", "action_flag": 2, "change_message": "[{\"changed\": {\"fields\": [\"page_title\"]}}]"}}, {"model": "admin.logentry", "pk": 254, "fields": {"action_time": "2020-06-11T21:38:32.687Z", "user": 2, "content_type": 2, "object_id": "7", "object_repr": "Valor - Military & Public Safety | Bridge Hospice", "action_flag": 2, "change_message": ""}}, {"model": "admin.logentry", "pk": 255, "fields": {"action_time": "2020-06-11T21:42:12.700Z", "user": 2, "content_type": 66, "object_id": "10", "object_repr": "Carousel Script", "action_flag": 1, "change_message": "[{\"added\": {}}]"}}, {"model": "admin.logentry", "pk": 256, "fields": {"action_time": "2020-06-11T21:58:43.143Z", "user": 2, "content_type": 66, "object_id": "10", "object_repr": "Carousel Script", "action_flag": 2, "change_message": "[{\"changed\": {\"fields\": [\"html\"]}}]"}}, {"model": "admin.logentry", "pk": 257, "fields": {"action_time": "2020-06-11T22:00:23.424Z", "user": 2, "content_type": 66, "object_id": "10", "object_repr": "Carousel Script", "action_flag": 2, "change_message": "[{\"changed\": {\"fields\": [\"html\"]}}]"}}, {"model": "admin.logentry", "pk": 258, "fields": {"action_time": "2020-06-11T22:00:56.818Z", "user": 2, "content_type": 24, "object_id": "1852", "object_repr": "test", "action_flag": 3, "change_message": ""}}, {"model": "admin.logentry", "pk": 259, "fields": {"action_time": "2020-06-11T22:01:23.770Z", "user": 2, "content_type": 66, "object_id": "10", "object_repr": "Carousel Script", "action_flag": 2, "change_message": "[]"}}, {"model": "admin.logentry", "pk": 260, "fields": {"action_time": "2020-06-11T22:08:58.587Z", "user": 2, "content_type": 66, "object_id": "10", "object_repr": "Carousel Script", "action_flag": 2, "change_message": "[{\"changed\": {\"fields\": [\"html\"]}}]"}}, {"model": "admin.logentry", "pk": 261, "fields": {"action_time": "2020-06-11T22:13:01.063Z", "user": 2, "content_type": 66, "object_id": "10", "object_repr": "Carousel Script", "action_flag": 2, "change_message": "[{\"changed\": {\"fields\": [\"html\"]}}]"}}, {"model": "admin.logentry", "pk": 262, "fields": {"action_time": "2020-06-11T22:15:39.612Z", "user": 2, "content_type": 66, "object_id": "10", "object_repr": "Carousel Script", "action_flag": 2, "change_message": "[{\"changed\": {\"fields\": [\"html\"]}}]"}}, {"model": "admin.logentry", "pk": 263, "fields": {"action_time": "2020-06-11T22:30:17.416Z", "user": 2, "content_type": 66, "object_id": "10", "object_repr": "Carousel Script", "action_flag": 2, "change_message": "[{\"changed\": {\"fields\": [\"html\"]}}]"}}, {"model": "admin.logentry", "pk": 264, "fields": {"action_time": "2020-06-11T22:38:32.136Z", "user": 2, "content_type": 66, "object_id": "10", "object_repr": "Carousel Script", "action_flag": 2, "change_message": "[{\"changed\": {\"fields\": [\"html\"]}}]"}}, {"model": "admin.logentry", "pk": 265, "fields": {"action_time": "2020-06-11T22:39:14.480Z", "user": 2, "content_type": 66, "object_id": "10", "object_repr": "Carousel Script", "action_flag": 2, "change_message": "[{\"changed\": {\"fields\": [\"html\"]}}]"}}, {"model": "admin.logentry", "pk": 266, "fields": {"action_time": "2020-06-11T22:39:55.296Z", "user": 2, "content_type": 66, "object_id": "10", "object_repr": "Carousel Script", "action_flag": 2, "change_message": "[{\"changed\": {\"fields\": [\"html\"]}}]"}}, {"model": "admin.logentry", "pk": 267, "fields": {"action_time": "2020-06-11T22:46:30.557Z", "user": 2, "content_type": 66, "object_id": "10", "object_repr": "Carousel Script", "action_flag": 2, "change_message": "[{\"changed\": {\"fields\": [\"html\"]}}]"}}, {"model": "admin.logentry", "pk": 268, "fields": {"action_time": "2020-06-11T22:47:27.566Z", "user": 2, "content_type": 66, "object_id": "10", "object_repr": "Carousel Script", "action_flag": 2, "change_message": "[{\"changed\": {\"fields\": [\"html\"]}}]"}}, {"model": "admin.logentry", "pk": 269, "fields": {"action_time": "2020-06-11T22:50:31.791Z", "user": 2, "content_type": 66, "object_id": "10", "object_repr": "Carousel Script", "action_flag": 2, "change_message": "[{\"changed\": {\"fields\": [\"html\"]}}]"}}, {"model": "admin.logentry", "pk": 270, "fields": {"action_time": "2020-06-11T23:08:46.249Z", "user": 2, "content_type": 2, "object_id": "1", "object_repr": "Bridge Hospice: Uniting the Patient and Family", "action_flag": 2, "change_message": ""}}, {"model": "admin.logentry", "pk": 271, "fields": {"action_time": "2020-06-11T23:09:12.600Z", "user": 2, "content_type": 2, "object_id": "25", "object_repr": "Volunteer - Community Development | Bridge Hospice", "action_flag": 2, "change_message": ""}}, {"model": "admin.logentry", "pk": 272, "fields": {"action_time": "2020-06-12T17:57:22.142Z", "user": 2, "content_type": 30, "object_id": "11", "object_repr": "BridgeHospiceLogo.png", "action_flag": 3, "change_message": ""}}, {"model": "admin.logentry", "pk": 273, "fields": {"action_time": "2020-06-12T17:57:24.533Z", "user": 2, "content_type": 30, "object_id": "12", "object_repr": "BridgeHospiceLogo.png", "action_flag": 3, "change_message": ""}}, {"model": "admin.logentry", "pk": 274, "fields": {"action_time": "2020-06-12T17:58:35.698Z", "user": 2, "content_type": 30, "object_id": "13", "object_repr": "BridgeHospiceLogo.png", "action_flag": 2, "change_message": "[{\"changed\": {\"fields\": [\"subject_location\"]}}]"}}, {"model": "admin.logentry", "pk": 275, "fields": {"action_time": "2020-06-12T17:58:50.226Z", "user": 2, "content_type": 2, "object_id": "1", "object_repr": "Bridge Hospice: Uniting the Patient and Family", "action_flag": 2, "change_message": ""}}, {"model": "admin.logentry", "pk": 276, "fields": {"action_time": "2020-06-12T18:35:41.386Z", "user": 2, "content_type": 2, "object_id": "32", "object_repr": "test1", "action_flag": 1, "change_message": "[{\"added\": {}}]"}}, {"model": "admin.logentry", "pk": 277, "fields": {"action_time": "2020-06-12T19:12:10.736Z", "user": 2, "content_type": 30, "object_id": "11", "object_repr": "BridgeHospiceLogo.png", "action_flag": 3, "change_message": ""}}, {"model": "admin.logentry", "pk": 278, "fields": {"action_time": "2020-06-12T19:12:12.946Z", "user": 2, "content_type": 30, "object_id": "12", "object_repr": "BridgeHospiceLogo.png", "action_flag": 3, "change_message": ""}}, {"model": "admin.logentry", "pk": 279, "fields": {"action_time": "2020-06-12T19:13:32.723Z", "user": 2, "content_type": 2, "object_id": "1", "object_repr": "Bridge Hospice: Uniting the Patient and Family", "action_flag": 2, "change_message": ""}}, {"model": "admin.logentry", "pk": 280, "fields": {"action_time": "2020-06-12T19:22:45.612Z", "user": 2, "content_type": 2, "object_id": "32", "object_repr": "test1", "action_flag": 2, "change_message": ""}}, {"model": "admin.logentry", "pk": 281, "fields": {"action_time": "2020-06-12T20:30:41.199Z", "user": 2, "content_type": 2, "object_id": "34", "object_repr": "test2", "action_flag": 1, "change_message": "[{\"added\": {}}]"}}, {"model": "admin.logentry", "pk": 282, "fields": {"action_time": "2020-06-12T20:30:53.182Z", "user": 2, "content_type": 2, "object_id": "35", "object_repr": "test7", "action_flag": 1, "change_message": "[{\"added\": {}}]"}}, {"model": "admin.logentry", "pk": 283, "fields": {"action_time": "2020-06-12T21:30:00.137Z", "user": 2, "content_type": 2, "object_id": "32", "object_repr": "test1", "action_flag": 3, "change_message": ""}}, {"model": "admin.logentry", "pk": 284, "fields": {"action_time": "2020-06-12T21:30:29.897Z", "user": 2, "content_type": 2, "object_id": "34", "object_repr": "test2", "action_flag": 3, "change_message": ""}}, {"model": "admin.logentry", "pk": 285, "fields": {"action_time": "2020-06-12T21:40:21.166Z", "user": 2, "content_type": 2, "object_id": "22", "object_repr": "Application", "action_flag": 2, "change_message": "[{\"changed\": {\"fields\": [\"title\", \"slug\"]}}]"}}, {"model": "admin.logentry", "pk": 286, "fields": {"action_time": "2020-06-12T21:40:33.267Z", "user": 2, "content_type": 2, "object_id": "22", "object_repr": "Application", "action_flag": 2, "change_message": ""}}, {"model": "admin.logentry", "pk": 287, "fields": {"action_time": "2020-06-12T21:42:19.374Z", "user": 2, "content_type": 2, "object_id": "22", "object_repr": "Volunteer", "action_flag": 2, "change_message": "[{\"changed\": {\"fields\": [\"title\", \"slug\"]}}]"}}, {"model": "admin.logentry", "pk": 288, "fields": {"action_time": "2020-06-12T21:43:19.078Z", "user": 2, "content_type": 2, "object_id": "22", "object_repr": "Volunteer", "action_flag": 2, "change_message": ""}}, {"model": "admin.logentry", "pk": 289, "fields": {"action_time": "2020-06-12T21:46:34.769Z", "user": 2, "content_type": 2, "object_id": "7", "object_repr": "Valor - Military & Public Safety | Bridge Hospice", "action_flag": 2, "change_message": ""}}, {"model": "admin.logentry", "pk": 290, "fields": {"action_time": "2020-06-12T21:46:45.024Z", "user": 2, "content_type": 2, "object_id": "8", "object_repr": "Donations - Dave's Wish | Bridge Hospice", "action_flag": 2, "change_message": ""}}, {"model": "admin.logentry", "pk": 291, "fields": {"action_time": "2020-06-12T23:11:01.941Z", "user": 2, "content_type": 2, "object_id": "3", "object_repr": "Contact Us - Address, Phone, & Email | Bridge Hospice", "action_flag": 2, "change_message": ""}}, {"model": "admin.logentry", "pk": 292, "fields": {"action_time": "2020-06-12T23:27:48.917Z", "user": 2, "content_type": 66, "object_id": "11", "object_repr": "Hand Medical Normal", "action_flag": 1, "change_message": "[{\"added\": {}}]"}}, {"model": "admin.logentry", "pk": 293, "fields": {"action_time": "2020-06-12T23:45:57.685Z", "user": 2, "content_type": 2, "object_id": "1", "object_repr": "Bridge Hospice: Uniting the Patient and Family", "action_flag": 2, "change_message": ""}}, {"model": "admin.logentry", "pk": 294, "fields": {"action_time": "2020-06-12T23:46:02.660Z", "user": 2, "content_type": 2, "object_id": "25", "object_repr": "Volunteer - Community Development | Bridge Hospice", "action_flag": 2, "change_message": ""}}, {"model": "admin.logentry", "pk": 295, "fields": {"action_time": "2020-06-12T23:47:13.068Z", "user": 2, "content_type": 66, "object_id": "8", "object_repr": "twitter feed", "action_flag": 2, "change_message": "[{\"changed\": {\"fields\": [\"html\"]}}]"}}, {"model": "admin.logentry", "pk": 296, "fields": {"action_time": "2020-06-12T23:47:29.690Z", "user": 2, "content_type": 66, "object_id": "8", "object_repr": "twitter feed", "action_flag": 2, "change_message": "[{\"changed\": {\"fields\": [\"html\"]}}]"}}, {"model": "admin.logentry", "pk": 297, "fields": {"action_time": "2020-06-12T23:47:55.560Z", "user": 2, "content_type": 66, "object_id": "6", "object_repr": "Facebook Feed", "action_flag": 2, "change_message": "[{\"changed\": {\"fields\": [\"html\"]}}]"}}, {"model": "admin.logentry", "pk": 298, "fields": {"action_time": "2020-06-12T23:48:21.307Z", "user": 2, "content_type": 66, "object_id": "9", "object_repr": "instagram feed", "action_flag": 2, "change_message": "[{\"changed\": {\"fields\": [\"html\"]}}]"}}, {"model": "admin.logentry", "pk": 299, "fields": {"action_time": "2020-06-12T23:49:14.169Z", "user": 2, "content_type": 2, "object_id": "11", "object_repr": "Social Media - Community Information | Bridge Hospice", "action_flag": 2, "change_message": ""}}, {"model": "cms.usersettings", "pk": 2, "fields": {"user": 2, "language": "en", "clipboard": 12}}, {"model": "cms.usersettings", "pk": 3, "fields": {"user": 3, "language": "en", "clipboard": 13}}, {"model": "cms.usersettings", "pk": 4, "fields": {"user": 4, "language": "en", "clipboard": 58}}, {"model": "cms.pageuser", "pk": 3, "fields": {"created_by": 2, "groups": [], "user_permissions": []}}, {"model": "cms.pageuser", "pk": 4, "fields": {"created_by": 2, "groups": [1], "user_permissions": []}}, {"model": "cms.pageusergroup", "pk": 1, "fields": {"created_by": 2, "permissions": [10, 6, 14, 293, 294, 295, 296]}}, {"model": "filer.file", "pk": 1, "fields": {"polymorphic_ctype": 30, "folder": null, "file": "filer_public/4b/e8/4be8120d-23c8-4abe-ad9c-8ec90c76c495/home01.jpg", "_file_size": 4335358, "sha1": "d9e82500dd669151b1e5abad5d77026b73980631", "has_all_mandatory_data": false, "original_filename": "Home01.jpg", "name": "", "description": null, "owner": null, "uploaded_at": "2020-05-16T08:33:45.926Z", "modified_at": "2020-05-16T08:33:45.926Z", "is_public": true}}, {"model": "filer.file", "pk": 2, "fields": {"polymorphic_ctype": 30, "folder": null, "file": "filer_public/7c/9f/7c9fb8b1-feda-4c6b-b2c4-9aa3735c2813/home05.jpg", "_file_size": 4171782, "sha1": "c2321c2d9e9e1cd7559d9c7e9c8cda896ff77bb5", "has_all_mandatory_data": false, "original_filename": "Home05.jpg", "name": "", "description": null, "owner": null, "uploaded_at": "2020-05-16T08:45:35.749Z", "modified_at": "2020-05-16T08:45:35.749Z", "is_public": true}}, {"model": "filer.file", "pk": 3, "fields": {"polymorphic_ctype": 30, "folder": null, "file": "filer_public/08/bc/08bca602-c1fb-4583-bf70-717f1cb6662f/home03.jpg", "_file_size": 4496431, "sha1": "fe9aa49432b3b263e21f2754267576803685a1bb", "has_all_mandatory_data": false, "original_filename": "Home03.jpg", "name": "", "description": null, "owner": null, "uploaded_at": "2020-05-16T08:45:35.758Z", "modified_at": "2020-05-16T08:45:35.758Z", "is_public": true}}, {"model": "filer.file", "pk": 4, "fields": {"polymorphic_ctype": 30, "folder": null, "file": "filer_public/ba/51/ba5148d6-b923-4457-b236-8057e63497b5/home04.jpg", "_file_size": 7212136, "sha1": "4a6787ed7699727974ca50f0254de8fd7ea299ad", "has_all_mandatory_data": false, "original_filename": "Home04.jpg", "name": "", "description": null, "owner": null, "uploaded_at": "2020-05-16T08:45:35.790Z", "modified_at": "2020-05-16T08:45:35.790Z", "is_public": true}}, {"model": "filer.file", "pk": 5, "fields": {"polymorphic_ctype": 30, "folder": null, "file": "filer_public/2e/94/2e94ad5d-04af-4575-b0e0-d4f93e73d748/home02.jpg", "_file_size": 2969491, "sha1": "3155f9360845e17ccb20757449aab37cdf86d69d", "has_all_mandatory_data": false, "original_filename": "Home02.jpg", "name": "", "description": null, "owner": null, "uploaded_at": "2020-05-16T08:45:48.691Z", "modified_at": "2020-05-16T08:45:48.691Z", "is_public": true}}, {"model": "filer.file", "pk": 6, "fields": {"polymorphic_ctype": 30, "folder": null, "file": "filer_public/6f/cb/6fcbaba0-1ba6-4968-bb59-687768f49bd6/valor.png", "_file_size": 29184, "sha1": "00099b615f68c6459b985100a579419320efeac6", "has_all_mandatory_data": false, "original_filename": "Valor.png", "name": "", "description": null, "owner": null, "uploaded_at": "2020-05-16T11:21:31.900Z", "modified_at": "2020-05-16T11:21:31.900Z", "is_public": true}}, {"model": "filer.file", "pk": 7, "fields": {"polymorphic_ctype": 30, "folder": null, "file": "filer_public/c1/3f/c13fd1e5-72d8-490b-bb70-31b8e6113a08/daveswish.png", "_file_size": 29831, "sha1": "b74b3e3b2866044320891864ec4f5349209a3645", "has_all_mandatory_data": false, "original_filename": "DavesWish.png", "name": "", "description": null, "owner": null, "uploaded_at": "2020-05-16T11:31:03.064Z", "modified_at": "2020-05-16T11:31:03.064Z", "is_public": true}}, {"model": "filer.file", "pk": 10, "fields": {"polymorphic_ctype": 30, "folder": null, "file": "filer_public/2f/89/2f89e80b-63e6-4bce-b0ce-1e0fbab2ffde/comingsoon.png", "_file_size": 110254, "sha1": "126671a47ce88580bec8c1f384912b0b2e425d62", "has_all_mandatory_data": false, "original_filename": "comingsoon.png", "name": "", "description": null, "owner": 2, "uploaded_at": "2020-05-21T04:22:30.766Z", "modified_at": "2020-05-21T04:22:30.766Z", "is_public": true}}, {"model": "filer.file", "pk": 13, "fields": {"polymorphic_ctype": 30, "folder": null, "file": "filer_public/12/e7/12e728b2-0b6c-496e-80bf-84485706c5ae/bridgehospicelogo.png", "_file_size": 52180, "sha1": "cade476d711b3411da1286c71af7031386a63df8", "has_all_mandatory_data": false, "original_filename": "BridgeHospiceLogo.png", "name": "", "description": "", "owner": 2, "uploaded_at": "2020-06-12T17:58:05.082Z", "modified_at": "2020-06-12T17:58:35.697Z", "is_public": true}}, {"model": "filer.clipboard", "pk": 2, "fields": {"user": 2}}, {"model": "filer.image", "pk": 1, "fields": {"_height": 2389, "_width": 3579, "default_alt_text": null, "default_caption": null, "subject_location": "", "date_taken": "2020-05-16T08:33:45.916Z", "author": null, "must_always_publish_author_credit": false, "must_always_publish_copyright": false}}, {"model": "filer.image", "pk": 2, "fields": {"_height": 1872, "_width": 2808, "default_alt_text": null, "default_caption": null, "subject_location": "", "date_taken": "2020-05-16T08:45:35.725Z", "author": null, "must_always_publish_author_credit": false, "must_always_publish_copyright": false}}, {"model": "filer.image", "pk": 3, "fields": {"_height": 2510, "_width": 3760, "default_alt_text": null, "default_caption": null, "subject_location": "", "date_taken": "2020-05-16T08:45:35.727Z", "author": null, "must_always_publish_author_credit": false, "must_always_publish_copyright": false}}, {"model": "filer.image", "pk": 4, "fields": {"_height": 3070, "_width": 4600, "default_alt_text": null, "default_caption": null, "subject_location": "", "date_taken": "2020-05-16T08:45:35.775Z", "author": null, "must_always_publish_author_credit": false, "must_always_publish_copyright": false}}, {"model": "filer.image", "pk": 5, "fields": {"_height": 1728, "_width": 2592, "default_alt_text": null, "default_caption": null, "subject_location": "", "date_taken": "2020-05-16T08:45:48.687Z", "author": null, "must_always_publish_author_credit": false, "must_always_publish_copyright": false}}, {"model": "filer.image", "pk": 6, "fields": {"_height": 179, "_width": 181, "default_alt_text": null, "default_caption": null, "subject_location": "", "date_taken": "2020-05-16T11:21:31.897Z", "author": null, "must_always_publish_author_credit": false, "must_always_publish_copyright": false}}, {"model": "filer.image", "pk": 7, "fields": {"_height": 230, "_width": 507, "default_alt_text": null, "default_caption": null, "subject_location": "", "date_taken": "2020-05-16T11:31:03.060Z", "author": null, "must_always_publish_author_credit": false, "must_always_publish_copyright": false}}, {"model": "filer.image", "pk": 10, "fields": {"_height": 540, "_width": 960, "default_alt_text": null, "default_caption": null, "subject_location": "", "date_taken": "2020-05-21T04:22:30.763Z", "author": null, "must_always_publish_author_credit": false, "must_always_publish_copyright": false}}, {"model": "filer.image", "pk": 13, "fields": {"_height": 370, "_width": 391, "default_alt_text": null, "default_caption": null, "subject_location": "196,185", "date_taken": "2020-06-12T17:58:05.080Z", "author": null, "must_always_publish_author_credit": false, "must_always_publish_copyright": false}}]