[
{
    "model": "auth.user",
    "fields": {
        "password": "pbkdf2_sha256$150000$uV6qVsE6GJ06$aGgq/2kwDaP84H6gOJlEEyAFpbslJn1XJfp05i3zvj4=",
        "last_login": "2020-06-17T05:39:55.425Z",
        "is_superuser": true,
        "username": "webmaster",
        "first_name": "Nicholas",
        "last_name": "Jones",
        "email": "webmaster@bridge-hospice.com",
        "is_staff": true,
        "is_active": true,
        "date_joined": "2020-05-18T07:10:42Z",
        "groups": [],
        "user_permissions": []
    }
},
{
    "model": "sessions.session",
    "pk": "1tr5lyx17b5x7simr73dibps0k6cmaqx",
    "fields": {
        "session_data": "MWFhNmIxNDg2ZTkxMjRiMDM1Mjg5ZjU0ZjAwZWY5ZDk0NWNhMzY2NDp7ImNtc190b29sYmFyX2Rpc2FibGVkIjpmYWxzZSwiY21zX2VkaXQiOmZhbHNlLCJjbXNfcHJldmlldyI6dHJ1ZSwiX2F1dGhfdXNlcl9pZCI6IjIiLCJfYXV0aF91c2VyX2JhY2tlbmQiOiJkamFuZ28uY29udHJpYi5hdXRoLmJhY2tlbmRzLk1vZGVsQmFja2VuZCIsIl9hdXRoX3VzZXJfaGFzaCI6ImUzM2IzNGRkOTdjYTEwZTMyZDk2YmFjNGRhYjI3NjQ0YTMyMzQ2MzIifQ==",
        "expire_date": "2020-06-14T21:06:07.802Z"
    }
},
{
    "model": "sessions.session",
    "pk": "2ulxs0v5a5n5l6gmdmeutgiox30lz7ax",
    "fields": {
        "session_data": "ZGVjYmZkZmQ2ZjQyNDQxNjJmMDFkZTkzYTc5ODJkNGNmZWU5ZjNkOTp7ImNtc190b29sYmFyX2Rpc2FibGVkIjpmYWxzZSwiY21zX2VkaXQiOnRydWUsImNtc19wcmV2aWV3IjpmYWxzZX0=",
        "expire_date": "2020-06-05T15:59:38.947Z"
    }
},
{
    "model": "sessions.session",
    "pk": "3n7m8zdwi2o333uyi3jts018ata9wijs",
    "fields": {
        "session_data": "YzRhMTZlNzdlZWYxNjQ4NWY1NjYyYmU5YmQ5ODRjYWZiYjNiMDI1MTp7Il9hdXRoX3VzZXJfaWQiOiIxIiwiX2F1dGhfdXNlcl9iYWNrZW5kIjoiZGphbmdvLmNvbnRyaWIuYXV0aC5iYWNrZW5kcy5Nb2RlbEJhY2tlbmQiLCJfYXV0aF91c2VyX2hhc2giOiI1ZWQ1ZjI3NjNjMzJjYTg4MDJhNWU1YmQwZjlmNWIzOTliNTRhMTRlIiwiY21zX3Rvb2xiYXJfZGlzYWJsZWQiOmZhbHNlLCJjbXNfZWRpdCI6ZmFsc2UsImNtc19wcmV2aWV3Ijp0cnVlLCJ3aXphcmRfd2l6YXJkX2NyZWF0ZV92aWV3Ijp7InN0ZXAiOm51bGwsInN0ZXBfZGF0YSI6e30sInN0ZXBfZmlsZXMiOnt9LCJleHRyYV9kYXRhIjp7fX0sImZpbGVyX2xhc3RfZm9sZGVyX2lkIjpudWxsfQ==",
        "expire_date": "2020-05-30T11:47:06.092Z"
    }
},
{
    "model": "sessions.session",
    "pk": "8b1bergvc34spujj1xsv5rk1wakvhu4y",
    "fields": {
        "session_data": "MmYxZjI3MmY2ZDM4YWExZTUxMDJiNzU2OWUxN2JjMmNmZGM0NzFkYTp7ImNtc190b29sYmFyX2Rpc2FibGVkIjpmYWxzZSwiY21zX2VkaXQiOmZhbHNlLCJjbXNfcHJldmlldyI6dHJ1ZSwiX2F1dGhfdXNlcl9pZCI6IjIiLCJfYXV0aF91c2VyX2JhY2tlbmQiOiJkamFuZ28uY29udHJpYi5hdXRoLmJhY2tlbmRzLk1vZGVsQmFja2VuZCIsIl9hdXRoX3VzZXJfaGFzaCI6ImUzM2IzNGRkOTdjYTEwZTMyZDk2YmFjNGRhYjI3NjQ0YTMyMzQ2MzIiLCJmaWxlcl9sYXN0X2ZvbGRlcl9pZCI6bnVsbH0=",
        "expire_date": "2020-06-02T23:18:26.215Z"
    }
},
{
    "model": "sessions.session",
    "pk": "8bxu7otj46lvmijs4zq8g24yfjdpzct7",
    "fields": {
        "session_data": "ZGVjYmZkZmQ2ZjQyNDQxNjJmMDFkZTkzYTc5ODJkNGNmZWU5ZjNkOTp7ImNtc190b29sYmFyX2Rpc2FibGVkIjpmYWxzZSwiY21zX2VkaXQiOnRydWUsImNtc19wcmV2aWV3IjpmYWxzZX0=",
        "expire_date": "2020-06-14T17:27:50.434Z"
    }
},
{
    "model": "sessions.session",
    "pk": "8jek412dm5vpvlj93pdnfac99wl3q8vk",
    "fields": {
        "session_data": "YmRlYWZmY2Y2YWE4M2ZiZDIxNzZhNTA3ZjNjMjlkYzI1OWEzYThmZTp7ImNtc190b29sYmFyX2Rpc2FibGVkIjpmYWxzZSwiY21zX2VkaXQiOnRydWUsImNtc19wcmV2aWV3IjpmYWxzZSwiX2F1dGhfdXNlcl9pZCI6IjIiLCJfYXV0aF91c2VyX2JhY2tlbmQiOiJkamFuZ28uY29udHJpYi5hdXRoLmJhY2tlbmRzLk1vZGVsQmFja2VuZCIsIl9hdXRoX3VzZXJfaGFzaCI6ImUzM2IzNGRkOTdjYTEwZTMyZDk2YmFjNGRhYjI3NjQ0YTMyMzQ2MzIifQ==",
        "expire_date": "2020-07-01T05:41:06.688Z"
    }
},
{
    "model": "sessions.session",
    "pk": "9m4lk262xxsjxootk6f4wwyqnmuroxgk",
    "fields": {
        "session_data": "ZDAxMzEzYTg5ZTk5YzNiNWViODNkMDU3YTlhNTRiYzM1Yjg1N2FlYzp7ImNtc190b29sYmFyX2Rpc2FibGVkIjpmYWxzZSwiY21zX2VkaXQiOnRydWUsImNtc19wcmV2aWV3IjpmYWxzZSwiX2F1dGhfdXNlcl9pZCI6IjIiLCJfYXV0aF91c2VyX2JhY2tlbmQiOiJkamFuZ28uY29udHJpYi5hdXRoLmJhY2tlbmRzLk1vZGVsQmFja2VuZCIsIl9hdXRoX3VzZXJfaGFzaCI6ImUzM2IzNGRkOTdjYTEwZTMyZDk2YmFjNGRhYjI3NjQ0YTMyMzQ2MzIiLCJmaWxlcl9sYXN0X2ZvbGRlcl9pZCI6bnVsbH0=",
        "expire_date": "2020-06-14T17:10:12.292Z"
    }
},
{
    "model": "sessions.session",
    "pk": "bku3c786tt09ec5yn28p0slc5dvekb6w",
    "fields": {
        "session_data": "YTVhNTFhYmIwZjhiNzAwMzQ5MzA5MGU4N2U1MzgwNWJkODgwM2UzYzp7Il9hdXRoX3VzZXJfaWQiOiI0IiwiX2F1dGhfdXNlcl9iYWNrZW5kIjoiZGphbmdvLmNvbnRyaWIuYXV0aC5iYWNrZW5kcy5Nb2RlbEJhY2tlbmQiLCJfYXV0aF91c2VyX2hhc2giOiI3ZTZmMjI5MGI5M2Y0ZDIwYjcyZWZkMDdkZjQ1OTQ3YzQyNGJmN2NhIn0=",
        "expire_date": "2020-06-14T22:11:30.824Z"
    }
},
{
    "model": "sessions.session",
    "pk": "i9jnahykyuced64hma652p9frbws70yi",
    "fields": {
        "session_data": "MmFiMTBhOWZlMGM5ODExM2MxNDQ2NTE0Zjk3MzQ2ZTEwOWI3ZWIzZTp7ImNtc19lZGl0IjpmYWxzZX0=",
        "expire_date": "2020-07-01T05:31:40.268Z"
    }
},
{
    "model": "sessions.session",
    "pk": "j69buiwatf3dxk9mmmeks30y67i9749t",
    "fields": {
        "session_data": "MTYyMjA3MzEzYjVmZTdmYjUxY2Y5YzExYTAyMjg1YzBmMjhjMmQxMzp7fQ==",
        "expire_date": "2020-07-01T03:47:18.278Z"
    }
},
{
    "model": "sessions.session",
    "pk": "jgxt968tbxstm7q1x6iwxohhygdg0p1u",
    "fields": {
        "session_data": "YmRlYWZmY2Y2YWE4M2ZiZDIxNzZhNTA3ZjNjMjlkYzI1OWEzYThmZTp7ImNtc190b29sYmFyX2Rpc2FibGVkIjpmYWxzZSwiY21zX2VkaXQiOnRydWUsImNtc19wcmV2aWV3IjpmYWxzZSwiX2F1dGhfdXNlcl9pZCI6IjIiLCJfYXV0aF91c2VyX2JhY2tlbmQiOiJkamFuZ28uY29udHJpYi5hdXRoLmJhY2tlbmRzLk1vZGVsQmFja2VuZCIsIl9hdXRoX3VzZXJfaGFzaCI6ImUzM2IzNGRkOTdjYTEwZTMyZDk2YmFjNGRhYjI3NjQ0YTMyMzQ2MzIifQ==",
        "expire_date": "2020-06-27T02:03:28.794Z"
    }
},
{
    "model": "sessions.session",
    "pk": "kotrscu82u20vie08qyn751c9td6tn9n",
    "fields": {
        "session_data": "ZGVjYmZkZmQ2ZjQyNDQxNjJmMDFkZTkzYTc5ODJkNGNmZWU5ZjNkOTp7ImNtc190b29sYmFyX2Rpc2FibGVkIjpmYWxzZSwiY21zX2VkaXQiOnRydWUsImNtc19wcmV2aWV3IjpmYWxzZX0=",
        "expire_date": "2020-06-01T03:01:10.407Z"
    }
},
{
    "model": "sessions.session",
    "pk": "plkcgvgi9nzyxjt94zwm098f1se1hfh3",
    "fields": {
        "session_data": "ZGVjYmZkZmQ2ZjQyNDQxNjJmMDFkZTkzYTc5ODJkNGNmZWU5ZjNkOTp7ImNtc190b29sYmFyX2Rpc2FibGVkIjpmYWxzZSwiY21zX2VkaXQiOnRydWUsImNtc19wcmV2aWV3IjpmYWxzZX0=",
        "expire_date": "2020-06-14T21:19:20.711Z"
    }
},
{
    "model": "sessions.session",
    "pk": "vcjbauihhs4hjd0ryxqymi3dzznguj7e",
    "fields": {
        "session_data": "ZGVjYmZkZmQ2ZjQyNDQxNjJmMDFkZTkzYTc5ODJkNGNmZWU5ZjNkOTp7ImNtc190b29sYmFyX2Rpc2FibGVkIjpmYWxzZSwiY21zX2VkaXQiOnRydWUsImNtc19wcmV2aWV3IjpmYWxzZX0=",
        "expire_date": "2020-06-05T15:18:57.729Z"
    }
},
{
    "model": "sessions.session",
    "pk": "vls2ogqc4rz5vjn9gyn2o17gfmp7wzy6",
    "fields": {
        "session_data": "ZGVjYmZkZmQ2ZjQyNDQxNjJmMDFkZTkzYTc5ODJkNGNmZWU5ZjNkOTp7ImNtc190b29sYmFyX2Rpc2FibGVkIjpmYWxzZSwiY21zX2VkaXQiOnRydWUsImNtc19wcmV2aWV3IjpmYWxzZX0=",
        "expire_date": "2020-06-13T02:06:18.147Z"
    }
},
{
    "model": "sessions.session",
    "pk": "wj0gyj4den010d6mq27hmpj4gmmjj3bl",
    "fields": {
        "session_data": "NjAzZjA1MTcwZjNlNWZjNmMwNWZiNWE5NWJhNGU1Zjc5ZjU0ZjVjNDp7ImNtc19lZGl0IjpmYWxzZSwiY21zX3ByZXZpZXciOnRydWUsImNtc190b29sYmFyX2Rpc2FibGVkIjpmYWxzZSwiX2F1dGhfdXNlcl9pZCI6IjEiLCJfYXV0aF91c2VyX2JhY2tlbmQiOiJkamFuZ28uY29udHJpYi5hdXRoLmJhY2tlbmRzLk1vZGVsQmFja2VuZCIsIl9hdXRoX3VzZXJfaGFzaCI6ImZkNDQ2OWExZTk4YmZiMjE0ZDg2MzNkODVjZGE5ZGNlYjFhZDM0N2QifQ==",
        "expire_date": "2020-06-01T06:20:41.359Z"
    }
},
{
    "model": "sessions.session",
    "pk": "xgkbqt01vbhdz93niz6ds58sgajvvekk",
    "fields": {
        "session_data": "MmYxZjI3MmY2ZDM4YWExZTUxMDJiNzU2OWUxN2JjMmNmZGM0NzFkYTp7ImNtc190b29sYmFyX2Rpc2FibGVkIjpmYWxzZSwiY21zX2VkaXQiOmZhbHNlLCJjbXNfcHJldmlldyI6dHJ1ZSwiX2F1dGhfdXNlcl9pZCI6IjIiLCJfYXV0aF91c2VyX2JhY2tlbmQiOiJkamFuZ28uY29udHJpYi5hdXRoLmJhY2tlbmRzLk1vZGVsQmFja2VuZCIsIl9hdXRoX3VzZXJfaGFzaCI6ImUzM2IzNGRkOTdjYTEwZTMyZDk2YmFjNGRhYjI3NjQ0YTMyMzQ2MzIiLCJmaWxlcl9sYXN0X2ZvbGRlcl9pZCI6bnVsbH0=",
        "expire_date": "2020-06-27T04:35:06.593Z"
    }
},
{
    "model": "sessions.session",
    "pk": "xwcr1u9ejrs2l8yr1q7l7d27xxos9q4y",
    "fields": {
        "session_data": "YmRlYWZmY2Y2YWE4M2ZiZDIxNzZhNTA3ZjNjMjlkYzI1OWEzYThmZTp7ImNtc190b29sYmFyX2Rpc2FibGVkIjpmYWxzZSwiY21zX2VkaXQiOnRydWUsImNtc19wcmV2aWV3IjpmYWxzZSwiX2F1dGhfdXNlcl9pZCI6IjIiLCJfYXV0aF91c2VyX2JhY2tlbmQiOiJkamFuZ28uY29udHJpYi5hdXRoLmJhY2tlbmRzLk1vZGVsQmFja2VuZCIsIl9hdXRoX3VzZXJfaGFzaCI6ImUzM2IzNGRkOTdjYTEwZTMyZDk2YmFjNGRhYjI3NjQ0YTMyMzQ2MzIifQ==",
        "expire_date": "2020-06-14T17:52:30.780Z"
    }
},
{
    "model": "sessions.session",
    "pk": "z2sxkxg6g7elpu7ue7pe2pmf6flza8qx",
    "fields": {
        "session_data": "ZGVjYmZkZmQ2ZjQyNDQxNjJmMDFkZTkzYTc5ODJkNGNmZWU5ZjNkOTp7ImNtc190b29sYmFyX2Rpc2FibGVkIjpmYWxzZSwiY21zX2VkaXQiOnRydWUsImNtc19wcmV2aWV3IjpmYWxzZX0=",
        "expire_date": "2020-07-01T05:24:39.373Z"
    }
},
{
    "model": "admin.logentry",
    "pk": 47,
    "fields": {
        "action_time": "2020-05-18T07:11:13.924Z",
        "user": [
            "webmaster"
        ],
        "content_type": [
            "auth",
            "user"
        ],
        "object_id": "1",
        "object_repr": "admin",
        "action_flag": 3,
        "change_message": ""
    }
},
{
    "model": "admin.logentry",
    "pk": 48,
    "fields": {
        "action_time": "2020-05-18T07:11:42.575Z",
        "user": [
            "webmaster"
        ],
        "content_type": [
            "auth",
            "user"
        ],
        "object_id": "3",
        "object_repr": "kasey_cox",
        "action_flag": 1,
        "change_message": "[{\"added\": {}}]"
    }
},
{
    "model": "admin.logentry",
    "pk": 49,
    "fields": {
        "action_time": "2020-05-18T07:11:49.351Z",
        "user": [
            "webmaster"
        ],
        "content_type": [
            "auth",
            "user"
        ],
        "object_id": "3",
        "object_repr": "kasey_cox",
        "action_flag": 2,
        "change_message": "[{\"changed\": {\"fields\": [\"is_staff\", \"is_superuser\"]}}]"
    }
},
{
    "model": "admin.logentry",
    "pk": 50,
    "fields": {
        "action_time": "2020-05-19T02:46:41.028Z",
        "user": [
            "webmaster"
        ],
        "content_type": [
            "bootstrap4_grid",
            "bootstrap4gridcontainer"
        ],
        "object_id": "427",
        "object_repr": "427",
        "action_flag": 3,
        "change_message": ""
    }
},
{
    "model": "admin.logentry",
    "pk": 51,
    "fields": {
        "action_time": "2020-05-19T02:48:48.934Z",
        "user": [
            "webmaster"
        ],
        "content_type": [
            "cms",
            "page"
        ],
        "object_id": "1",
        "object_repr": "Home",
        "action_flag": 2,
        "change_message": ""
    }
},
{
    "model": "admin.logentry",
    "pk": 52,
    "fields": {
        "action_time": "2020-05-19T02:51:46.181Z",
        "user": [
            "webmaster"
        ],
        "content_type": [
            "cms",
            "page"
        ],
        "object_id": "3",
        "object_repr": "Contact Us",
        "action_flag": 2,
        "change_message": ""
    }
},
{
    "model": "admin.logentry",
    "pk": 53,
    "fields": {
        "action_time": "2020-05-19T02:54:18.501Z",
        "user": [
            "webmaster"
        ],
        "content_type": [
            "cms",
            "page"
        ],
        "object_id": "3",
        "object_repr": "Contact Us",
        "action_flag": 2,
        "change_message": ""
    }
},
{
    "model": "admin.logentry",
    "pk": 54,
    "fields": {
        "action_time": "2020-05-19T02:56:06.100Z",
        "user": [
            "webmaster"
        ],
        "content_type": [
            "cms",
            "page"
        ],
        "object_id": "3",
        "object_repr": "Contact Us",
        "action_flag": 2,
        "change_message": ""
    }
},
{
    "model": "admin.logentry",
    "pk": 55,
    "fields": {
        "action_time": "2020-05-19T21:20:57.722Z",
        "user": [
            "webmaster"
        ],
        "content_type": [
            "djangocms_snippet",
            "snippetptr"
        ],
        "object_id": "12",
        "object_repr": "Home Page Banner",
        "action_flag": 3,
        "change_message": ""
    }
},
{
    "model": "admin.logentry",
    "pk": 56,
    "fields": {
        "action_time": "2020-05-19T21:22:19.181Z",
        "user": [
            "webmaster"
        ],
        "content_type": [
            "cms",
            "page"
        ],
        "object_id": "1",
        "object_repr": "Home",
        "action_flag": 2,
        "change_message": ""
    }
},
{
    "model": "admin.logentry",
    "pk": 57,
    "fields": {
        "action_time": "2020-05-19T21:52:51.738Z",
        "user": [
            "webmaster"
        ],
        "content_type": [
            "bootstrap4_grid",
            "bootstrap4gridcolumn"
        ],
        "object_id": "552",
        "object_repr": "552",
        "action_flag": 3,
        "change_message": ""
    }
},
{
    "model": "admin.logentry",
    "pk": 58,
    "fields": {
        "action_time": "2020-05-19T21:52:57.929Z",
        "user": [
            "webmaster"
        ],
        "content_type": [
            "bootstrap4_grid",
            "bootstrap4gridcolumn"
        ],
        "object_id": "553",
        "object_repr": "553",
        "action_flag": 3,
        "change_message": ""
    }
},
{
    "model": "admin.logentry",
    "pk": 59,
    "fields": {
        "action_time": "2020-05-19T21:56:22.202Z",
        "user": [
            "webmaster"
        ],
        "content_type": [
            "djangocms_snippet",
            "snippet"
        ],
        "object_id": "1",
        "object_repr": "Home Page Banner",
        "action_flag": 2,
        "change_message": "[{\"changed\": {\"fields\": [\"html\"]}}]"
    }
},
{
    "model": "admin.logentry",
    "pk": 60,
    "fields": {
        "action_time": "2020-05-19T21:56:56.659Z",
        "user": [
            "webmaster"
        ],
        "content_type": [
            "djangocms_snippet",
            "snippet"
        ],
        "object_id": "1",
        "object_repr": "Home Page Banner",
        "action_flag": 2,
        "change_message": "[{\"changed\": {\"fields\": [\"html\"]}}]"
    }
},
{
    "model": "admin.logentry",
    "pk": 61,
    "fields": {
        "action_time": "2020-05-19T21:57:36.783Z",
        "user": [
            "webmaster"
        ],
        "content_type": [
            "djangocms_snippet",
            "snippet"
        ],
        "object_id": "1",
        "object_repr": "Home Page Banner",
        "action_flag": 2,
        "change_message": "[{\"changed\": {\"fields\": [\"html\"]}}]"
    }
},
{
    "model": "admin.logentry",
    "pk": 62,
    "fields": {
        "action_time": "2020-05-19T21:58:23.407Z",
        "user": [
            "webmaster"
        ],
        "content_type": [
            "djangocms_snippet",
            "snippet"
        ],
        "object_id": "1",
        "object_repr": "Home Page Banner",
        "action_flag": 2,
        "change_message": "[{\"changed\": {\"fields\": [\"html\"]}}]"
    }
},
{
    "model": "admin.logentry",
    "pk": 63,
    "fields": {
        "action_time": "2020-05-19T21:58:41.288Z",
        "user": [
            "webmaster"
        ],
        "content_type": [
            "djangocms_snippet",
            "snippet"
        ],
        "object_id": "1",
        "object_repr": "Home Page Banner",
        "action_flag": 2,
        "change_message": "[{\"changed\": {\"fields\": [\"html\"]}}]"
    }
},
{
    "model": "admin.logentry",
    "pk": 64,
    "fields": {
        "action_time": "2020-05-19T21:59:34.724Z",
        "user": [
            "webmaster"
        ],
        "content_type": [
            "djangocms_snippet",
            "snippet"
        ],
        "object_id": "1",
        "object_repr": "Home Page Banner",
        "action_flag": 2,
        "change_message": "[{\"changed\": {\"fields\": [\"html\"]}}]"
    }
},
{
    "model": "admin.logentry",
    "pk": 65,
    "fields": {
        "action_time": "2020-05-19T22:00:35.496Z",
        "user": [
            "webmaster"
        ],
        "content_type": [
            "djangocms_snippet",
            "snippet"
        ],
        "object_id": "1",
        "object_repr": "Home Page Banner",
        "action_flag": 2,
        "change_message": "[{\"changed\": {\"fields\": [\"html\"]}}]"
    }
},
{
    "model": "admin.logentry",
    "pk": 66,
    "fields": {
        "action_time": "2020-05-19T22:02:57.520Z",
        "user": [
            "webmaster"
        ],
        "content_type": [
            "djangocms_snippet",
            "snippet"
        ],
        "object_id": "1",
        "object_repr": "Home Page Banner",
        "action_flag": 2,
        "change_message": "[{\"changed\": {\"fields\": [\"html\"]}}]"
    }
},
{
    "model": "admin.logentry",
    "pk": 67,
    "fields": {
        "action_time": "2020-05-19T22:03:21.715Z",
        "user": [
            "webmaster"
        ],
        "content_type": [
            "djangocms_snippet",
            "snippet"
        ],
        "object_id": "1",
        "object_repr": "Home Page Banner",
        "action_flag": 2,
        "change_message": "[{\"changed\": {\"fields\": [\"html\"]}}]"
    }
},
{
    "model": "admin.logentry",
    "pk": 68,
    "fields": {
        "action_time": "2020-05-19T22:03:51.042Z",
        "user": [
            "webmaster"
        ],
        "content_type": [
            "cms",
            "page"
        ],
        "object_id": "1",
        "object_repr": "Home",
        "action_flag": 2,
        "change_message": ""
    }
},
{
    "model": "admin.logentry",
    "pk": 69,
    "fields": {
        "action_time": "2020-05-19T22:04:48.786Z",
        "user": [
            "webmaster"
        ],
        "content_type": [
            "cms",
            "page"
        ],
        "object_id": "5",
        "object_repr": "Development",
        "action_flag": 1,
        "change_message": "[{\"added\": {}}]"
    }
},
{
    "model": "admin.logentry",
    "pk": 70,
    "fields": {
        "action_time": "2020-05-19T22:11:39.743Z",
        "user": [
            "webmaster"
        ],
        "content_type": [
            "bootstrap4_grid",
            "bootstrap4gridcolumn"
        ],
        "object_id": "592",
        "object_repr": "592",
        "action_flag": 3,
        "change_message": ""
    }
},
{
    "model": "admin.logentry",
    "pk": 71,
    "fields": {
        "action_time": "2020-05-19T22:14:01.437Z",
        "user": [
            "webmaster"
        ],
        "content_type": [
            "cms",
            "page"
        ],
        "object_id": "1",
        "object_repr": "Home",
        "action_flag": 2,
        "change_message": ""
    }
},
{
    "model": "admin.logentry",
    "pk": 72,
    "fields": {
        "action_time": "2020-05-19T22:15:16.944Z",
        "user": [
            "webmaster"
        ],
        "content_type": [
            "bootstrap4_grid",
            "bootstrap4gridcontainer"
        ],
        "object_id": "629",
        "object_repr": "629",
        "action_flag": 3,
        "change_message": ""
    }
},
{
    "model": "admin.logentry",
    "pk": 73,
    "fields": {
        "action_time": "2020-05-19T22:19:25.358Z",
        "user": [
            "webmaster"
        ],
        "content_type": [
            "bootstrap4_grid",
            "bootstrap4gridcolumn"
        ],
        "object_id": "632",
        "object_repr": "632",
        "action_flag": 3,
        "change_message": ""
    }
},
{
    "model": "admin.logentry",
    "pk": 74,
    "fields": {
        "action_time": "2020-05-19T22:19:45.738Z",
        "user": [
            "webmaster"
        ],
        "content_type": [
            "cms",
            "page"
        ],
        "object_id": "1",
        "object_repr": "Home",
        "action_flag": 2,
        "change_message": ""
    }
},
{
    "model": "admin.logentry",
    "pk": 75,
    "fields": {
        "action_time": "2020-05-19T22:21:27.716Z",
        "user": [
            "webmaster"
        ],
        "content_type": [
            "cms",
            "page"
        ],
        "object_id": "5",
        "object_repr": "Development",
        "action_flag": 2,
        "change_message": ""
    }
},
{
    "model": "admin.logentry",
    "pk": 76,
    "fields": {
        "action_time": "2020-05-19T22:22:19.984Z",
        "user": [
            "webmaster"
        ],
        "content_type": [
            "cms",
            "page"
        ],
        "object_id": "1",
        "object_repr": "Home",
        "action_flag": 2,
        "change_message": ""
    }
},
{
    "model": "admin.logentry",
    "pk": 77,
    "fields": {
        "action_time": "2020-05-19T22:25:42.548Z",
        "user": [
            "webmaster"
        ],
        "content_type": [
            "cms",
            "page"
        ],
        "object_id": "1",
        "object_repr": "Home",
        "action_flag": 2,
        "change_message": ""
    }
},
{
    "model": "admin.logentry",
    "pk": 78,
    "fields": {
        "action_time": "2020-05-19T22:32:14.010Z",
        "user": [
            "webmaster"
        ],
        "content_type": [
            "cms",
            "page"
        ],
        "object_id": "1",
        "object_repr": "Home",
        "action_flag": 2,
        "change_message": ""
    }
},
{
    "model": "admin.logentry",
    "pk": 79,
    "fields": {
        "action_time": "2020-05-19T22:35:01.902Z",
        "user": [
            "webmaster"
        ],
        "content_type": [
            "cms",
            "page"
        ],
        "object_id": "1",
        "object_repr": "Home",
        "action_flag": 2,
        "change_message": ""
    }
},
{
    "model": "admin.logentry",
    "pk": 80,
    "fields": {
        "action_time": "2020-05-19T22:35:31.312Z",
        "user": [
            "webmaster"
        ],
        "content_type": [
            "cms",
            "page"
        ],
        "object_id": "5",
        "object_repr": "Development",
        "action_flag": 2,
        "change_message": ""
    }
},
{
    "model": "admin.logentry",
    "pk": 81,
    "fields": {
        "action_time": "2020-05-19T22:38:01.759Z",
        "user": [
            "webmaster"
        ],
        "content_type": [
            "cms",
            "page"
        ],
        "object_id": "3",
        "object_repr": "Contact Us",
        "action_flag": 2,
        "change_message": ""
    }
},
{
    "model": "admin.logentry",
    "pk": 82,
    "fields": {
        "action_time": "2020-05-19T22:43:45.094Z",
        "user": [
            "webmaster"
        ],
        "content_type": [
            "cms",
            "page"
        ],
        "object_id": "1",
        "object_repr": "Home",
        "action_flag": 2,
        "change_message": ""
    }
},
{
    "model": "admin.logentry",
    "pk": 83,
    "fields": {
        "action_time": "2020-05-19T22:44:25.153Z",
        "user": [
            "webmaster"
        ],
        "content_type": [
            "cms",
            "page"
        ],
        "object_id": "5",
        "object_repr": "Development",
        "action_flag": 2,
        "change_message": ""
    }
},
{
    "model": "admin.logentry",
    "pk": 84,
    "fields": {
        "action_time": "2020-05-19T22:45:17.309Z",
        "user": [
            "webmaster"
        ],
        "content_type": [
            "cms",
            "page"
        ],
        "object_id": "3",
        "object_repr": "Contact",
        "action_flag": 2,
        "change_message": "[{\"changed\": {\"fields\": [\"title\", \"slug\"]}}]"
    }
},
{
    "model": "admin.logentry",
    "pk": 85,
    "fields": {
        "action_time": "2020-05-19T22:45:37.179Z",
        "user": [
            "webmaster"
        ],
        "content_type": [
            "cms",
            "page"
        ],
        "object_id": "3",
        "object_repr": "Contact",
        "action_flag": 2,
        "change_message": "[]"
    }
},
{
    "model": "admin.logentry",
    "pk": 86,
    "fields": {
        "action_time": "2020-05-19T22:45:42.857Z",
        "user": [
            "webmaster"
        ],
        "content_type": [
            "cms",
            "page"
        ],
        "object_id": "3",
        "object_repr": "Contact",
        "action_flag": 2,
        "change_message": ""
    }
},
{
    "model": "admin.logentry",
    "pk": 87,
    "fields": {
        "action_time": "2020-05-19T22:49:58.498Z",
        "user": [
            "webmaster"
        ],
        "content_type": [
            "cms",
            "page"
        ],
        "object_id": "3",
        "object_repr": "Contact",
        "action_flag": 2,
        "change_message": ""
    }
},
{
    "model": "admin.logentry",
    "pk": 88,
    "fields": {
        "action_time": "2020-05-19T22:51:56.360Z",
        "user": [
            "webmaster"
        ],
        "content_type": [
            "djangocms_snippet",
            "snippet"
        ],
        "object_id": "1",
        "object_repr": "Home Page Banner",
        "action_flag": 2,
        "change_message": "[{\"changed\": {\"fields\": [\"html\"]}}]"
    }
},
{
    "model": "admin.logentry",
    "pk": 89,
    "fields": {
        "action_time": "2020-05-19T22:52:26.099Z",
        "user": [
            "webmaster"
        ],
        "content_type": [
            "djangocms_snippet",
            "snippet"
        ],
        "object_id": "1",
        "object_repr": "Home Page Banner",
        "action_flag": 2,
        "change_message": "[{\"changed\": {\"fields\": [\"html\"]}}]"
    }
},
{
    "model": "admin.logentry",
    "pk": 90,
    "fields": {
        "action_time": "2020-05-19T22:53:12.570Z",
        "user": [
            "webmaster"
        ],
        "content_type": [
            "djangocms_snippet",
            "snippet"
        ],
        "object_id": "1",
        "object_repr": "Home Page Banner",
        "action_flag": 2,
        "change_message": "[{\"changed\": {\"fields\": [\"html\"]}}]"
    }
},
{
    "model": "admin.logentry",
    "pk": 91,
    "fields": {
        "action_time": "2020-05-19T22:53:24.736Z",
        "user": [
            "webmaster"
        ],
        "content_type": [
            "cms",
            "page"
        ],
        "object_id": "1",
        "object_repr": "Home",
        "action_flag": 2,
        "change_message": ""
    }
},
{
    "model": "admin.logentry",
    "pk": 92,
    "fields": {
        "action_time": "2020-05-19T23:03:40.355Z",
        "user": [
            "webmaster"
        ],
        "content_type": [
            "cms",
            "page"
        ],
        "object_id": "1",
        "object_repr": "Home",
        "action_flag": 2,
        "change_message": ""
    }
},
{
    "model": "admin.logentry",
    "pk": 93,
    "fields": {
        "action_time": "2020-05-19T23:12:05.270Z",
        "user": [
            "webmaster"
        ],
        "content_type": [
            "djangocms_snippet",
            "snippet"
        ],
        "object_id": "4",
        "object_repr": "TempFix",
        "action_flag": 1,
        "change_message": "[{\"added\": {}}]"
    }
},
{
    "model": "admin.logentry",
    "pk": 94,
    "fields": {
        "action_time": "2020-05-19T23:13:57.173Z",
        "user": [
            "webmaster"
        ],
        "content_type": [
            "djangocms_snippet",
            "snippet"
        ],
        "object_id": "5",
        "object_repr": "TempFix1",
        "action_flag": 1,
        "change_message": "[{\"added\": {}}]"
    }
},
{
    "model": "admin.logentry",
    "pk": 95,
    "fields": {
        "action_time": "2020-05-19T23:15:17.031Z",
        "user": [
            "webmaster"
        ],
        "content_type": [
            "djangocms_snippet",
            "snippet"
        ],
        "object_id": "5",
        "object_repr": "TempFix1",
        "action_flag": 2,
        "change_message": "[{\"changed\": {\"fields\": [\"html\"]}}]"
    }
},
{
    "model": "admin.logentry",
    "pk": 96,
    "fields": {
        "action_time": "2020-05-19T23:16:37.136Z",
        "user": [
            "webmaster"
        ],
        "content_type": [
            "djangocms_snippet",
            "snippet"
        ],
        "object_id": "5",
        "object_repr": "TempFix1",
        "action_flag": 2,
        "change_message": "[{\"changed\": {\"fields\": [\"html\"]}}]"
    }
},
{
    "model": "admin.logentry",
    "pk": 97,
    "fields": {
        "action_time": "2020-05-19T23:17:42.885Z",
        "user": [
            "webmaster"
        ],
        "content_type": [
            "djangocms_snippet",
            "snippet"
        ],
        "object_id": "5",
        "object_repr": "TempFix1",
        "action_flag": 2,
        "change_message": "[{\"changed\": {\"fields\": [\"html\"]}}]"
    }
},
{
    "model": "admin.logentry",
    "pk": 98,
    "fields": {
        "action_time": "2020-05-19T23:18:25.457Z",
        "user": [
            "webmaster"
        ],
        "content_type": [
            "cms",
            "page"
        ],
        "object_id": "1",
        "object_repr": "Home",
        "action_flag": 2,
        "change_message": ""
    }
},
{
    "model": "admin.logentry",
    "pk": 99,
    "fields": {
        "action_time": "2020-05-21T03:20:12.797Z",
        "user": [
            "webmaster"
        ],
        "content_type": [
            "cms",
            "page"
        ],
        "object_id": "1",
        "object_repr": "Home",
        "action_flag": 2,
        "change_message": ""
    }
},
{
    "model": "admin.logentry",
    "pk": 100,
    "fields": {
        "action_time": "2020-05-21T03:45:59.748Z",
        "user": [
            "webmaster"
        ],
        "content_type": [
            "custom_plugins",
            "test1"
        ],
        "object_id": "1115",
        "object_repr": "1115",
        "action_flag": 3,
        "change_message": ""
    }
},
{
    "model": "admin.logentry",
    "pk": 101,
    "fields": {
        "action_time": "2020-05-21T03:56:42.781Z",
        "user": [
            "webmaster"
        ],
        "content_type": [
            "cms",
            "cmsplugin"
        ],
        "object_id": "1114",
        "object_repr": "1114",
        "action_flag": 3,
        "change_message": ""
    }
},
{
    "model": "admin.logentry",
    "pk": 102,
    "fields": {
        "action_time": "2020-05-21T03:57:31.387Z",
        "user": [
            "webmaster"
        ],
        "content_type": [
            "djangocms_snippet",
            "snippetptr"
        ],
        "object_id": "754",
        "object_repr": "Home Page Banner",
        "action_flag": 3,
        "change_message": ""
    }
},
{
    "model": "admin.logentry",
    "pk": 103,
    "fields": {
        "action_time": "2020-05-21T04:13:16.341Z",
        "user": [
            "webmaster"
        ],
        "content_type": [
            "cms",
            "page"
        ],
        "object_id": "7",
        "object_repr": "Valor",
        "action_flag": 1,
        "change_message": "[{\"added\": {}}]"
    }
},
{
    "model": "admin.logentry",
    "pk": 104,
    "fields": {
        "action_time": "2020-05-21T04:13:52.511Z",
        "user": [
            "webmaster"
        ],
        "content_type": [
            "cms",
            "page"
        ],
        "object_id": "8",
        "object_repr": "Donation",
        "action_flag": 1,
        "change_message": "[{\"added\": {}}]"
    }
},
{
    "model": "admin.logentry",
    "pk": 105,
    "fields": {
        "action_time": "2020-05-21T04:13:58.943Z",
        "user": [
            "webmaster"
        ],
        "content_type": [
            "cms",
            "page"
        ],
        "object_id": "8",
        "object_repr": "Donation",
        "action_flag": 2,
        "change_message": ""
    }
},
{
    "model": "admin.logentry",
    "pk": 106,
    "fields": {
        "action_time": "2020-05-21T04:14:18.143Z",
        "user": [
            "webmaster"
        ],
        "content_type": [
            "cms",
            "page"
        ],
        "object_id": "7",
        "object_repr": "Valor",
        "action_flag": 2,
        "change_message": ""
    }
},
{
    "model": "admin.logentry",
    "pk": 107,
    "fields": {
        "action_time": "2020-05-21T04:15:33.047Z",
        "user": [
            "webmaster"
        ],
        "content_type": [
            "filer",
            "image"
        ],
        "object_id": "8",
        "object_repr": "coming-soon-2461832_960_720.jpg",
        "action_flag": 3,
        "change_message": ""
    }
},
{
    "model": "admin.logentry",
    "pk": 108,
    "fields": {
        "action_time": "2020-05-21T04:22:57.891Z",
        "user": [
            "webmaster"
        ],
        "content_type": [
            "cms",
            "page"
        ],
        "object_id": "5",
        "object_repr": "Development",
        "action_flag": 2,
        "change_message": ""
    }
},
{
    "model": "admin.logentry",
    "pk": 109,
    "fields": {
        "action_time": "2020-05-21T04:23:45.540Z",
        "user": [
            "webmaster"
        ],
        "content_type": [
            "cms",
            "page"
        ],
        "object_id": "7",
        "object_repr": "Valor",
        "action_flag": 2,
        "change_message": ""
    }
},
{
    "model": "admin.logentry",
    "pk": 110,
    "fields": {
        "action_time": "2020-05-21T04:24:01.269Z",
        "user": [
            "webmaster"
        ],
        "content_type": [
            "cms",
            "page"
        ],
        "object_id": "8",
        "object_repr": "Donation",
        "action_flag": 2,
        "change_message": ""
    }
},
{
    "model": "admin.logentry",
    "pk": 111,
    "fields": {
        "action_time": "2020-05-21T04:26:34.019Z",
        "user": [
            "webmaster"
        ],
        "content_type": [
            "cms",
            "page"
        ],
        "object_id": "1",
        "object_repr": "Home",
        "action_flag": 2,
        "change_message": ""
    }
},
{
    "model": "admin.logentry",
    "pk": 112,
    "fields": {
        "action_time": "2020-05-21T04:30:20.803Z",
        "user": [
            "webmaster"
        ],
        "content_type": [
            "bootstrap4_link",
            "bootstrap4link"
        ],
        "object_id": "1117",
        "object_repr": "1117",
        "action_flag": 3,
        "change_message": ""
    }
},
{
    "model": "admin.logentry",
    "pk": 113,
    "fields": {
        "action_time": "2020-05-21T04:31:16.186Z",
        "user": [
            "webmaster"
        ],
        "content_type": [
            "cms",
            "page"
        ],
        "object_id": "1",
        "object_repr": "Home",
        "action_flag": 2,
        "change_message": ""
    }
},
{
    "model": "admin.logentry",
    "pk": 114,
    "fields": {
        "action_time": "2020-05-22T15:38:14.053Z",
        "user": [
            "webmaster"
        ],
        "content_type": [
            "cms",
            "page"
        ],
        "object_id": "11",
        "object_repr": "Social",
        "action_flag": 1,
        "change_message": "[{\"added\": {}}]"
    }
},
{
    "model": "admin.logentry",
    "pk": 115,
    "fields": {
        "action_time": "2020-05-22T15:39:14.905Z",
        "user": [
            "webmaster"
        ],
        "content_type": [
            "djangocms_snippet",
            "snippet"
        ],
        "object_id": "6",
        "object_repr": "Facebook Feed",
        "action_flag": 1,
        "change_message": "[{\"added\": {}}]"
    }
},
{
    "model": "admin.logentry",
    "pk": 116,
    "fields": {
        "action_time": "2020-05-22T15:57:24.344Z",
        "user": [
            "webmaster"
        ],
        "content_type": [
            "djangocms_text_ckeditor",
            "text"
        ],
        "object_id": "1242",
        "object_repr": "&lt;script&gt; &lt;/script&gt;",
        "action_flag": 3,
        "change_message": ""
    }
},
{
    "model": "admin.logentry",
    "pk": 117,
    "fields": {
        "action_time": "2020-05-22T15:58:00.609Z",
        "user": [
            "webmaster"
        ],
        "content_type": [
            "djangocms_snippet",
            "snippet"
        ],
        "object_id": "7",
        "object_repr": "Facebook GraphApi",
        "action_flag": 1,
        "change_message": "[{\"added\": {}}]"
    }
},
{
    "model": "admin.logentry",
    "pk": 118,
    "fields": {
        "action_time": "2020-05-22T15:59:25.554Z",
        "user": [
            "webmaster"
        ],
        "content_type": [
            "djangocms_snippet",
            "snippet"
        ],
        "object_id": "7",
        "object_repr": "Facebook GraphApi",
        "action_flag": 2,
        "change_message": "[{\"changed\": {\"fields\": [\"html\"]}}]"
    }
},
{
    "model": "admin.logentry",
    "pk": 119,
    "fields": {
        "action_time": "2020-05-22T16:16:43.237Z",
        "user": [
            "webmaster"
        ],
        "content_type": [
            "djangocms_snippet",
            "snippetptr"
        ],
        "object_id": "1243",
        "object_repr": "Facebook GraphApi",
        "action_flag": 3,
        "change_message": ""
    }
},
{
    "model": "admin.logentry",
    "pk": 120,
    "fields": {
        "action_time": "2020-05-22T16:17:10.080Z",
        "user": [
            "webmaster"
        ],
        "content_type": [
            "djangocms_text_ckeditor",
            "text"
        ],
        "object_id": "1244",
        "object_repr": "Tweets by BridgeHospice1...",
        "action_flag": 3,
        "change_message": ""
    }
},
{
    "model": "admin.logentry",
    "pk": 121,
    "fields": {
        "action_time": "2020-05-22T16:17:28.689Z",
        "user": [
            "webmaster"
        ],
        "content_type": [
            "djangocms_snippet",
            "snippet"
        ],
        "object_id": "8",
        "object_repr": "twitter feed",
        "action_flag": 1,
        "change_message": "[{\"added\": {}}]"
    }
},
{
    "model": "admin.logentry",
    "pk": 122,
    "fields": {
        "action_time": "2020-05-22T16:22:05.289Z",
        "user": [
            "webmaster"
        ],
        "content_type": [
            "djangocms_snippet",
            "snippet"
        ],
        "object_id": "9",
        "object_repr": "instagram feed",
        "action_flag": 1,
        "change_message": "[{\"added\": {}}]"
    }
},
{
    "model": "admin.logentry",
    "pk": 123,
    "fields": {
        "action_time": "2020-05-30T18:37:55.720Z",
        "user": [
            "webmaster"
        ],
        "content_type": [
            "cms",
            "page"
        ],
        "object_id": "12",
        "object_repr": "test",
        "action_flag": 1,
        "change_message": "[{\"added\": {}}]"
    }
},
{
    "model": "admin.logentry",
    "pk": 124,
    "fields": {
        "action_time": "2020-05-30T18:38:04.366Z",
        "user": [
            "webmaster"
        ],
        "content_type": [
            "cms",
            "page"
        ],
        "object_id": "12",
        "object_repr": "test",
        "action_flag": 2,
        "change_message": ""
    }
},
{
    "model": "admin.logentry",
    "pk": 125,
    "fields": {
        "action_time": "2020-05-30T19:19:29.867Z",
        "user": [
            "webmaster"
        ],
        "content_type": [
            "cms",
            "page"
        ],
        "object_id": "14",
        "object_repr": "forms",
        "action_flag": 1,
        "change_message": "[{\"added\": {}}]"
    }
},
{
    "model": "admin.logentry",
    "pk": 126,
    "fields": {
        "action_time": "2020-05-30T19:20:06.832Z",
        "user": [
            "webmaster"
        ],
        "content_type": [
            "cms",
            "page"
        ],
        "object_id": "15",
        "object_repr": "volunteer",
        "action_flag": 1,
        "change_message": "[{\"added\": {}}]"
    }
},
{
    "model": "admin.logentry",
    "pk": 127,
    "fields": {
        "action_time": "2020-05-30T19:20:31.230Z",
        "user": [
            "webmaster"
        ],
        "content_type": [
            "cms",
            "page"
        ],
        "object_id": "15",
        "object_repr": "volunteer",
        "action_flag": 3,
        "change_message": ""
    }
},
{
    "model": "admin.logentry",
    "pk": 128,
    "fields": {
        "action_time": "2020-05-30T19:20:36.960Z",
        "user": [
            "webmaster"
        ],
        "content_type": [
            "cms",
            "page"
        ],
        "object_id": "14",
        "object_repr": "forms",
        "action_flag": 3,
        "change_message": ""
    }
},
{
    "model": "admin.logentry",
    "pk": 129,
    "fields": {
        "action_time": "2020-05-30T19:23:25.460Z",
        "user": [
            "webmaster"
        ],
        "content_type": [
            "cms",
            "page"
        ],
        "object_id": "14",
        "object_repr": "Forms",
        "action_flag": 1,
        "change_message": "[{\"added\": {}}]"
    }
},
{
    "model": "admin.logentry",
    "pk": 130,
    "fields": {
        "action_time": "2020-05-30T19:23:35.116Z",
        "user": [
            "webmaster"
        ],
        "content_type": [
            "cms",
            "page"
        ],
        "object_id": "14",
        "object_repr": "Forms",
        "action_flag": 2,
        "change_message": ""
    }
},
{
    "model": "admin.logentry",
    "pk": 131,
    "fields": {
        "action_time": "2020-05-30T19:24:02.286Z",
        "user": [
            "webmaster"
        ],
        "content_type": [
            "cms",
            "page"
        ],
        "object_id": "14",
        "object_repr": "Forms",
        "action_flag": 2,
        "change_message": "[{\"changed\": {\"fields\": [\"application_urls\", \"application_namespace\", \"xframe_options\"]}}]"
    }
},
{
    "model": "admin.logentry",
    "pk": 132,
    "fields": {
        "action_time": "2020-05-30T19:24:23.385Z",
        "user": [
            "webmaster"
        ],
        "content_type": [
            "cms",
            "page"
        ],
        "object_id": "14",
        "object_repr": "Forms",
        "action_flag": 2,
        "change_message": "[{\"changed\": {\"fields\": [\"xframe_options\"]}}]"
    }
},
{
    "model": "admin.logentry",
    "pk": 133,
    "fields": {
        "action_time": "2020-05-30T19:27:44.235Z",
        "user": [
            "webmaster"
        ],
        "content_type": [
            "cms",
            "page"
        ],
        "object_id": "16",
        "object_repr": "Volunteer",
        "action_flag": 1,
        "change_message": "[{\"added\": {}}]"
    }
},
{
    "model": "admin.logentry",
    "pk": 134,
    "fields": {
        "action_time": "2020-05-31T03:37:48.768Z",
        "user": [
            "webmaster"
        ],
        "content_type": [
            "djangocms_snippet",
            "snippet"
        ],
        "object_id": "8",
        "object_repr": "twitter feed",
        "action_flag": 2,
        "change_message": "[]"
    }
},
{
    "model": "admin.logentry",
    "pk": 135,
    "fields": {
        "action_time": "2020-05-31T03:38:56.657Z",
        "user": [
            "webmaster"
        ],
        "content_type": [
            "djangocms_text_ckeditor",
            "text"
        ],
        "object_id": "1248",
        "object_repr": "Twitter",
        "action_flag": 3,
        "change_message": ""
    }
},
{
    "model": "admin.logentry",
    "pk": 136,
    "fields": {
        "action_time": "2020-05-31T03:39:36.900Z",
        "user": [
            "webmaster"
        ],
        "content_type": [
            "djangocms_snippet",
            "snippet"
        ],
        "object_id": "9",
        "object_repr": "instagram feed",
        "action_flag": 2,
        "change_message": "[{\"changed\": {\"fields\": [\"html\"]}}]"
    }
},
{
    "model": "admin.logentry",
    "pk": 137,
    "fields": {
        "action_time": "2020-05-31T20:36:30.640Z",
        "user": [
            "webmaster"
        ],
        "content_type": [
            "forms",
            "volunteerapplication"
        ],
        "object_id": "1",
        "object_repr": "VolunteerApplication object (1)",
        "action_flag": 3,
        "change_message": ""
    }
},
{
    "model": "admin.logentry",
    "pk": 138,
    "fields": {
        "action_time": "2020-05-31T21:05:14.359Z",
        "user": [
            "webmaster"
        ],
        "content_type": [
            "cms",
            "page"
        ],
        "object_id": "12",
        "object_repr": "test",
        "action_flag": 2,
        "change_message": "The en page \"test\" was successfully unpublished"
    }
},
{
    "model": "admin.logentry",
    "pk": 139,
    "fields": {
        "action_time": "2020-05-31T21:05:20.309Z",
        "user": [
            "webmaster"
        ],
        "content_type": [
            "cms",
            "page"
        ],
        "object_id": "14",
        "object_repr": "Forms",
        "action_flag": 2,
        "change_message": "The en page \"Forms\" was successfully unpublished"
    }
},
{
    "model": "admin.logentry",
    "pk": 140,
    "fields": {
        "action_time": "2020-05-31T21:05:54.771Z",
        "user": [
            "webmaster"
        ],
        "content_type": [
            "cms",
            "page"
        ],
        "object_id": "1",
        "object_repr": "Home",
        "action_flag": 2,
        "change_message": "The en page \"Home\" was successfully unpublished"
    }
},
{
    "model": "admin.logentry",
    "pk": 141,
    "fields": {
        "action_time": "2020-05-31T21:05:57.951Z",
        "user": [
            "webmaster"
        ],
        "content_type": [
            "cms",
            "page"
        ],
        "object_id": "1",
        "object_repr": "Home",
        "action_flag": 2,
        "change_message": ""
    }
},
{
    "model": "admin.logentry",
    "pk": 142,
    "fields": {
        "action_time": "2020-05-31T21:20:05.566Z",
        "user": [
            "webmaster"
        ],
        "content_type": [
            "cms",
            "page"
        ],
        "object_id": "14",
        "object_repr": "Forms",
        "action_flag": 2,
        "change_message": ""
    }
},
{
    "model": "admin.logentry",
    "pk": 143,
    "fields": {
        "action_time": "2020-05-31T21:23:10.400Z",
        "user": [
            "webmaster"
        ],
        "content_type": [
            "bootstrap4_card",
            "bootstrap4card"
        ],
        "object_id": "1293",
        "object_repr": "1293",
        "action_flag": 3,
        "change_message": ""
    }
},
{
    "model": "admin.logentry",
    "pk": 144,
    "fields": {
        "action_time": "2020-05-31T21:23:33.894Z",
        "user": [
            "webmaster"
        ],
        "content_type": [
            "cms",
            "page"
        ],
        "object_id": "16",
        "object_repr": "Volunteer",
        "action_flag": 2,
        "change_message": ""
    }
},
{
    "model": "admin.logentry",
    "pk": 145,
    "fields": {
        "action_time": "2020-05-31T21:27:48.854Z",
        "user": [
            "webmaster"
        ],
        "content_type": [
            "cms",
            "page"
        ],
        "object_id": "14",
        "object_repr": "Forms",
        "action_flag": 2,
        "change_message": "[{\"changed\": {\"fields\": [\"xframe_options\"]}}]"
    }
},
{
    "model": "admin.logentry",
    "pk": 146,
    "fields": {
        "action_time": "2020-05-31T21:28:29.177Z",
        "user": [
            "webmaster"
        ],
        "content_type": [
            "cms",
            "page"
        ],
        "object_id": "16",
        "object_repr": "Volunteer",
        "action_flag": 3,
        "change_message": ""
    }
},
{
    "model": "admin.logentry",
    "pk": 147,
    "fields": {
        "action_time": "2020-05-31T21:28:45.324Z",
        "user": [
            "webmaster"
        ],
        "content_type": [
            "cms",
            "page"
        ],
        "object_id": "18",
        "object_repr": "Volunteer",
        "action_flag": 1,
        "change_message": "[{\"added\": {}}]"
    }
},
{
    "model": "admin.logentry",
    "pk": 148,
    "fields": {
        "action_time": "2020-05-31T21:29:31.767Z",
        "user": [
            "webmaster"
        ],
        "content_type": [
            "cms",
            "page"
        ],
        "object_id": "14",
        "object_repr": "Forms",
        "action_flag": 3,
        "change_message": ""
    }
},
{
    "model": "admin.logentry",
    "pk": 149,
    "fields": {
        "action_time": "2020-05-31T21:29:36.765Z",
        "user": [
            "webmaster"
        ],
        "content_type": [
            "cms",
            "page"
        ],
        "object_id": "12",
        "object_repr": "test",
        "action_flag": 3,
        "change_message": ""
    }
},
{
    "model": "admin.logentry",
    "pk": 150,
    "fields": {
        "action_time": "2020-05-31T21:29:48.221Z",
        "user": [
            "webmaster"
        ],
        "content_type": [
            "cms",
            "page"
        ],
        "object_id": "19",
        "object_repr": "Forms",
        "action_flag": 1,
        "change_message": "[{\"added\": {}}]"
    }
},
{
    "model": "admin.logentry",
    "pk": 151,
    "fields": {
        "action_time": "2020-05-31T21:30:20.516Z",
        "user": [
            "webmaster"
        ],
        "content_type": [
            "cms",
            "page"
        ],
        "object_id": "19",
        "object_repr": "Forms",
        "action_flag": 2,
        "change_message": "[{\"changed\": {\"fields\": [\"application_urls\", \"application_namespace\", \"xframe_options\"]}}]"
    }
},
{
    "model": "admin.logentry",
    "pk": 152,
    "fields": {
        "action_time": "2020-05-31T21:30:29.972Z",
        "user": [
            "webmaster"
        ],
        "content_type": [
            "cms",
            "page"
        ],
        "object_id": "20",
        "object_repr": "Volunteer",
        "action_flag": 1,
        "change_message": "[{\"added\": {}}]"
    }
},
{
    "model": "admin.logentry",
    "pk": 153,
    "fields": {
        "action_time": "2020-05-31T21:44:04.310Z",
        "user": [
            "webmaster"
        ],
        "content_type": [
            "filer",
            "image"
        ],
        "object_id": "9",
        "object_repr": "BridgeHospiceLogo.png",
        "action_flag": 3,
        "change_message": ""
    }
},
{
    "model": "admin.logentry",
    "pk": 154,
    "fields": {
        "action_time": "2020-05-31T21:44:28.932Z",
        "user": [
            "webmaster"
        ],
        "content_type": [
            "cms",
            "page"
        ],
        "object_id": "1",
        "object_repr": "Home",
        "action_flag": 2,
        "change_message": ""
    }
},
{
    "model": "admin.logentry",
    "pk": 155,
    "fields": {
        "action_time": "2020-05-31T21:50:33.008Z",
        "user": [
            "webmaster"
        ],
        "content_type": [
            "cms",
            "page"
        ],
        "object_id": "19",
        "object_repr": "Forms",
        "action_flag": 3,
        "change_message": ""
    }
},
{
    "model": "admin.logentry",
    "pk": 156,
    "fields": {
        "action_time": "2020-05-31T21:50:40.979Z",
        "user": [
            "webmaster"
        ],
        "content_type": [
            "cms",
            "page"
        ],
        "object_id": "21",
        "object_repr": "Forms",
        "action_flag": 1,
        "change_message": "[{\"added\": {}}]"
    }
},
{
    "model": "admin.logentry",
    "pk": 157,
    "fields": {
        "action_time": "2020-05-31T21:51:02.152Z",
        "user": [
            "webmaster"
        ],
        "content_type": [
            "cms",
            "page"
        ],
        "object_id": "21",
        "object_repr": "Forms",
        "action_flag": 2,
        "change_message": "[{\"changed\": {\"fields\": [\"application_urls\", \"application_namespace\", \"xframe_options\"]}}]"
    }
},
{
    "model": "admin.logentry",
    "pk": 158,
    "fields": {
        "action_time": "2020-05-31T21:51:11.532Z",
        "user": [
            "webmaster"
        ],
        "content_type": [
            "cms",
            "page"
        ],
        "object_id": "22",
        "object_repr": "Volunteer",
        "action_flag": 1,
        "change_message": "[{\"added\": {}}]"
    }
},
{
    "model": "admin.logentry",
    "pk": 159,
    "fields": {
        "action_time": "2020-05-31T21:53:11.987Z",
        "user": [
            "webmaster"
        ],
        "content_type": [
            "cms",
            "page"
        ],
        "object_id": "21",
        "object_repr": "Forms",
        "action_flag": 2,
        "change_message": ""
    }
},
{
    "model": "admin.logentry",
    "pk": 160,
    "fields": {
        "action_time": "2020-05-31T21:53:15.854Z",
        "user": [
            "webmaster"
        ],
        "content_type": [
            "cms",
            "page"
        ],
        "object_id": "22",
        "object_repr": "Volunteer",
        "action_flag": 2,
        "change_message": ""
    }
},
{
    "model": "admin.logentry",
    "pk": 161,
    "fields": {
        "action_time": "2020-05-31T21:54:07.506Z",
        "user": [
            "webmaster"
        ],
        "content_type": [
            "cms",
            "page"
        ],
        "object_id": "21",
        "object_repr": "Forms",
        "action_flag": 2,
        "change_message": ""
    }
},
{
    "model": "admin.logentry",
    "pk": 162,
    "fields": {
        "action_time": "2020-05-31T21:58:18.481Z",
        "user": [
            "webmaster"
        ],
        "content_type": [
            "cms",
            "page"
        ],
        "object_id": "25",
        "object_repr": "Volunteer",
        "action_flag": 1,
        "change_message": "[{\"added\": {}}]"
    }
},
{
    "model": "admin.logentry",
    "pk": 163,
    "fields": {
        "action_time": "2020-05-31T22:01:29.861Z",
        "user": [
            "webmaster"
        ],
        "content_type": [
            "cms",
            "page"
        ],
        "object_id": "25",
        "object_repr": "Volunteer",
        "action_flag": 2,
        "change_message": ""
    }
},
{
    "model": "admin.logentry",
    "pk": 164,
    "fields": {
        "action_time": "2020-05-31T22:01:46.345Z",
        "user": [
            "webmaster"
        ],
        "content_type": [
            "cms",
            "page"
        ],
        "object_id": "21",
        "object_repr": "Forms",
        "action_flag": 2,
        "change_message": ""
    }
},
{
    "model": "admin.logentry",
    "pk": 165,
    "fields": {
        "action_time": "2020-05-31T22:05:25.676Z",
        "user": [
            "webmaster"
        ],
        "content_type": [
            "auth",
            "user"
        ],
        "object_id": "4",
        "object_repr": "brooke_zavala",
        "action_flag": 1,
        "change_message": "[{\"added\": {}}]"
    }
},
{
    "model": "admin.logentry",
    "pk": 166,
    "fields": {
        "action_time": "2020-05-31T22:07:55.655Z",
        "user": [
            "webmaster"
        ],
        "content_type": [
            "auth",
            "group"
        ],
        "object_id": "1",
        "object_repr": "Volunteer Coordinator",
        "action_flag": 1,
        "change_message": "[{\"added\": {}}]"
    }
},
{
    "model": "admin.logentry",
    "pk": 167,
    "fields": {
        "action_time": "2020-05-31T22:08:27.556Z",
        "user": [
            "webmaster"
        ],
        "content_type": [
            "auth",
            "user"
        ],
        "object_id": "4",
        "object_repr": "brooke.zavala",
        "action_flag": 2,
        "change_message": "[{\"changed\": {\"fields\": [\"username\", \"first_name\", \"last_name\", \"email\", \"is_staff\", \"groups\"]}}]"
    }
},
{
    "model": "admin.logentry",
    "pk": 168,
    "fields": {
        "action_time": "2020-05-31T22:08:50.117Z",
        "user": [
            "webmaster"
        ],
        "content_type": [
            "auth",
            "user"
        ],
        "object_id": "3",
        "object_repr": "kasey_cox",
        "action_flag": 2,
        "change_message": "[{\"changed\": {\"fields\": [\"first_name\", \"last_name\", \"email\"]}}]"
    }
},
{
    "model": "admin.logentry",
    "pk": 169,
    "fields": {
        "action_time": "2020-05-31T22:09:09.066Z",
        "user": [
            "webmaster"
        ],
        "content_type": [
            "auth",
            "user"
        ],
        "object_id": "2",
        "object_repr": "webmaster",
        "action_flag": 2,
        "change_message": "[{\"changed\": {\"fields\": [\"first_name\", \"last_name\", \"email\"]}}]"
    }
},
{
    "model": "admin.logentry",
    "pk": 171,
    "fields": {
        "action_time": "2020-05-31T22:18:28.848Z",
        "user": [
            "webmaster"
        ],
        "content_type": [
            "auth",
            "group"
        ],
        "object_id": "1",
        "object_repr": "Volunteer Coordinator",
        "action_flag": 2,
        "change_message": "[{\"changed\": {\"fields\": [\"permissions\"]}}]"
    }
},
{
    "model": "admin.logentry",
    "pk": 172,
    "fields": {
        "action_time": "2020-05-31T22:22:40.284Z",
        "user": [
            "webmaster"
        ],
        "content_type": [
            "auth",
            "group"
        ],
        "object_id": "1",
        "object_repr": "Volunteer Coordinator",
        "action_flag": 2,
        "change_message": "[{\"changed\": {\"fields\": [\"permissions\"]}}]"
    }
},
{
    "model": "admin.logentry",
    "pk": 174,
    "fields": {
        "action_time": "2020-06-01T20:45:55.244Z",
        "user": [
            "webmaster"
        ],
        "content_type": [
            "djangocms_snippet",
            "snippet"
        ],
        "object_id": "6",
        "object_repr": "Facebook Feed",
        "action_flag": 2,
        "change_message": "[{\"changed\": {\"fields\": [\"html\"]}}]"
    }
},
{
    "model": "admin.logentry",
    "pk": 175,
    "fields": {
        "action_time": "2020-06-01T20:46:18.749Z",
        "user": [
            "webmaster"
        ],
        "content_type": [
            "djangocms_snippet",
            "snippet"
        ],
        "object_id": "6",
        "object_repr": "Facebook Feed",
        "action_flag": 2,
        "change_message": "[{\"changed\": {\"fields\": [\"html\"]}}]"
    }
},
{
    "model": "admin.logentry",
    "pk": 176,
    "fields": {
        "action_time": "2020-06-01T20:46:26.643Z",
        "user": [
            "webmaster"
        ],
        "content_type": [
            "djangocms_text_ckeditor",
            "text"
        ],
        "object_id": "1237",
        "object_repr": "Visit us on...",
        "action_flag": 3,
        "change_message": ""
    }
},
{
    "model": "admin.logentry",
    "pk": 177,
    "fields": {
        "action_time": "2020-06-01T20:46:41.620Z",
        "user": [
            "webmaster"
        ],
        "content_type": [
            "djangocms_snippet",
            "snippet"
        ],
        "object_id": "9",
        "object_repr": "instagram feed",
        "action_flag": 2,
        "change_message": "[{\"changed\": {\"fields\": [\"html\"]}}]"
    }
},
{
    "model": "admin.logentry",
    "pk": 178,
    "fields": {
        "action_time": "2020-06-01T20:52:04.844Z",
        "user": [
            "webmaster"
        ],
        "content_type": [
            "djangocms_snippet",
            "snippet"
        ],
        "object_id": "6",
        "object_repr": "Facebook Feed",
        "action_flag": 2,
        "change_message": "[{\"changed\": {\"fields\": [\"html\"]}}]"
    }
},
{
    "model": "admin.logentry",
    "pk": 179,
    "fields": {
        "action_time": "2020-06-01T20:53:08.796Z",
        "user": [
            "webmaster"
        ],
        "content_type": [
            "djangocms_snippet",
            "snippet"
        ],
        "object_id": "6",
        "object_repr": "Facebook Feed",
        "action_flag": 2,
        "change_message": "[{\"changed\": {\"fields\": [\"html\"]}}]"
    }
},
{
    "model": "admin.logentry",
    "pk": 180,
    "fields": {
        "action_time": "2020-06-01T20:54:15.086Z",
        "user": [
            "webmaster"
        ],
        "content_type": [
            "djangocms_snippet",
            "snippet"
        ],
        "object_id": "8",
        "object_repr": "twitter feed",
        "action_flag": 2,
        "change_message": "[{\"changed\": {\"fields\": [\"html\"]}}]"
    }
},
{
    "model": "admin.logentry",
    "pk": 181,
    "fields": {
        "action_time": "2020-06-01T20:54:34.793Z",
        "user": [
            "webmaster"
        ],
        "content_type": [
            "cms",
            "page"
        ],
        "object_id": "11",
        "object_repr": "Social",
        "action_flag": 2,
        "change_message": ""
    }
},
{
    "model": "admin.logentry",
    "pk": 182,
    "fields": {
        "action_time": "2020-06-01T20:54:59.550Z",
        "user": [
            "webmaster"
        ],
        "content_type": [
            "cms",
            "page"
        ],
        "object_id": "11",
        "object_repr": "Social",
        "action_flag": 2,
        "change_message": ""
    }
},
{
    "model": "admin.logentry",
    "pk": 183,
    "fields": {
        "action_time": "2020-06-01T23:53:01.095Z",
        "user": [
            "webmaster"
        ],
        "content_type": [
            "bootstrap4_grid",
            "bootstrap4gridcontainer"
        ],
        "object_id": "1229",
        "object_repr": "1229",
        "action_flag": 3,
        "change_message": ""
    }
},
{
    "model": "admin.logentry",
    "pk": 184,
    "fields": {
        "action_time": "2020-06-01T23:53:05.074Z",
        "user": [
            "webmaster"
        ],
        "content_type": [
            "cms",
            "page"
        ],
        "object_id": "5",
        "object_repr": "Development",
        "action_flag": 2,
        "change_message": ""
    }
},
{
    "model": "admin.logentry",
    "pk": 185,
    "fields": {
        "action_time": "2020-06-02T00:19:54.656Z",
        "user": [
            "webmaster"
        ],
        "content_type": [
            "sites",
            "site"
        ],
        "object_id": "1",
        "object_repr": "bridge-hospice.com",
        "action_flag": 2,
        "change_message": "[]"
    }
},
{
    "model": "admin.logentry",
    "pk": 186,
    "fields": {
        "action_time": "2020-06-02T00:21:32.015Z",
        "user": [
            "webmaster"
        ],
        "content_type": [
            "filer",
            "image"
        ],
        "object_id": "11",
        "object_repr": "BridgeHospiceLogo.png",
        "action_flag": 2,
        "change_message": "[]"
    }
},
{
    "model": "admin.logentry",
    "pk": 187,
    "fields": {
        "action_time": "2020-06-02T00:22:42.737Z",
        "user": [
            "webmaster"
        ],
        "content_type": [
            "cms",
            "page"
        ],
        "object_id": "1",
        "object_repr": "Home",
        "action_flag": 2,
        "change_message": ""
    }
},
{
    "model": "admin.logentry",
    "pk": 188,
    "fields": {
        "action_time": "2020-06-02T00:23:40.855Z",
        "user": [
            "webmaster"
        ],
        "content_type": [
            "cms",
            "page"
        ],
        "object_id": "22",
        "object_repr": "Volunteer",
        "action_flag": 2,
        "change_message": "[{\"changed\": {\"fields\": [\"xframe_options\"]}}]"
    }
},
{
    "model": "admin.logentry",
    "pk": 189,
    "fields": {
        "action_time": "2020-06-02T00:23:56.082Z",
        "user": [
            "webmaster"
        ],
        "content_type": [
            "cms",
            "page"
        ],
        "object_id": "21",
        "object_repr": "Forms",
        "action_flag": 2,
        "change_message": "[{\"changed\": {\"fields\": [\"xframe_options\"]}}]"
    }
},
{
    "model": "admin.logentry",
    "pk": 190,
    "fields": {
        "action_time": "2020-06-02T00:24:00.965Z",
        "user": [
            "webmaster"
        ],
        "content_type": [
            "cms",
            "page"
        ],
        "object_id": "21",
        "object_repr": "Forms",
        "action_flag": 2,
        "change_message": ""
    }
},
{
    "model": "admin.logentry",
    "pk": 191,
    "fields": {
        "action_time": "2020-06-02T00:25:34.932Z",
        "user": [
            "webmaster"
        ],
        "content_type": [
            "cms",
            "page"
        ],
        "object_id": "21",
        "object_repr": "Forms",
        "action_flag": 2,
        "change_message": "The en page \"Forms\" was successfully unpublished"
    }
},
{
    "model": "admin.logentry",
    "pk": 192,
    "fields": {
        "action_time": "2020-06-02T00:25:43.642Z",
        "user": [
            "webmaster"
        ],
        "content_type": [
            "cms",
            "page"
        ],
        "object_id": "21",
        "object_repr": "Forms",
        "action_flag": 2,
        "change_message": ""
    }
},
{
    "model": "admin.logentry",
    "pk": 193,
    "fields": {
        "action_time": "2020-06-02T00:25:48.955Z",
        "user": [
            "webmaster"
        ],
        "content_type": [
            "cms",
            "page"
        ],
        "object_id": "22",
        "object_repr": "Volunteer",
        "action_flag": 2,
        "change_message": ""
    }
},
{
    "model": "admin.logentry",
    "pk": 194,
    "fields": {
        "action_time": "2020-06-02T00:26:50.417Z",
        "user": [
            "webmaster"
        ],
        "content_type": [
            "cms",
            "page"
        ],
        "object_id": "22",
        "object_repr": "Volunteer",
        "action_flag": 2,
        "change_message": "[{\"changed\": {\"fields\": [\"xframe_options\"]}}]"
    }
},
{
    "model": "admin.logentry",
    "pk": 195,
    "fields": {
        "action_time": "2020-06-02T00:26:57.133Z",
        "user": [
            "webmaster"
        ],
        "content_type": [
            "cms",
            "page"
        ],
        "object_id": "22",
        "object_repr": "Volunteer",
        "action_flag": 2,
        "change_message": ""
    }
},
{
    "model": "admin.logentry",
    "pk": 196,
    "fields": {
        "action_time": "2020-06-02T00:33:32.535Z",
        "user": [
            "webmaster"
        ],
        "content_type": [
            "cms",
            "page"
        ],
        "object_id": "21",
        "object_repr": "Forms",
        "action_flag": 2,
        "change_message": ""
    }
},
{
    "model": "admin.logentry",
    "pk": 197,
    "fields": {
        "action_time": "2020-06-02T01:09:23.506Z",
        "user": [
            "webmaster"
        ],
        "content_type": [
            "cms",
            "page"
        ],
        "object_id": "28",
        "object_repr": "Thanks",
        "action_flag": 1,
        "change_message": "[{\"added\": {}}]"
    }
},
{
    "model": "admin.logentry",
    "pk": 198,
    "fields": {
        "action_time": "2020-06-02T01:09:28.170Z",
        "user": [
            "webmaster"
        ],
        "content_type": [
            "cms",
            "page"
        ],
        "object_id": "28",
        "object_repr": "Thanks",
        "action_flag": 2,
        "change_message": ""
    }
},
{
    "model": "admin.logentry",
    "pk": 199,
    "fields": {
        "action_time": "2020-06-02T01:10:14.524Z",
        "user": [
            "webmaster"
        ],
        "content_type": [
            "cms",
            "page"
        ],
        "object_id": "30",
        "object_repr": "Thanks",
        "action_flag": 1,
        "change_message": "[{\"added\": {}}]"
    }
},
{
    "model": "admin.logentry",
    "pk": 200,
    "fields": {
        "action_time": "2020-06-02T01:10:22.323Z",
        "user": [
            "webmaster"
        ],
        "content_type": [
            "cms",
            "page"
        ],
        "object_id": "28",
        "object_repr": "Thanks",
        "action_flag": 3,
        "change_message": ""
    }
},
{
    "model": "admin.logentry",
    "pk": 201,
    "fields": {
        "action_time": "2020-06-02T01:10:27.424Z",
        "user": [
            "webmaster"
        ],
        "content_type": [
            "cms",
            "page"
        ],
        "object_id": "30",
        "object_repr": "Thanks",
        "action_flag": 2,
        "change_message": ""
    }
},
{
    "model": "admin.logentry",
    "pk": 202,
    "fields": {
        "action_time": "2020-06-02T01:17:06.208Z",
        "user": [
            "webmaster"
        ],
        "content_type": [
            "cms",
            "page"
        ],
        "object_id": "1",
        "object_repr": "Home",
        "action_flag": 2,
        "change_message": ""
    }
},
{
    "model": "admin.logentry",
    "pk": 203,
    "fields": {
        "action_time": "2020-06-02T01:17:14.673Z",
        "user": [
            "webmaster"
        ],
        "content_type": [
            "cms",
            "page"
        ],
        "object_id": "30",
        "object_repr": "Thanks",
        "action_flag": 2,
        "change_message": ""
    }
},
{
    "model": "admin.logentry",
    "pk": 204,
    "fields": {
        "action_time": "2020-06-02T01:18:01.715Z",
        "user": [
            "webmaster"
        ],
        "content_type": [
            "cms",
            "page"
        ],
        "object_id": "21",
        "object_repr": "Forms",
        "action_flag": 2,
        "change_message": ""
    }
},
{
    "model": "admin.logentry",
    "pk": 205,
    "fields": {
        "action_time": "2020-06-02T01:18:06.823Z",
        "user": [
            "webmaster"
        ],
        "content_type": [
            "cms",
            "page"
        ],
        "object_id": "30",
        "object_repr": "Thanks",
        "action_flag": 2,
        "change_message": ""
    }
},
{
    "model": "admin.logentry",
    "pk": 206,
    "fields": {
        "action_time": "2020-06-02T01:51:14.185Z",
        "user": [
            "webmaster"
        ],
        "content_type": [
            "cms",
            "page"
        ],
        "object_id": "1",
        "object_repr": "Home",
        "action_flag": 2,
        "change_message": ""
    }
},
{
    "model": "admin.logentry",
    "pk": 207,
    "fields": {
        "action_time": "2020-06-02T01:51:33.435Z",
        "user": [
            "webmaster"
        ],
        "content_type": [
            "cms",
            "page"
        ],
        "object_id": "1",
        "object_repr": "Home",
        "action_flag": 2,
        "change_message": ""
    }
},
{
    "model": "admin.logentry",
    "pk": 208,
    "fields": {
        "action_time": "2020-06-02T01:58:57.904Z",
        "user": [
            "webmaster"
        ],
        "content_type": [
            "forms",
            "volunteerapplication"
        ],
        "object_id": "3",
        "object_repr": "Volunteer Application: Nicholas Jones",
        "action_flag": 3,
        "change_message": ""
    }
},
{
    "model": "admin.logentry",
    "pk": 209,
    "fields": {
        "action_time": "2020-06-02T01:58:57.925Z",
        "user": [
            "webmaster"
        ],
        "content_type": [
            "forms",
            "volunteerapplication"
        ],
        "object_id": "2",
        "object_repr": "Volunteer Application: Nicholas Jones",
        "action_flag": 3,
        "change_message": ""
    }
},
{
    "model": "admin.logentry",
    "pk": 210,
    "fields": {
        "action_time": "2020-06-02T01:58:57.933Z",
        "user": [
            "webmaster"
        ],
        "content_type": [
            "forms",
            "volunteerapplication"
        ],
        "object_id": "1",
        "object_repr": "Volunteer Application: Nicholas Jones",
        "action_flag": 3,
        "change_message": ""
    }
},
{
    "model": "admin.logentry",
    "pk": 211,
    "fields": {
        "action_time": "2020-06-02T19:05:24.209Z",
        "user": [
            "webmaster"
        ],
        "content_type": [
            "cms",
            "page"
        ],
        "object_id": "1",
        "object_repr": "Home",
        "action_flag": 2,
        "change_message": "[{\"changed\": {\"fields\": [\"meta_description\"]}}]"
    }
},
{
    "model": "admin.logentry",
    "pk": 212,
    "fields": {
        "action_time": "2020-06-02T19:05:27.783Z",
        "user": [
            "webmaster"
        ],
        "content_type": [
            "cms",
            "page"
        ],
        "object_id": "1",
        "object_repr": "Home",
        "action_flag": 2,
        "change_message": ""
    }
},
{
    "model": "admin.logentry",
    "pk": 213,
    "fields": {
        "action_time": "2020-06-02T19:07:25.454Z",
        "user": [
            "webmaster"
        ],
        "content_type": [
            "cms",
            "page"
        ],
        "object_id": "3",
        "object_repr": "Contact",
        "action_flag": 2,
        "change_message": "[{\"changed\": {\"fields\": [\"meta_description\"]}}]"
    }
},
{
    "model": "admin.logentry",
    "pk": 214,
    "fields": {
        "action_time": "2020-06-02T19:07:28.484Z",
        "user": [
            "webmaster"
        ],
        "content_type": [
            "cms",
            "page"
        ],
        "object_id": "3",
        "object_repr": "Contact",
        "action_flag": 2,
        "change_message": ""
    }
},
{
    "model": "admin.logentry",
    "pk": 215,
    "fields": {
        "action_time": "2020-06-02T19:08:04.037Z",
        "user": [
            "webmaster"
        ],
        "content_type": [
            "cms",
            "page"
        ],
        "object_id": "11",
        "object_repr": "Social",
        "action_flag": 2,
        "change_message": "[{\"changed\": {\"fields\": [\"meta_description\"]}}]"
    }
},
{
    "model": "admin.logentry",
    "pk": 216,
    "fields": {
        "action_time": "2020-06-02T19:08:06.699Z",
        "user": [
            "webmaster"
        ],
        "content_type": [
            "cms",
            "page"
        ],
        "object_id": "11",
        "object_repr": "Social",
        "action_flag": 2,
        "change_message": ""
    }
},
{
    "model": "admin.logentry",
    "pk": 217,
    "fields": {
        "action_time": "2020-06-02T19:08:46.368Z",
        "user": [
            "webmaster"
        ],
        "content_type": [
            "cms",
            "page"
        ],
        "object_id": "25",
        "object_repr": "Volunteer",
        "action_flag": 2,
        "change_message": "[{\"changed\": {\"fields\": [\"meta_description\"]}}]"
    }
},
{
    "model": "admin.logentry",
    "pk": 218,
    "fields": {
        "action_time": "2020-06-02T19:09:00.536Z",
        "user": [
            "webmaster"
        ],
        "content_type": [
            "cms",
            "page"
        ],
        "object_id": "22",
        "object_repr": "Volunteer",
        "action_flag": 2,
        "change_message": "[{\"changed\": {\"fields\": [\"meta_description\"]}}]"
    }
},
{
    "model": "admin.logentry",
    "pk": 219,
    "fields": {
        "action_time": "2020-06-02T19:09:19.590Z",
        "user": [
            "webmaster"
        ],
        "content_type": [
            "cms",
            "page"
        ],
        "object_id": "25",
        "object_repr": "Volunteer",
        "action_flag": 2,
        "change_message": ""
    }
},
{
    "model": "admin.logentry",
    "pk": 220,
    "fields": {
        "action_time": "2020-06-02T19:09:22.052Z",
        "user": [
            "webmaster"
        ],
        "content_type": [
            "cms",
            "page"
        ],
        "object_id": "22",
        "object_repr": "Volunteer",
        "action_flag": 2,
        "change_message": ""
    }
},
{
    "model": "admin.logentry",
    "pk": 221,
    "fields": {
        "action_time": "2020-06-11T20:52:18.769Z",
        "user": [
            "webmaster"
        ],
        "content_type": [
            "cms",
            "page"
        ],
        "object_id": "1",
        "object_repr": "Home",
        "action_flag": 2,
        "change_message": "[{\"changed\": {\"fields\": [\"page_title\"]}}]"
    }
},
{
    "model": "admin.logentry",
    "pk": 222,
    "fields": {
        "action_time": "2020-06-11T20:54:37.528Z",
        "user": [
            "webmaster"
        ],
        "content_type": [
            "cms",
            "page"
        ],
        "object_id": "1",
        "object_repr": "Home",
        "action_flag": 2,
        "change_message": "[]"
    }
},
{
    "model": "admin.logentry",
    "pk": 223,
    "fields": {
        "action_time": "2020-06-11T20:54:49.406Z",
        "user": [
            "webmaster"
        ],
        "content_type": [
            "cms",
            "page"
        ],
        "object_id": "1",
        "object_repr": "Home",
        "action_flag": 2,
        "change_message": ""
    }
},
{
    "model": "admin.logentry",
    "pk": 224,
    "fields": {
        "action_time": "2020-06-11T20:57:12.159Z",
        "user": [
            "webmaster"
        ],
        "content_type": [
            "cms",
            "page"
        ],
        "object_id": "1",
        "object_repr": "Bridge Hospice: providing excellent hospice care to our patients, and the community.",
        "action_flag": 2,
        "change_message": "[{\"changed\": {\"fields\": [\"title\", \"page_title\"]}}]"
    }
},
{
    "model": "admin.logentry",
    "pk": 225,
    "fields": {
        "action_time": "2020-06-11T20:59:14.427Z",
        "user": [
            "webmaster"
        ],
        "content_type": [
            "cms",
            "page"
        ],
        "object_id": "1",
        "object_repr": "Home",
        "action_flag": 2,
        "change_message": "[{\"changed\": {\"fields\": [\"title\", \"menu_title\"]}}]"
    }
},
{
    "model": "admin.logentry",
    "pk": 226,
    "fields": {
        "action_time": "2020-06-11T21:01:08.023Z",
        "user": [
            "webmaster"
        ],
        "content_type": [
            "cms",
            "page"
        ],
        "object_id": "1",
        "object_repr": "Home",
        "action_flag": 2,
        "change_message": "[{\"changed\": {\"fields\": [\"title\"]}}]"
    }
},
{
    "model": "admin.logentry",
    "pk": 227,
    "fields": {
        "action_time": "2020-06-11T21:04:13.368Z",
        "user": [
            "webmaster"
        ],
        "content_type": [
            "cms",
            "page"
        ],
        "object_id": "1",
        "object_repr": "Home",
        "action_flag": 2,
        "change_message": "[{\"changed\": {\"fields\": [\"title\"]}}]"
    }
},
{
    "model": "admin.logentry",
    "pk": 228,
    "fields": {
        "action_time": "2020-06-11T21:05:17.395Z",
        "user": [
            "webmaster"
        ],
        "content_type": [
            "cms",
            "page"
        ],
        "object_id": "1",
        "object_repr": "Home",
        "action_flag": 2,
        "change_message": "[{\"changed\": {\"fields\": [\"title\"]}}]"
    }
},
{
    "model": "admin.logentry",
    "pk": 229,
    "fields": {
        "action_time": "2020-06-11T21:06:36.224Z",
        "user": [
            "webmaster"
        ],
        "content_type": [
            "cms",
            "page"
        ],
        "object_id": "1",
        "object_repr": "Home",
        "action_flag": 2,
        "change_message": "[{\"changed\": {\"fields\": [\"title\"]}}]"
    }
},
{
    "model": "admin.logentry",
    "pk": 230,
    "fields": {
        "action_time": "2020-06-11T21:07:12.165Z",
        "user": [
            "webmaster"
        ],
        "content_type": [
            "cms",
            "page"
        ],
        "object_id": "1",
        "object_repr": "Home",
        "action_flag": 2,
        "change_message": "[{\"changed\": {\"fields\": [\"title\"]}}]"
    }
},
{
    "model": "admin.logentry",
    "pk": 231,
    "fields": {
        "action_time": "2020-06-11T21:07:36.836Z",
        "user": [
            "webmaster"
        ],
        "content_type": [
            "cms",
            "page"
        ],
        "object_id": "1",
        "object_repr": "Home",
        "action_flag": 2,
        "change_message": "[{\"changed\": {\"fields\": [\"title\"]}}]"
    }
},
{
    "model": "admin.logentry",
    "pk": 232,
    "fields": {
        "action_time": "2020-06-11T21:07:45.969Z",
        "user": [
            "webmaster"
        ],
        "content_type": [
            "cms",
            "page"
        ],
        "object_id": "1",
        "object_repr": "Bridge Hospice: Uniting the Patient and Family",
        "action_flag": 2,
        "change_message": ""
    }
},
{
    "model": "admin.logentry",
    "pk": 233,
    "fields": {
        "action_time": "2020-06-11T21:08:41.782Z",
        "user": [
            "webmaster"
        ],
        "content_type": [
            "cms",
            "page"
        ],
        "object_id": "1",
        "object_repr": "Home",
        "action_flag": 2,
        "change_message": "[]"
    }
},
{
    "model": "admin.logentry",
    "pk": 234,
    "fields": {
        "action_time": "2020-06-11T21:08:49.175Z",
        "user": [
            "webmaster"
        ],
        "content_type": [
            "cms",
            "page"
        ],
        "object_id": "1",
        "object_repr": "Bridge Hospice: Uniting the Patient and Family",
        "action_flag": 2,
        "change_message": ""
    }
},
{
    "model": "admin.logentry",
    "pk": 235,
    "fields": {
        "action_time": "2020-06-11T21:15:02.521Z",
        "user": [
            "webmaster"
        ],
        "content_type": [
            "cms",
            "page"
        ],
        "object_id": "3",
        "object_repr": "Contact Us - Address, Phone, & Email | Bridge Hospice",
        "action_flag": 2,
        "change_message": "[{\"changed\": {\"fields\": [\"title\"]}}]"
    }
},
{
    "model": "admin.logentry",
    "pk": 236,
    "fields": {
        "action_time": "2020-06-11T21:15:33.355Z",
        "user": [
            "webmaster"
        ],
        "content_type": [
            "cms",
            "page"
        ],
        "object_id": "3",
        "object_repr": "Contact",
        "action_flag": 2,
        "change_message": "[{\"changed\": {\"fields\": [\"menu_title\"]}}]"
    }
},
{
    "model": "admin.logentry",
    "pk": 237,
    "fields": {
        "action_time": "2020-06-11T21:15:44.507Z",
        "user": [
            "webmaster"
        ],
        "content_type": [
            "cms",
            "page"
        ],
        "object_id": "3",
        "object_repr": "Contact Us - Address, Phone, & Email | Bridge Hospice",
        "action_flag": 2,
        "change_message": ""
    }
},
{
    "model": "admin.logentry",
    "pk": 238,
    "fields": {
        "action_time": "2020-06-11T21:16:12.769Z",
        "user": [
            "webmaster"
        ],
        "content_type": [
            "cms",
            "page"
        ],
        "object_id": "3",
        "object_repr": "Contact",
        "action_flag": 2,
        "change_message": "[{\"changed\": {\"fields\": [\"page_title\"]}}]"
    }
},
{
    "model": "admin.logentry",
    "pk": 239,
    "fields": {
        "action_time": "2020-06-11T21:16:31.453Z",
        "user": [
            "webmaster"
        ],
        "content_type": [
            "cms",
            "page"
        ],
        "object_id": "3",
        "object_repr": "Contact Us - Address, Phone, & Email | Bridge Hospice",
        "action_flag": 2,
        "change_message": ""
    }
},
{
    "model": "admin.logentry",
    "pk": 240,
    "fields": {
        "action_time": "2020-06-11T21:19:34.664Z",
        "user": [
            "webmaster"
        ],
        "content_type": [
            "cms",
            "page"
        ],
        "object_id": "11",
        "object_repr": "Social",
        "action_flag": 2,
        "change_message": "[{\"changed\": {\"fields\": [\"title\", \"menu_title\", \"page_title\", \"meta_description\"]}}]"
    }
},
{
    "model": "admin.logentry",
    "pk": 241,
    "fields": {
        "action_time": "2020-06-11T21:19:57.226Z",
        "user": [
            "webmaster"
        ],
        "content_type": [
            "cms",
            "page"
        ],
        "object_id": "11",
        "object_repr": "Social Media - Community Information | Bridge Hospice",
        "action_flag": 2,
        "change_message": ""
    }
},
{
    "model": "admin.logentry",
    "pk": 242,
    "fields": {
        "action_time": "2020-06-11T21:23:06.368Z",
        "user": [
            "webmaster"
        ],
        "content_type": [
            "cms",
            "page"
        ],
        "object_id": "25",
        "object_repr": "Volunteer",
        "action_flag": 2,
        "change_message": "[{\"changed\": {\"fields\": [\"title\", \"menu_title\", \"page_title\", \"meta_description\"]}}]"
    }
},
{
    "model": "admin.logentry",
    "pk": 243,
    "fields": {
        "action_time": "2020-06-11T21:24:07.436Z",
        "user": [
            "webmaster"
        ],
        "content_type": [
            "cms",
            "page"
        ],
        "object_id": "25",
        "object_repr": "Volunteer",
        "action_flag": 2,
        "change_message": "[{\"changed\": {\"fields\": [\"page_title\"]}}]"
    }
},
{
    "model": "admin.logentry",
    "pk": 244,
    "fields": {
        "action_time": "2020-06-11T21:24:52.719Z",
        "user": [
            "webmaster"
        ],
        "content_type": [
            "cms",
            "page"
        ],
        "object_id": "25",
        "object_repr": "Volunteer",
        "action_flag": 2,
        "change_message": "[{\"changed\": {\"fields\": [\"page_title\"]}}]"
    }
},
{
    "model": "admin.logentry",
    "pk": 245,
    "fields": {
        "action_time": "2020-06-11T21:25:10.472Z",
        "user": [
            "webmaster"
        ],
        "content_type": [
            "cms",
            "page"
        ],
        "object_id": "25",
        "object_repr": "Volunteer - Community Development | Bridge Hospice",
        "action_flag": 2,
        "change_message": ""
    }
},
{
    "model": "admin.logentry",
    "pk": 246,
    "fields": {
        "action_time": "2020-06-11T21:30:07.070Z",
        "user": [
            "webmaster"
        ],
        "content_type": [
            "cms",
            "page"
        ],
        "object_id": "7",
        "object_repr": "Valor",
        "action_flag": 2,
        "change_message": "[{\"changed\": {\"fields\": [\"title\", \"menu_title\", \"page_title\", \"meta_description\"]}}]"
    }
},
{
    "model": "admin.logentry",
    "pk": 247,
    "fields": {
        "action_time": "2020-06-11T21:34:00.451Z",
        "user": [
            "webmaster"
        ],
        "content_type": [
            "cms",
            "page"
        ],
        "object_id": "8",
        "object_repr": "Donation",
        "action_flag": 2,
        "change_message": "[{\"changed\": {\"fields\": [\"title\", \"menu_title\", \"page_title\", \"meta_description\"]}}]"
    }
},
{
    "model": "admin.logentry",
    "pk": 248,
    "fields": {
        "action_time": "2020-06-11T21:34:13.809Z",
        "user": [
            "webmaster"
        ],
        "content_type": [
            "cms",
            "page"
        ],
        "object_id": "5",
        "object_repr": "Development",
        "action_flag": 3,
        "change_message": ""
    }
},
{
    "model": "admin.logentry",
    "pk": 249,
    "fields": {
        "action_time": "2020-06-11T21:34:29.071Z",
        "user": [
            "webmaster"
        ],
        "content_type": [
            "cms",
            "page"
        ],
        "object_id": "7",
        "object_repr": "Valor - Military & Public Safety | Bridge Hospice",
        "action_flag": 2,
        "change_message": ""
    }
},
{
    "model": "admin.logentry",
    "pk": 250,
    "fields": {
        "action_time": "2020-06-11T21:34:32.101Z",
        "user": [
            "webmaster"
        ],
        "content_type": [
            "cms",
            "page"
        ],
        "object_id": "8",
        "object_repr": "Donations - Dave's Wish | Bridge Hospice",
        "action_flag": 2,
        "change_message": ""
    }
},
{
    "model": "admin.logentry",
    "pk": 251,
    "fields": {
        "action_time": "2020-06-11T21:35:42.700Z",
        "user": [
            "webmaster"
        ],
        "content_type": [
            "cms",
            "page"
        ],
        "object_id": "7",
        "object_repr": "Valor",
        "action_flag": 2,
        "change_message": "[{\"changed\": {\"fields\": [\"page_title\"]}}]"
    }
},
{
    "model": "admin.logentry",
    "pk": 252,
    "fields": {
        "action_time": "2020-06-11T21:36:47.716Z",
        "user": [
            "webmaster"
        ],
        "content_type": [
            "cms",
            "page"
        ],
        "object_id": "7",
        "object_repr": "Valor",
        "action_flag": 2,
        "change_message": "[{\"changed\": {\"fields\": [\"page_title\"]}}]"
    }
},
{
    "model": "admin.logentry",
    "pk": 253,
    "fields": {
        "action_time": "2020-06-11T21:37:30.136Z",
        "user": [
            "webmaster"
        ],
        "content_type": [
            "cms",
            "page"
        ],
        "object_id": "7",
        "object_repr": "Valor",
        "action_flag": 2,
        "change_message": "[{\"changed\": {\"fields\": [\"page_title\"]}}]"
    }
},
{
    "model": "admin.logentry",
    "pk": 254,
    "fields": {
        "action_time": "2020-06-11T21:38:32.687Z",
        "user": [
            "webmaster"
        ],
        "content_type": [
            "cms",
            "page"
        ],
        "object_id": "7",
        "object_repr": "Valor - Military & Public Safety | Bridge Hospice",
        "action_flag": 2,
        "change_message": ""
    }
},
{
    "model": "admin.logentry",
    "pk": 255,
    "fields": {
        "action_time": "2020-06-11T21:42:12.700Z",
        "user": [
            "webmaster"
        ],
        "content_type": [
            "djangocms_snippet",
            "snippet"
        ],
        "object_id": "10",
        "object_repr": "Carousel Script",
        "action_flag": 1,
        "change_message": "[{\"added\": {}}]"
    }
},
{
    "model": "admin.logentry",
    "pk": 256,
    "fields": {
        "action_time": "2020-06-11T21:58:43.143Z",
        "user": [
            "webmaster"
        ],
        "content_type": [
            "djangocms_snippet",
            "snippet"
        ],
        "object_id": "10",
        "object_repr": "Carousel Script",
        "action_flag": 2,
        "change_message": "[{\"changed\": {\"fields\": [\"html\"]}}]"
    }
},
{
    "model": "admin.logentry",
    "pk": 257,
    "fields": {
        "action_time": "2020-06-11T22:00:23.424Z",
        "user": [
            "webmaster"
        ],
        "content_type": [
            "djangocms_snippet",
            "snippet"
        ],
        "object_id": "10",
        "object_repr": "Carousel Script",
        "action_flag": 2,
        "change_message": "[{\"changed\": {\"fields\": [\"html\"]}}]"
    }
},
{
    "model": "admin.logentry",
    "pk": 258,
    "fields": {
        "action_time": "2020-06-11T22:00:56.818Z",
        "user": [
            "webmaster"
        ],
        "content_type": [
            "djangocms_text_ckeditor",
            "text"
        ],
        "object_id": "1852",
        "object_repr": "test",
        "action_flag": 3,
        "change_message": ""
    }
},
{
    "model": "admin.logentry",
    "pk": 259,
    "fields": {
        "action_time": "2020-06-11T22:01:23.770Z",
        "user": [
            "webmaster"
        ],
        "content_type": [
            "djangocms_snippet",
            "snippet"
        ],
        "object_id": "10",
        "object_repr": "Carousel Script",
        "action_flag": 2,
        "change_message": "[]"
    }
},
{
    "model": "admin.logentry",
    "pk": 260,
    "fields": {
        "action_time": "2020-06-11T22:08:58.587Z",
        "user": [
            "webmaster"
        ],
        "content_type": [
            "djangocms_snippet",
            "snippet"
        ],
        "object_id": "10",
        "object_repr": "Carousel Script",
        "action_flag": 2,
        "change_message": "[{\"changed\": {\"fields\": [\"html\"]}}]"
    }
},
{
    "model": "admin.logentry",
    "pk": 261,
    "fields": {
        "action_time": "2020-06-11T22:13:01.063Z",
        "user": [
            "webmaster"
        ],
        "content_type": [
            "djangocms_snippet",
            "snippet"
        ],
        "object_id": "10",
        "object_repr": "Carousel Script",
        "action_flag": 2,
        "change_message": "[{\"changed\": {\"fields\": [\"html\"]}}]"
    }
},
{
    "model": "admin.logentry",
    "pk": 262,
    "fields": {
        "action_time": "2020-06-11T22:15:39.612Z",
        "user": [
            "webmaster"
        ],
        "content_type": [
            "djangocms_snippet",
            "snippet"
        ],
        "object_id": "10",
        "object_repr": "Carousel Script",
        "action_flag": 2,
        "change_message": "[{\"changed\": {\"fields\": [\"html\"]}}]"
    }
},
{
    "model": "admin.logentry",
    "pk": 263,
    "fields": {
        "action_time": "2020-06-11T22:30:17.416Z",
        "user": [
            "webmaster"
        ],
        "content_type": [
            "djangocms_snippet",
            "snippet"
        ],
        "object_id": "10",
        "object_repr": "Carousel Script",
        "action_flag": 2,
        "change_message": "[{\"changed\": {\"fields\": [\"html\"]}}]"
    }
},
{
    "model": "admin.logentry",
    "pk": 264,
    "fields": {
        "action_time": "2020-06-11T22:38:32.136Z",
        "user": [
            "webmaster"
        ],
        "content_type": [
            "djangocms_snippet",
            "snippet"
        ],
        "object_id": "10",
        "object_repr": "Carousel Script",
        "action_flag": 2,
        "change_message": "[{\"changed\": {\"fields\": [\"html\"]}}]"
    }
},
{
    "model": "admin.logentry",
    "pk": 265,
    "fields": {
        "action_time": "2020-06-11T22:39:14.480Z",
        "user": [
            "webmaster"
        ],
        "content_type": [
            "djangocms_snippet",
            "snippet"
        ],
        "object_id": "10",
        "object_repr": "Carousel Script",
        "action_flag": 2,
        "change_message": "[{\"changed\": {\"fields\": [\"html\"]}}]"
    }
},
{
    "model": "admin.logentry",
    "pk": 266,
    "fields": {
        "action_time": "2020-06-11T22:39:55.296Z",
        "user": [
            "webmaster"
        ],
        "content_type": [
            "djangocms_snippet",
            "snippet"
        ],
        "object_id": "10",
        "object_repr": "Carousel Script",
        "action_flag": 2,
        "change_message": "[{\"changed\": {\"fields\": [\"html\"]}}]"
    }
},
{
    "model": "admin.logentry",
    "pk": 267,
    "fields": {
        "action_time": "2020-06-11T22:46:30.557Z",
        "user": [
            "webmaster"
        ],
        "content_type": [
            "djangocms_snippet",
            "snippet"
        ],
        "object_id": "10",
        "object_repr": "Carousel Script",
        "action_flag": 2,
        "change_message": "[{\"changed\": {\"fields\": [\"html\"]}}]"
    }
},
{
    "model": "admin.logentry",
    "pk": 268,
    "fields": {
        "action_time": "2020-06-11T22:47:27.566Z",
        "user": [
            "webmaster"
        ],
        "content_type": [
            "djangocms_snippet",
            "snippet"
        ],
        "object_id": "10",
        "object_repr": "Carousel Script",
        "action_flag": 2,
        "change_message": "[{\"changed\": {\"fields\": [\"html\"]}}]"
    }
},
{
    "model": "admin.logentry",
    "pk": 269,
    "fields": {
        "action_time": "2020-06-11T22:50:31.791Z",
        "user": [
            "webmaster"
        ],
        "content_type": [
            "djangocms_snippet",
            "snippet"
        ],
        "object_id": "10",
        "object_repr": "Carousel Script",
        "action_flag": 2,
        "change_message": "[{\"changed\": {\"fields\": [\"html\"]}}]"
    }
},
{
    "model": "admin.logentry",
    "pk": 270,
    "fields": {
        "action_time": "2020-06-11T23:08:46.249Z",
        "user": [
            "webmaster"
        ],
        "content_type": [
            "cms",
            "page"
        ],
        "object_id": "1",
        "object_repr": "Bridge Hospice: Uniting the Patient and Family",
        "action_flag": 2,
        "change_message": ""
    }
},
{
    "model": "admin.logentry",
    "pk": 271,
    "fields": {
        "action_time": "2020-06-11T23:09:12.600Z",
        "user": [
            "webmaster"
        ],
        "content_type": [
            "cms",
            "page"
        ],
        "object_id": "25",
        "object_repr": "Volunteer - Community Development | Bridge Hospice",
        "action_flag": 2,
        "change_message": ""
    }
},
{
    "model": "admin.logentry",
    "pk": 272,
    "fields": {
        "action_time": "2020-06-12T17:57:22.142Z",
        "user": [
            "webmaster"
        ],
        "content_type": [
            "filer",
            "image"
        ],
        "object_id": "11",
        "object_repr": "BridgeHospiceLogo.png",
        "action_flag": 3,
        "change_message": ""
    }
},
{
    "model": "admin.logentry",
    "pk": 273,
    "fields": {
        "action_time": "2020-06-12T17:57:24.533Z",
        "user": [
            "webmaster"
        ],
        "content_type": [
            "filer",
            "image"
        ],
        "object_id": "12",
        "object_repr": "BridgeHospiceLogo.png",
        "action_flag": 3,
        "change_message": ""
    }
},
{
    "model": "admin.logentry",
    "pk": 274,
    "fields": {
        "action_time": "2020-06-12T17:58:35.698Z",
        "user": [
            "webmaster"
        ],
        "content_type": [
            "filer",
            "image"
        ],
        "object_id": "13",
        "object_repr": "BridgeHospiceLogo.png",
        "action_flag": 2,
        "change_message": "[{\"changed\": {\"fields\": [\"subject_location\"]}}]"
    }
},
{
    "model": "admin.logentry",
    "pk": 275,
    "fields": {
        "action_time": "2020-06-12T17:58:50.226Z",
        "user": [
            "webmaster"
        ],
        "content_type": [
            "cms",
            "page"
        ],
        "object_id": "1",
        "object_repr": "Bridge Hospice: Uniting the Patient and Family",
        "action_flag": 2,
        "change_message": ""
    }
},
{
    "model": "admin.logentry",
    "pk": 276,
    "fields": {
        "action_time": "2020-06-12T18:35:41.386Z",
        "user": [
            "webmaster"
        ],
        "content_type": [
            "cms",
            "page"
        ],
        "object_id": "32",
        "object_repr": "test1",
        "action_flag": 1,
        "change_message": "[{\"added\": {}}]"
    }
},
{
    "model": "admin.logentry",
    "pk": 277,
    "fields": {
        "action_time": "2020-06-12T19:12:10.736Z",
        "user": [
            "webmaster"
        ],
        "content_type": [
            "filer",
            "image"
        ],
        "object_id": "11",
        "object_repr": "BridgeHospiceLogo.png",
        "action_flag": 3,
        "change_message": ""
    }
},
{
    "model": "admin.logentry",
    "pk": 278,
    "fields": {
        "action_time": "2020-06-12T19:12:12.946Z",
        "user": [
            "webmaster"
        ],
        "content_type": [
            "filer",
            "image"
        ],
        "object_id": "12",
        "object_repr": "BridgeHospiceLogo.png",
        "action_flag": 3,
        "change_message": ""
    }
},
{
    "model": "admin.logentry",
    "pk": 279,
    "fields": {
        "action_time": "2020-06-12T19:13:32.723Z",
        "user": [
            "webmaster"
        ],
        "content_type": [
            "cms",
            "page"
        ],
        "object_id": "1",
        "object_repr": "Bridge Hospice: Uniting the Patient and Family",
        "action_flag": 2,
        "change_message": ""
    }
},
{
    "model": "admin.logentry",
    "pk": 280,
    "fields": {
        "action_time": "2020-06-12T19:22:45.612Z",
        "user": [
            "webmaster"
        ],
        "content_type": [
            "cms",
            "page"
        ],
        "object_id": "32",
        "object_repr": "test1",
        "action_flag": 2,
        "change_message": ""
    }
},
{
    "model": "admin.logentry",
    "pk": 281,
    "fields": {
        "action_time": "2020-06-12T20:30:41.199Z",
        "user": [
            "webmaster"
        ],
        "content_type": [
            "cms",
            "page"
        ],
        "object_id": "34",
        "object_repr": "test2",
        "action_flag": 1,
        "change_message": "[{\"added\": {}}]"
    }
},
{
    "model": "admin.logentry",
    "pk": 282,
    "fields": {
        "action_time": "2020-06-12T20:30:53.182Z",
        "user": [
            "webmaster"
        ],
        "content_type": [
            "cms",
            "page"
        ],
        "object_id": "35",
        "object_repr": "test7",
        "action_flag": 1,
        "change_message": "[{\"added\": {}}]"
    }
},
{
    "model": "admin.logentry",
    "pk": 283,
    "fields": {
        "action_time": "2020-06-12T21:30:00.137Z",
        "user": [
            "webmaster"
        ],
        "content_type": [
            "cms",
            "page"
        ],
        "object_id": "32",
        "object_repr": "test1",
        "action_flag": 3,
        "change_message": ""
    }
},
{
    "model": "admin.logentry",
    "pk": 284,
    "fields": {
        "action_time": "2020-06-12T21:30:29.897Z",
        "user": [
            "webmaster"
        ],
        "content_type": [
            "cms",
            "page"
        ],
        "object_id": "34",
        "object_repr": "test2",
        "action_flag": 3,
        "change_message": ""
    }
},
{
    "model": "admin.logentry",
    "pk": 285,
    "fields": {
        "action_time": "2020-06-12T21:40:21.166Z",
        "user": [
            "webmaster"
        ],
        "content_type": [
            "cms",
            "page"
        ],
        "object_id": "22",
        "object_repr": "Application",
        "action_flag": 2,
        "change_message": "[{\"changed\": {\"fields\": [\"title\", \"slug\"]}}]"
    }
},
{
    "model": "admin.logentry",
    "pk": 286,
    "fields": {
        "action_time": "2020-06-12T21:40:33.267Z",
        "user": [
            "webmaster"
        ],
        "content_type": [
            "cms",
            "page"
        ],
        "object_id": "22",
        "object_repr": "Application",
        "action_flag": 2,
        "change_message": ""
    }
},
{
    "model": "admin.logentry",
    "pk": 287,
    "fields": {
        "action_time": "2020-06-12T21:42:19.374Z",
        "user": [
            "webmaster"
        ],
        "content_type": [
            "cms",
            "page"
        ],
        "object_id": "22",
        "object_repr": "Volunteer",
        "action_flag": 2,
        "change_message": "[{\"changed\": {\"fields\": [\"title\", \"slug\"]}}]"
    }
},
{
    "model": "admin.logentry",
    "pk": 288,
    "fields": {
        "action_time": "2020-06-12T21:43:19.078Z",
        "user": [
            "webmaster"
        ],
        "content_type": [
            "cms",
            "page"
        ],
        "object_id": "22",
        "object_repr": "Volunteer",
        "action_flag": 2,
        "change_message": ""
    }
},
{
    "model": "admin.logentry",
    "pk": 289,
    "fields": {
        "action_time": "2020-06-12T21:46:34.769Z",
        "user": [
            "webmaster"
        ],
        "content_type": [
            "cms",
            "page"
        ],
        "object_id": "7",
        "object_repr": "Valor - Military & Public Safety | Bridge Hospice",
        "action_flag": 2,
        "change_message": ""
    }
},
{
    "model": "admin.logentry",
    "pk": 290,
    "fields": {
        "action_time": "2020-06-12T21:46:45.024Z",
        "user": [
            "webmaster"
        ],
        "content_type": [
            "cms",
            "page"
        ],
        "object_id": "8",
        "object_repr": "Donations - Dave's Wish | Bridge Hospice",
        "action_flag": 2,
        "change_message": ""
    }
},
{
    "model": "admin.logentry",
    "pk": 291,
    "fields": {
        "action_time": "2020-06-12T23:11:01.941Z",
        "user": [
            "webmaster"
        ],
        "content_type": [
            "cms",
            "page"
        ],
        "object_id": "3",
        "object_repr": "Contact Us - Address, Phone, & Email | Bridge Hospice",
        "action_flag": 2,
        "change_message": ""
    }
},
{
    "model": "admin.logentry",
    "pk": 292,
    "fields": {
        "action_time": "2020-06-12T23:27:48.917Z",
        "user": [
            "webmaster"
        ],
        "content_type": [
            "djangocms_snippet",
            "snippet"
        ],
        "object_id": "11",
        "object_repr": "Hand Medical Normal",
        "action_flag": 1,
        "change_message": "[{\"added\": {}}]"
    }
},
{
    "model": "admin.logentry",
    "pk": 293,
    "fields": {
        "action_time": "2020-06-12T23:45:57.685Z",
        "user": [
            "webmaster"
        ],
        "content_type": [
            "cms",
            "page"
        ],
        "object_id": "1",
        "object_repr": "Bridge Hospice: Uniting the Patient and Family",
        "action_flag": 2,
        "change_message": ""
    }
},
{
    "model": "admin.logentry",
    "pk": 294,
    "fields": {
        "action_time": "2020-06-12T23:46:02.660Z",
        "user": [
            "webmaster"
        ],
        "content_type": [
            "cms",
            "page"
        ],
        "object_id": "25",
        "object_repr": "Volunteer - Community Development | Bridge Hospice",
        "action_flag": 2,
        "change_message": ""
    }
},
{
    "model": "admin.logentry",
    "pk": 295,
    "fields": {
        "action_time": "2020-06-12T23:47:13.068Z",
        "user": [
            "webmaster"
        ],
        "content_type": [
            "djangocms_snippet",
            "snippet"
        ],
        "object_id": "8",
        "object_repr": "twitter feed",
        "action_flag": 2,
        "change_message": "[{\"changed\": {\"fields\": [\"html\"]}}]"
    }
},
{
    "model": "admin.logentry",
    "pk": 296,
    "fields": {
        "action_time": "2020-06-12T23:47:29.690Z",
        "user": [
            "webmaster"
        ],
        "content_type": [
            "djangocms_snippet",
            "snippet"
        ],
        "object_id": "8",
        "object_repr": "twitter feed",
        "action_flag": 2,
        "change_message": "[{\"changed\": {\"fields\": [\"html\"]}}]"
    }
},
{
    "model": "admin.logentry",
    "pk": 297,
    "fields": {
        "action_time": "2020-06-12T23:47:55.560Z",
        "user": [
            "webmaster"
        ],
        "content_type": [
            "djangocms_snippet",
            "snippet"
        ],
        "object_id": "6",
        "object_repr": "Facebook Feed",
        "action_flag": 2,
        "change_message": "[{\"changed\": {\"fields\": [\"html\"]}}]"
    }
},
{
    "model": "admin.logentry",
    "pk": 298,
    "fields": {
        "action_time": "2020-06-12T23:48:21.307Z",
        "user": [
            "webmaster"
        ],
        "content_type": [
            "djangocms_snippet",
            "snippet"
        ],
        "object_id": "9",
        "object_repr": "instagram feed",
        "action_flag": 2,
        "change_message": "[{\"changed\": {\"fields\": [\"html\"]}}]"
    }
},
{
    "model": "admin.logentry",
    "pk": 299,
    "fields": {
        "action_time": "2020-06-12T23:49:14.169Z",
        "user": [
            "webmaster"
        ],
        "content_type": [
            "cms",
            "page"
        ],
        "object_id": "11",
        "object_repr": "Social Media - Community Information | Bridge Hospice",
        "action_flag": 2,
        "change_message": ""
    }
},
{
    "model": "admin.logentry",
    "pk": 300,
    "fields": {
        "action_time": "2020-06-13T00:26:25.875Z",
        "user": [
            "webmaster"
        ],
        "content_type": [
            "cms",
            "page"
        ],
        "object_id": "1",
        "object_repr": "Bridge Hospice: Uniting the Patient and Family",
        "action_flag": 2,
        "change_message": ""
    }
},
{
    "model": "admin.logentry",
    "pk": 301,
    "fields": {
        "action_time": "2020-06-13T00:27:44.033Z",
        "user": [
            "webmaster"
        ],
        "content_type": [
            "cms",
            "page"
        ],
        "object_id": "1",
        "object_repr": "Bridge Hospice: Uniting the Patient and Family",
        "action_flag": 2,
        "change_message": ""
    }
},
{
    "model": "admin.logentry",
    "pk": 302,
    "fields": {
        "action_time": "2020-06-13T00:28:44.350Z",
        "user": [
            "webmaster"
        ],
        "content_type": [
            "cms",
            "page"
        ],
        "object_id": "25",
        "object_repr": "Volunteer - Community Development | Bridge Hospice",
        "action_flag": 2,
        "change_message": ""
    }
},
{
    "model": "admin.logentry",
    "pk": 303,
    "fields": {
        "action_time": "2020-06-13T00:29:04.086Z",
        "user": [
            "webmaster"
        ],
        "content_type": [
            "cms",
            "page"
        ],
        "object_id": "3",
        "object_repr": "Contact Us - Address, Phone, & Email | Bridge Hospice",
        "action_flag": 2,
        "change_message": ""
    }
},
{
    "model": "admin.logentry",
    "pk": 304,
    "fields": {
        "action_time": "2020-06-13T00:29:34.732Z",
        "user": [
            "webmaster"
        ],
        "content_type": [
            "cms",
            "page"
        ],
        "object_id": "11",
        "object_repr": "Social Media - Community Information | Bridge Hospice",
        "action_flag": 2,
        "change_message": ""
    }
},
{
    "model": "admin.logentry",
    "pk": 305,
    "fields": {
        "action_time": "2020-06-13T00:34:51.376Z",
        "user": [
            "webmaster"
        ],
        "content_type": [
            "cms",
            "page"
        ],
        "object_id": "1",
        "object_repr": "Bridge Hospice: Uniting the Patient and Family",
        "action_flag": 2,
        "change_message": "The en page \"Home\" was successfully unpublished"
    }
},
{
    "model": "admin.logentry",
    "pk": 306,
    "fields": {
        "action_time": "2020-06-13T00:34:57.007Z",
        "user": [
            "webmaster"
        ],
        "content_type": [
            "cms",
            "page"
        ],
        "object_id": "1",
        "object_repr": "Bridge Hospice: Uniting the Patient and Family",
        "action_flag": 2,
        "change_message": ""
    }
},
{
    "model": "admin.logentry",
    "pk": 307,
    "fields": {
        "action_time": "2020-06-13T00:36:22.010Z",
        "user": [
            "webmaster"
        ],
        "content_type": [
            "cms",
            "page"
        ],
        "object_id": "3",
        "object_repr": "Contact Us - Address, Phone, & Email | Bridge Hospice",
        "action_flag": 2,
        "change_message": "The en page \"Contact\" was successfully unpublished"
    }
},
{
    "model": "admin.logentry",
    "pk": 308,
    "fields": {
        "action_time": "2020-06-13T00:36:33.883Z",
        "user": [
            "webmaster"
        ],
        "content_type": [
            "cms",
            "page"
        ],
        "object_id": "25",
        "object_repr": "Volunteer - Community Development | Bridge Hospice",
        "action_flag": 2,
        "change_message": "The en page \"Volunteer\" was successfully unpublished"
    }
},
{
    "model": "admin.logentry",
    "pk": 309,
    "fields": {
        "action_time": "2020-06-13T00:36:36.310Z",
        "user": [
            "webmaster"
        ],
        "content_type": [
            "cms",
            "page"
        ],
        "object_id": "11",
        "object_repr": "Social Media - Community Information | Bridge Hospice",
        "action_flag": 2,
        "change_message": "The en page \"Social\" was successfully unpublished"
    }
},
{
    "model": "admin.logentry",
    "pk": 310,
    "fields": {
        "action_time": "2020-06-13T00:36:38.859Z",
        "user": [
            "webmaster"
        ],
        "content_type": [
            "cms",
            "page"
        ],
        "object_id": "8",
        "object_repr": "Donations - Dave's Wish | Bridge Hospice",
        "action_flag": 2,
        "change_message": "The en page \"Donation\" was successfully unpublished"
    }
},
{
    "model": "admin.logentry",
    "pk": 311,
    "fields": {
        "action_time": "2020-06-13T00:36:41.851Z",
        "user": [
            "webmaster"
        ],
        "content_type": [
            "cms",
            "page"
        ],
        "object_id": "7",
        "object_repr": "Valor - Military & Public Safety | Bridge Hospice",
        "action_flag": 2,
        "change_message": "The en page \"Valor\" was successfully unpublished"
    }
},
{
    "model": "admin.logentry",
    "pk": 312,
    "fields": {
        "action_time": "2020-06-13T00:36:44.150Z",
        "user": [
            "webmaster"
        ],
        "content_type": [
            "cms",
            "page"
        ],
        "object_id": "21",
        "object_repr": "Forms",
        "action_flag": 2,
        "change_message": "The en page \"Forms\" was successfully unpublished"
    }
},
{
    "model": "admin.logentry",
    "pk": 313,
    "fields": {
        "action_time": "2020-06-13T00:36:51.914Z",
        "user": [
            "webmaster"
        ],
        "content_type": [
            "cms",
            "page"
        ],
        "object_id": "3",
        "object_repr": "Contact Us - Address, Phone, & Email | Bridge Hospice",
        "action_flag": 2,
        "change_message": ""
    }
},
{
    "model": "admin.logentry",
    "pk": 314,
    "fields": {
        "action_time": "2020-06-13T00:36:54.380Z",
        "user": [
            "webmaster"
        ],
        "content_type": [
            "cms",
            "page"
        ],
        "object_id": "25",
        "object_repr": "Volunteer - Community Development | Bridge Hospice",
        "action_flag": 2,
        "change_message": ""
    }
},
{
    "model": "admin.logentry",
    "pk": 315,
    "fields": {
        "action_time": "2020-06-13T00:36:56.896Z",
        "user": [
            "webmaster"
        ],
        "content_type": [
            "cms",
            "page"
        ],
        "object_id": "11",
        "object_repr": "Social Media - Community Information | Bridge Hospice",
        "action_flag": 2,
        "change_message": ""
    }
},
{
    "model": "admin.logentry",
    "pk": 316,
    "fields": {
        "action_time": "2020-06-13T00:36:59.268Z",
        "user": [
            "webmaster"
        ],
        "content_type": [
            "cms",
            "page"
        ],
        "object_id": "8",
        "object_repr": "Donations - Dave's Wish | Bridge Hospice",
        "action_flag": 2,
        "change_message": ""
    }
},
{
    "model": "admin.logentry",
    "pk": 317,
    "fields": {
        "action_time": "2020-06-13T00:37:01.529Z",
        "user": [
            "webmaster"
        ],
        "content_type": [
            "cms",
            "page"
        ],
        "object_id": "7",
        "object_repr": "Valor - Military & Public Safety | Bridge Hospice",
        "action_flag": 2,
        "change_message": ""
    }
},
{
    "model": "admin.logentry",
    "pk": 318,
    "fields": {
        "action_time": "2020-06-13T00:37:03.746Z",
        "user": [
            "webmaster"
        ],
        "content_type": [
            "cms",
            "page"
        ],
        "object_id": "21",
        "object_repr": "Forms",
        "action_flag": 2,
        "change_message": ""
    }
},
{
    "model": "admin.logentry",
    "pk": 319,
    "fields": {
        "action_time": "2020-06-13T00:38:54.080Z",
        "user": [
            "webmaster"
        ],
        "content_type": [
            "cms",
            "page"
        ],
        "object_id": "1",
        "object_repr": "Bridge Hospice: Uniting the Patient and Family",
        "action_flag": 2,
        "change_message": "The en page \"Home\" was successfully unpublished"
    }
},
{
    "model": "admin.logentry",
    "pk": 320,
    "fields": {
        "action_time": "2020-06-13T00:38:57.461Z",
        "user": [
            "webmaster"
        ],
        "content_type": [
            "cms",
            "page"
        ],
        "object_id": "1",
        "object_repr": "Bridge Hospice: Uniting the Patient and Family",
        "action_flag": 2,
        "change_message": ""
    }
},
{
    "model": "admin.logentry",
    "pk": 321,
    "fields": {
        "action_time": "2020-06-13T00:39:35.718Z",
        "user": [
            "webmaster"
        ],
        "content_type": [
            "cms",
            "page"
        ],
        "object_id": "1",
        "object_repr": "Bridge Hospice: Uniting the Patient and Family",
        "action_flag": 2,
        "change_message": ""
    }
},
{
    "model": "admin.logentry",
    "pk": 322,
    "fields": {
        "action_time": "2020-06-13T00:41:07.865Z",
        "user": [
            "webmaster"
        ],
        "content_type": [
            "cms",
            "page"
        ],
        "object_id": "1",
        "object_repr": "Bridge Hospice: Uniting the Patient and Family",
        "action_flag": 2,
        "change_message": ""
    }
},
{
    "model": "admin.logentry",
    "pk": 323,
    "fields": {
        "action_time": "2020-06-13T01:42:44.487Z",
        "user": [
            "webmaster"
        ],
        "content_type": [
            "cms",
            "page"
        ],
        "object_id": "25",
        "object_repr": "Volunteer",
        "action_flag": 2,
        "change_message": "[{\"changed\": {\"fields\": [\"page_title\"]}}]"
    }
},
{
    "model": "admin.logentry",
    "pk": 324,
    "fields": {
        "action_time": "2020-06-13T01:42:50.421Z",
        "user": [
            "webmaster"
        ],
        "content_type": [
            "cms",
            "page"
        ],
        "object_id": "25",
        "object_repr": "Volunteer - Community Development | Bridge Hospice",
        "action_flag": 2,
        "change_message": ""
    }
},
{
    "model": "admin.logentry",
    "pk": 325,
    "fields": {
        "action_time": "2020-06-13T01:59:39.098Z",
        "user": [
            "webmaster"
        ],
        "content_type": [
            "cms",
            "page"
        ],
        "object_id": "1",
        "object_repr": "Bridge Hospice: Uniting the Patient and Family",
        "action_flag": 2,
        "change_message": ""
    }
},
{
    "model": "admin.logentry",
    "pk": 326,
    "fields": {
        "action_time": "2020-06-13T03:24:48.541Z",
        "user": [
            "webmaster"
        ],
        "content_type": [
            "cms",
            "page"
        ],
        "object_id": "1",
        "object_repr": "Bridge Hospice: Uniting the Patient and Family",
        "action_flag": 2,
        "change_message": ""
    }
},
{
    "model": "admin.logentry",
    "pk": 327,
    "fields": {
        "action_time": "2020-06-13T03:28:14.417Z",
        "user": [
            "webmaster"
        ],
        "content_type": [
            "cms",
            "page"
        ],
        "object_id": "1",
        "object_repr": "Bridge Hospice: Uniting the Patient and Family",
        "action_flag": 2,
        "change_message": ""
    }
},
{
    "model": "admin.logentry",
    "pk": 328,
    "fields": {
        "action_time": "2020-06-13T03:53:43.626Z",
        "user": [
            "webmaster"
        ],
        "content_type": [
            "cms",
            "page"
        ],
        "object_id": "32",
        "object_repr": "Site Map",
        "action_flag": 1,
        "change_message": "[{\"added\": {}}]"
    }
},
{
    "model": "admin.logentry",
    "pk": 329,
    "fields": {
        "action_time": "2020-06-13T03:54:13.286Z",
        "user": [
            "webmaster"
        ],
        "content_type": [
            "cms",
            "page"
        ],
        "object_id": "32",
        "object_repr": "Site Map",
        "action_flag": 2,
        "change_message": "[{\"changed\": {\"fields\": [\"slug\"]}}]"
    }
},
{
    "model": "admin.logentry",
    "pk": 330,
    "fields": {
        "action_time": "2020-06-13T03:54:30.357Z",
        "user": [
            "webmaster"
        ],
        "content_type": [
            "cms",
            "page"
        ],
        "object_id": "32",
        "object_repr": "Site Map",
        "action_flag": 2,
        "change_message": "[{\"changed\": {\"fields\": [\"slug\"]}}]"
    }
},
{
    "model": "admin.logentry",
    "pk": 331,
    "fields": {
        "action_time": "2020-06-13T03:55:03.980Z",
        "user": [
            "webmaster"
        ],
        "content_type": [
            "cms",
            "page"
        ],
        "object_id": "32",
        "object_repr": "Site Map",
        "action_flag": 3,
        "change_message": ""
    }
},
{
    "model": "admin.logentry",
    "pk": 332,
    "fields": {
        "action_time": "2020-06-13T04:35:06.177Z",
        "user": [
            "webmaster"
        ],
        "content_type": [
            "cms",
            "page"
        ],
        "object_id": "1",
        "object_repr": "Bridge Hospice: Uniting the Patient and Family",
        "action_flag": 2,
        "change_message": ""
    }
},
{
    "model": "admin.logentry",
    "pk": 333,
    "fields": {
        "action_time": "2020-06-17T02:49:26.878Z",
        "user": [
            "webmaster"
        ],
        "content_type": [
            "cms",
            "page"
        ],
        "object_id": "32",
        "object_repr": "Signup",
        "action_flag": 1,
        "change_message": "[{\"added\": {}}]"
    }
},
{
    "model": "admin.logentry",
    "pk": 334,
    "fields": {
        "action_time": "2020-06-17T02:50:13.995Z",
        "user": [
            "webmaster"
        ],
        "content_type": [
            "cms",
            "page"
        ],
        "object_id": "21",
        "object_repr": "Forms",
        "action_flag": 2,
        "change_message": "[{\"changed\": {\"fields\": [\"application_urls\", \"application_namespace\", \"xframe_options\"]}}]"
    }
},
{
    "model": "admin.logentry",
    "pk": 335,
    "fields": {
        "action_time": "2020-06-17T02:50:18.918Z",
        "user": [
            "webmaster"
        ],
        "content_type": [
            "cms",
            "page"
        ],
        "object_id": "21",
        "object_repr": "Forms",
        "action_flag": 2,
        "change_message": ""
    }
},
{
    "model": "admin.logentry",
    "pk": 336,
    "fields": {
        "action_time": "2020-06-17T02:52:00.345Z",
        "user": [
            "webmaster"
        ],
        "content_type": [
            "cms",
            "page"
        ],
        "object_id": "33",
        "object_repr": "Dashboard",
        "action_flag": 1,
        "change_message": "[{\"added\": {}}]"
    }
},
{
    "model": "admin.logentry",
    "pk": 337,
    "fields": {
        "action_time": "2020-06-17T02:52:08.596Z",
        "user": [
            "webmaster"
        ],
        "content_type": [
            "cms",
            "page"
        ],
        "object_id": "33",
        "object_repr": "Dashboard",
        "action_flag": 2,
        "change_message": "[{\"changed\": {\"fields\": [\"application_urls\", \"application_namespace\", \"xframe_options\"]}}]"
    }
},
{
    "model": "admin.logentry",
    "pk": 338,
    "fields": {
        "action_time": "2020-06-17T02:52:14.190Z",
        "user": [
            "webmaster"
        ],
        "content_type": [
            "cms",
            "page"
        ],
        "object_id": "33",
        "object_repr": "Dashboard",
        "action_flag": 2,
        "change_message": ""
    }
},
{
    "model": "admin.logentry",
    "pk": 339,
    "fields": {
        "action_time": "2020-06-17T02:52:19.665Z",
        "user": [
            "webmaster"
        ],
        "content_type": [
            "cms",
            "page"
        ],
        "object_id": "32",
        "object_repr": "Signup",
        "action_flag": 2,
        "change_message": ""
    }
},
{
    "model": "admin.logentry",
    "pk": 340,
    "fields": {
        "action_time": "2020-06-17T02:53:40.717Z",
        "user": [
            "webmaster"
        ],
        "content_type": [
            "cms",
            "page"
        ],
        "object_id": "33",
        "object_repr": "Dashboard",
        "action_flag": 2,
        "change_message": ""
    }
},
{
    "model": "admin.logentry",
    "pk": 341,
    "fields": {
        "action_time": "2020-06-17T02:56:25.872Z",
        "user": [
            "webmaster"
        ],
        "content_type": [
            "cms",
            "page"
        ],
        "object_id": "21",
        "object_repr": "Forms",
        "action_flag": 3,
        "change_message": ""
    }
},
{
    "model": "admin.logentry",
    "pk": 342,
    "fields": {
        "action_time": "2020-06-17T02:56:43.400Z",
        "user": [
            "webmaster"
        ],
        "content_type": [
            "cms",
            "page"
        ],
        "object_id": "36",
        "object_repr": "Forms",
        "action_flag": 1,
        "change_message": "[{\"added\": {}}]"
    }
},
{
    "model": "admin.logentry",
    "pk": 343,
    "fields": {
        "action_time": "2020-06-17T02:56:51.224Z",
        "user": [
            "webmaster"
        ],
        "content_type": [
            "cms",
            "page"
        ],
        "object_id": "36",
        "object_repr": "Forms",
        "action_flag": 2,
        "change_message": "[{\"changed\": {\"fields\": [\"application_urls\", \"application_namespace\", \"xframe_options\"]}}]"
    }
},
{
    "model": "admin.logentry",
    "pk": 344,
    "fields": {
        "action_time": "2020-06-17T02:57:06.233Z",
        "user": [
            "webmaster"
        ],
        "content_type": [
            "cms",
            "page"
        ],
        "object_id": "37",
        "object_repr": "Volunteer",
        "action_flag": 1,
        "change_message": "[{\"added\": {}}]"
    }
},
{
    "model": "admin.logentry",
    "pk": 345,
    "fields": {
        "action_time": "2020-06-17T02:57:14.164Z",
        "user": [
            "webmaster"
        ],
        "content_type": [
            "cms",
            "page"
        ],
        "object_id": "38",
        "object_repr": "Singup",
        "action_flag": 1,
        "change_message": "[{\"added\": {}}]"
    }
},
{
    "model": "admin.logentry",
    "pk": 346,
    "fields": {
        "action_time": "2020-06-17T02:57:19.063Z",
        "user": [
            "webmaster"
        ],
        "content_type": [
            "cms",
            "page"
        ],
        "object_id": "36",
        "object_repr": "Forms",
        "action_flag": 2,
        "change_message": ""
    }
},
{
    "model": "admin.logentry",
    "pk": 347,
    "fields": {
        "action_time": "2020-06-17T02:57:38.894Z",
        "user": [
            "webmaster"
        ],
        "content_type": [
            "cms",
            "page"
        ],
        "object_id": "37",
        "object_repr": "Volunteer",
        "action_flag": 2,
        "change_message": ""
    }
},
{
    "model": "admin.logentry",
    "pk": 348,
    "fields": {
        "action_time": "2020-06-17T02:57:43.398Z",
        "user": [
            "webmaster"
        ],
        "content_type": [
            "cms",
            "page"
        ],
        "object_id": "38",
        "object_repr": "Singup",
        "action_flag": 2,
        "change_message": ""
    }
},
{
    "model": "admin.logentry",
    "pk": 349,
    "fields": {
        "action_time": "2020-06-17T02:58:08.894Z",
        "user": [
            "webmaster"
        ],
        "content_type": [
            "cms",
            "page"
        ],
        "object_id": "38",
        "object_repr": "Signup",
        "action_flag": 2,
        "change_message": "[{\"changed\": {\"fields\": [\"title\", \"slug\"]}}]"
    }
},
{
    "model": "admin.logentry",
    "pk": 350,
    "fields": {
        "action_time": "2020-06-17T02:58:12.062Z",
        "user": [
            "webmaster"
        ],
        "content_type": [
            "cms",
            "page"
        ],
        "object_id": "38",
        "object_repr": "Signup",
        "action_flag": 2,
        "change_message": ""
    }
},
{
    "model": "admin.logentry",
    "pk": 351,
    "fields": {
        "action_time": "2020-06-17T03:13:38.952Z",
        "user": [
            "webmaster"
        ],
        "content_type": [
            "cms",
            "page"
        ],
        "object_id": "21",
        "object_repr": "Forms",
        "action_flag": 3,
        "change_message": ""
    }
},
{
    "model": "admin.logentry",
    "pk": 352,
    "fields": {
        "action_time": "2020-06-17T03:14:03.633Z",
        "user": [
            "webmaster"
        ],
        "content_type": [
            "cms",
            "page"
        ],
        "object_id": "42",
        "object_repr": "Logout",
        "action_flag": 1,
        "change_message": "[{\"added\": {}}]"
    }
},
{
    "model": "admin.logentry",
    "pk": 353,
    "fields": {
        "action_time": "2020-06-17T03:14:08.877Z",
        "user": [
            "webmaster"
        ],
        "content_type": [
            "cms",
            "page"
        ],
        "object_id": "42",
        "object_repr": "Logout",
        "action_flag": 2,
        "change_message": ""
    }
},
{
    "model": "admin.logentry",
    "pk": 354,
    "fields": {
        "action_time": "2020-06-17T03:14:34.424Z",
        "user": [
            "webmaster"
        ],
        "content_type": [
            "cms",
            "page"
        ],
        "object_id": "42",
        "object_repr": "Logout",
        "action_flag": 2,
        "change_message": ""
    }
},
{
    "model": "admin.logentry",
    "pk": 355,
    "fields": {
        "action_time": "2020-06-17T03:41:23.681Z",
        "user": [
            "webmaster"
        ],
        "content_type": [
            "cms",
            "page"
        ],
        "object_id": "21",
        "object_repr": "Forms",
        "action_flag": 3,
        "change_message": ""
    }
},
{
    "model": "admin.logentry",
    "pk": 356,
    "fields": {
        "action_time": "2020-06-17T03:41:30.902Z",
        "user": [
            "webmaster"
        ],
        "content_type": [
            "cms",
            "page"
        ],
        "object_id": "42",
        "object_repr": "Logout",
        "action_flag": 3,
        "change_message": ""
    }
},
{
    "model": "admin.logentry",
    "pk": 357,
    "fields": {
        "action_time": "2020-06-17T05:31:34.386Z",
        "user": [
            "webmaster"
        ],
        "content_type": [
            "cms",
            "page"
        ],
        "object_id": "1",
        "object_repr": "Bridge Hospice: Uniting the Patient and Family",
        "action_flag": 2,
        "change_message": ""
    }
},
{
    "model": "admin.logentry",
    "pk": 358,
    "fields": {
        "action_time": "2020-06-17T05:37:07.584Z",
        "user": [
            "webmaster"
        ],
        "content_type": [
            "cms",
            "page"
        ],
        "object_id": "1",
        "object_repr": "Bridge Hospice: Uniting the Patient and Family",
        "action_flag": 2,
        "change_message": ""
    }
},
{
    "model": "admin.logentry",
    "pk": 359,
    "fields": {
        "action_time": "2020-06-17T05:40:42.912Z",
        "user": [
            "webmaster"
        ],
        "content_type": [
            "cms",
            "page"
        ],
        "object_id": "33",
        "object_repr": "Dashboard",
        "action_flag": 2,
        "change_message": "The en page \"Dashboard\" was successfully unpublished"
    }
},
{
    "model": "admin.logentry",
    "pk": 360,
    "fields": {
        "action_time": "2020-06-17T05:40:51.100Z",
        "user": [
            "webmaster"
        ],
        "content_type": [
            "cms",
            "page"
        ],
        "object_id": "38",
        "object_repr": "Signup",
        "action_flag": 2,
        "change_message": "The en page \"Signup\" was successfully unpublished"
    }
},
{
    "model": "admin.logentry",
    "pk": 361,
    "fields": {
        "action_time": "2020-06-17T05:41:04.251Z",
        "user": [
            "webmaster"
        ],
        "content_type": [
            "cms",
            "page"
        ],
        "object_id": "8",
        "object_repr": "Donations - Dave's Wish | Bridge Hospice",
        "action_flag": 2,
        "change_message": ""
    }
},
{
    "model": "admin.logentry",
    "pk": 362,
    "fields": {
        "action_time": "2020-06-17T05:41:06.613Z",
        "user": [
            "webmaster"
        ],
        "content_type": [
            "cms",
            "page"
        ],
        "object_id": "7",
        "object_repr": "Valor - Military & Public Safety | Bridge Hospice",
        "action_flag": 2,
        "change_message": ""
    }
},
{
    "model": "admin.logentry",
    "pk": 363,
    "fields": {
        "action_time": "2020-06-17T06:39:06.045Z",
        "user": [
            "webmaster"
        ],
        "content_type": [
            "auth",
            "group"
        ],
        "object_id": "1",
        "object_repr": "Volunteer Coordinator",
        "action_flag": 3,
        "change_message": ""
    }
},
{
    "model": "admin.logentry",
    "pk": 364,
    "fields": {
        "action_time": "2020-06-17T06:41:00.908Z",
        "user": [
            "webmaster"
        ],
        "content_type": [
            "auth",
            "user"
        ],
        "object_id": "4",
        "object_repr": "brooke.zavala",
        "action_flag": 3,
        "change_message": ""
    }
},
{
    "model": "admin.logentry",
    "pk": 365,
    "fields": {
        "action_time": "2020-06-17T06:41:00.909Z",
        "user": [
            "webmaster"
        ],
        "content_type": [
            "auth",
            "user"
        ],
        "object_id": "3",
        "object_repr": "kasey_cox",
        "action_flag": 3,
        "change_message": ""
    }
},
{
    "model": "admin.logentry",
    "pk": 366,
    "fields": {
        "action_time": "2020-06-17T06:41:00.910Z",
        "user": [
            "webmaster"
        ],
        "content_type": [
            "auth",
            "user"
        ],
        "object_id": "5",
        "object_repr": "mail66@mail.com",
        "action_flag": 3,
        "change_message": ""
    }
},
{
    "model": "admin.logentry",
    "pk": 367,
    "fields": {
        "action_time": "2020-06-17T06:41:19.695Z",
        "user": [
            "webmaster"
        ],
        "content_type": [
            "core_forms",
            "profile"
        ],
        "object_id": "1",
        "object_repr": "Nicholas Jones",
        "action_flag": 3,
        "change_message": ""
    }
},
{
    "model": "sites.site",
    "fields": {
        "domain": "bridge-hospice.com",
        "name": "bridge-hospice.com"
    }
},
{
    "model": "cms.usersettings",
    "pk": 2,
    "fields": {
        "user": [
            "webmaster"
        ],
        "language": "en",
        "clipboard": 12
    }
},
{
    "model": "cms.treenode",
    "pk": 1,
    "fields": {
        "path": "0001",
        "depth": 1,
        "numchild": 0,
        "parent": null,
        "site": [
            "bridge-hospice.com"
        ]
    }
},
{
    "model": "cms.treenode",
    "pk": 2,
    "fields": {
        "path": "0002",
        "depth": 1,
        "numchild": 0,
        "parent": null,
        "site": [
            "bridge-hospice.com"
        ]
    }
},
{
    "model": "cms.treenode",
    "pk": 4,
    "fields": {
        "path": "0007",
        "depth": 1,
        "numchild": 0,
        "parent": null,
        "site": [
            "bridge-hospice.com"
        ]
    }
},
{
    "model": "cms.treenode",
    "pk": 5,
    "fields": {
        "path": "0006",
        "depth": 1,
        "numchild": 0,
        "parent": null,
        "site": [
            "bridge-hospice.com"
        ]
    }
},
{
    "model": "cms.treenode",
    "pk": 6,
    "fields": {
        "path": "0005",
        "depth": 1,
        "numchild": 0,
        "parent": null,
        "site": [
            "bridge-hospice.com"
        ]
    }
},
{
    "model": "cms.treenode",
    "pk": 15,
    "fields": {
        "path": "0003",
        "depth": 1,
        "numchild": 0,
        "parent": null,
        "site": [
            "bridge-hospice.com"
        ]
    }
},
{
    "model": "cms.treenode",
    "pk": 19,
    "fields": {
        "path": "000A",
        "depth": 1,
        "numchild": 0,
        "parent": null,
        "site": [
            "bridge-hospice.com"
        ]
    }
},
{
    "model": "cms.treenode",
    "pk": 20,
    "fields": {
        "path": "000B",
        "depth": 1,
        "numchild": 2,
        "parent": null,
        "site": [
            "bridge-hospice.com"
        ]
    }
},
{
    "model": "cms.treenode",
    "pk": 21,
    "fields": {
        "path": "000B0001",
        "depth": 2,
        "numchild": 0,
        "parent": 20,
        "site": [
            "bridge-hospice.com"
        ]
    }
},
{
    "model": "cms.treenode",
    "pk": 22,
    "fields": {
        "path": "000B0002",
        "depth": 2,
        "numchild": 0,
        "parent": 20,
        "site": [
            "bridge-hospice.com"
        ]
    }
},
{
    "model": "cms.page",
    "pk": 1,
    "fields": {
        "created_by": "admin",
        "changed_by": "webmaster",
        "creation_date": "2020-05-16T08:19:51.384Z",
        "changed_date": "2020-06-11T21:08:44.055Z",
        "publication_date": "2020-05-16T08:19:51.395Z",
        "publication_end_date": null,
        "in_navigation": false,
        "soft_root": false,
        "reverse_id": null,
        "navigation_extenders": null,
        "template": "landing-page.html",
        "login_required": false,
        "limit_visibility_in_menu": null,
        "is_home": true,
        "application_urls": null,
        "application_namespace": null,
        "publisher_is_draft": true,
        "publisher_public": 2,
        "languages": "en",
        "xframe_options": 0,
        "is_page_type": false,
        "node": 1,
        "placeholders": [
            2
        ]
    }
},
{
    "model": "cms.page",
    "pk": 2,
    "fields": {
        "created_by": "admin",
        "changed_by": "webmaster",
        "creation_date": "2020-05-16T08:19:51.396Z",
        "changed_date": "2020-06-17T05:37:07.358Z",
        "publication_date": "2020-05-16T08:19:51.395Z",
        "publication_end_date": null,
        "in_navigation": false,
        "soft_root": false,
        "reverse_id": null,
        "navigation_extenders": null,
        "template": "landing-page.html",
        "login_required": false,
        "limit_visibility_in_menu": null,
        "is_home": true,
        "application_urls": null,
        "application_namespace": null,
        "publisher_is_draft": false,
        "publisher_public": 1,
        "languages": "en",
        "xframe_options": 0,
        "is_page_type": false,
        "node": 1,
        "placeholders": [
            3
        ]
    }
},
{
    "model": "cms.page",
    "pk": 3,
    "fields": {
        "created_by": "admin",
        "changed_by": "webmaster",
        "creation_date": "2020-05-16T08:20:12.067Z",
        "changed_date": "2020-06-11T21:16:12.765Z",
        "publication_date": "2020-05-16T11:41:45.670Z",
        "publication_end_date": null,
        "in_navigation": true,
        "soft_root": false,
        "reverse_id": null,
        "navigation_extenders": null,
        "template": "basic-page.html",
        "login_required": false,
        "limit_visibility_in_menu": null,
        "is_home": false,
        "application_urls": null,
        "application_namespace": null,
        "publisher_is_draft": true,
        "publisher_public": 4,
        "languages": "en",
        "xframe_options": 0,
        "is_page_type": false,
        "node": 2,
        "placeholders": [
            6,
            10
        ]
    }
},
{
    "model": "cms.page",
    "pk": 4,
    "fields": {
        "created_by": "admin",
        "changed_by": "webmaster",
        "creation_date": "2020-05-16T11:41:45.670Z",
        "changed_date": "2020-06-13T00:36:51.724Z",
        "publication_date": "2020-05-16T11:41:45.670Z",
        "publication_end_date": null,
        "in_navigation": true,
        "soft_root": false,
        "reverse_id": null,
        "navigation_extenders": null,
        "template": "basic-page.html",
        "login_required": false,
        "limit_visibility_in_menu": null,
        "is_home": false,
        "application_urls": null,
        "application_namespace": null,
        "publisher_is_draft": false,
        "publisher_public": 3,
        "languages": "en",
        "xframe_options": 0,
        "is_page_type": false,
        "node": 2,
        "placeholders": [
            7,
            11
        ]
    }
},
{
    "model": "cms.page",
    "pk": 7,
    "fields": {
        "created_by": "webmaster",
        "changed_by": "webmaster",
        "creation_date": "2020-05-21T04:13:16.323Z",
        "changed_date": "2020-06-17T05:40:59.813Z",
        "publication_date": "2020-05-21T04:14:18.110Z",
        "publication_end_date": null,
        "in_navigation": false,
        "soft_root": false,
        "reverse_id": null,
        "navigation_extenders": null,
        "template": "basic-page.html",
        "login_required": false,
        "limit_visibility_in_menu": null,
        "is_home": false,
        "application_urls": null,
        "application_namespace": null,
        "publisher_is_draft": true,
        "publisher_public": 10,
        "languages": "en",
        "xframe_options": 0,
        "is_page_type": false,
        "node": 4,
        "placeholders": [
            18,
            19
        ]
    }
},
{
    "model": "cms.page",
    "pk": 8,
    "fields": {
        "created_by": "webmaster",
        "changed_by": "webmaster",
        "creation_date": "2020-05-21T04:13:52.498Z",
        "changed_date": "2020-06-17T05:40:58.464Z",
        "publication_date": "2020-05-21T04:13:58.914Z",
        "publication_end_date": null,
        "in_navigation": false,
        "soft_root": false,
        "reverse_id": null,
        "navigation_extenders": null,
        "template": "basic-page.html",
        "login_required": false,
        "limit_visibility_in_menu": null,
        "is_home": false,
        "application_urls": null,
        "application_namespace": null,
        "publisher_is_draft": true,
        "publisher_public": 9,
        "languages": "en",
        "xframe_options": 0,
        "is_page_type": false,
        "node": 5,
        "placeholders": [
            20,
            21
        ]
    }
},
{
    "model": "cms.page",
    "pk": 9,
    "fields": {
        "created_by": "webmaster",
        "changed_by": "webmaster",
        "creation_date": "2020-05-21T04:13:58.914Z",
        "changed_date": "2020-06-17T05:41:04.175Z",
        "publication_date": "2020-05-21T04:13:58.914Z",
        "publication_end_date": null,
        "in_navigation": false,
        "soft_root": false,
        "reverse_id": null,
        "navigation_extenders": null,
        "template": "basic-page.html",
        "login_required": false,
        "limit_visibility_in_menu": null,
        "is_home": false,
        "application_urls": null,
        "application_namespace": null,
        "publisher_is_draft": false,
        "publisher_public": 8,
        "languages": "en",
        "xframe_options": 0,
        "is_page_type": false,
        "node": 5,
        "placeholders": [
            22,
            23
        ]
    }
},
{
    "model": "cms.page",
    "pk": 10,
    "fields": {
        "created_by": "webmaster",
        "changed_by": "webmaster",
        "creation_date": "2020-05-21T04:14:18.110Z",
        "changed_date": "2020-06-17T05:41:06.539Z",
        "publication_date": "2020-05-21T04:14:18.110Z",
        "publication_end_date": null,
        "in_navigation": false,
        "soft_root": false,
        "reverse_id": null,
        "navigation_extenders": null,
        "template": "basic-page.html",
        "login_required": false,
        "limit_visibility_in_menu": null,
        "is_home": false,
        "application_urls": null,
        "application_namespace": null,
        "publisher_is_draft": false,
        "publisher_public": 7,
        "languages": "en",
        "xframe_options": 0,
        "is_page_type": false,
        "node": 4,
        "placeholders": [
            24,
            25
        ]
    }
},
{
    "model": "cms.page",
    "pk": 11,
    "fields": {
        "created_by": "webmaster",
        "changed_by": "webmaster",
        "creation_date": "2020-05-22T15:38:14.008Z",
        "changed_date": "2020-06-11T21:19:34.661Z",
        "publication_date": "2020-06-01T20:54:34.725Z",
        "publication_end_date": null,
        "in_navigation": true,
        "soft_root": false,
        "reverse_id": null,
        "navigation_extenders": null,
        "template": "basic-page.html",
        "login_required": false,
        "limit_visibility_in_menu": null,
        "is_home": false,
        "application_urls": null,
        "application_namespace": null,
        "publisher_is_draft": true,
        "publisher_public": 27,
        "languages": "en",
        "xframe_options": 0,
        "is_page_type": false,
        "node": 6,
        "placeholders": [
            26,
            27
        ]
    }
},
{
    "model": "cms.page",
    "pk": 25,
    "fields": {
        "created_by": "webmaster",
        "changed_by": "webmaster",
        "creation_date": "2020-05-31T21:58:18.453Z",
        "changed_date": "2020-06-13T01:42:44.484Z",
        "publication_date": "2020-05-31T22:01:29.795Z",
        "publication_end_date": null,
        "in_navigation": true,
        "soft_root": false,
        "reverse_id": null,
        "navigation_extenders": null,
        "template": "basic-page.html",
        "login_required": false,
        "limit_visibility_in_menu": null,
        "is_home": false,
        "application_urls": null,
        "application_namespace": null,
        "publisher_is_draft": true,
        "publisher_public": 26,
        "languages": "en",
        "xframe_options": 0,
        "is_page_type": false,
        "node": 15,
        "placeholders": [
            54,
            55
        ]
    }
},
{
    "model": "cms.page",
    "pk": 26,
    "fields": {
        "created_by": "webmaster",
        "changed_by": "webmaster",
        "creation_date": "2020-05-31T22:01:29.795Z",
        "changed_date": "2020-06-13T01:42:50.233Z",
        "publication_date": "2020-05-31T22:01:29.795Z",
        "publication_end_date": null,
        "in_navigation": true,
        "soft_root": false,
        "reverse_id": null,
        "navigation_extenders": null,
        "template": "basic-page.html",
        "login_required": false,
        "limit_visibility_in_menu": null,
        "is_home": false,
        "application_urls": null,
        "application_namespace": null,
        "publisher_is_draft": false,
        "publisher_public": 25,
        "languages": "en",
        "xframe_options": 0,
        "is_page_type": false,
        "node": 15,
        "placeholders": [
            56,
            57
        ]
    }
},
{
    "model": "cms.page",
    "pk": 27,
    "fields": {
        "created_by": "webmaster",
        "changed_by": "webmaster",
        "creation_date": "2020-06-01T20:54:34.726Z",
        "changed_date": "2020-06-13T00:36:56.828Z",
        "publication_date": "2020-06-01T20:54:34.725Z",
        "publication_end_date": null,
        "in_navigation": true,
        "soft_root": false,
        "reverse_id": null,
        "navigation_extenders": null,
        "template": "basic-page.html",
        "login_required": false,
        "limit_visibility_in_menu": null,
        "is_home": false,
        "application_urls": null,
        "application_namespace": null,
        "publisher_is_draft": false,
        "publisher_public": 11,
        "languages": "en",
        "xframe_options": 0,
        "is_page_type": false,
        "node": 6,
        "placeholders": [
            59,
            60
        ]
    }
},
{
    "model": "cms.page",
    "pk": 33,
    "fields": {
        "created_by": "webmaster",
        "changed_by": "webmaster",
        "creation_date": "2020-06-17T02:52:00.332Z",
        "changed_date": "2020-06-17T02:53:36.767Z",
        "publication_date": "2020-06-17T02:52:14.177Z",
        "publication_end_date": null,
        "in_navigation": false,
        "soft_root": false,
        "reverse_id": null,
        "navigation_extenders": null,
        "template": "INHERIT",
        "login_required": false,
        "limit_visibility_in_menu": null,
        "is_home": false,
        "application_urls": "CoreAppHook",
        "application_namespace": "core_app",
        "publisher_is_draft": true,
        "publisher_public": 34,
        "languages": "en",
        "xframe_options": 0,
        "is_page_type": false,
        "node": 19,
        "placeholders": [
            71,
            72
        ]
    }
},
{
    "model": "cms.page",
    "pk": 34,
    "fields": {
        "created_by": "webmaster",
        "changed_by": "webmaster",
        "creation_date": "2020-06-17T02:52:14.177Z",
        "changed_date": "2020-06-17T02:53:40.706Z",
        "publication_date": "2020-06-17T02:52:14.177Z",
        "publication_end_date": null,
        "in_navigation": false,
        "soft_root": false,
        "reverse_id": null,
        "navigation_extenders": null,
        "template": "INHERIT",
        "login_required": false,
        "limit_visibility_in_menu": null,
        "is_home": false,
        "application_urls": "CoreAppHook",
        "application_namespace": "core_app",
        "publisher_is_draft": false,
        "publisher_public": 33,
        "languages": "en",
        "xframe_options": 0,
        "is_page_type": false,
        "node": 19,
        "placeholders": [
            73,
            74
        ]
    }
},
{
    "model": "cms.page",
    "pk": 36,
    "fields": {
        "created_by": "webmaster",
        "changed_by": "webmaster",
        "creation_date": "2020-06-17T02:56:43.387Z",
        "changed_date": "2020-06-17T02:56:59.000Z",
        "publication_date": "2020-06-17T02:57:19.044Z",
        "publication_end_date": null,
        "in_navigation": false,
        "soft_root": false,
        "reverse_id": null,
        "navigation_extenders": null,
        "template": "INHERIT",
        "login_required": false,
        "limit_visibility_in_menu": null,
        "is_home": false,
        "application_urls": "Formhook",
        "application_namespace": "core_forms",
        "publisher_is_draft": true,
        "publisher_public": 39,
        "languages": "en",
        "xframe_options": 0,
        "is_page_type": false,
        "node": 20,
        "placeholders": [
            77,
            78
        ]
    }
},
{
    "model": "cms.page",
    "pk": 37,
    "fields": {
        "created_by": "webmaster",
        "changed_by": "webmaster",
        "creation_date": "2020-06-17T02:57:06.219Z",
        "changed_date": "2020-06-17T02:57:06.231Z",
        "publication_date": "2020-06-17T02:57:38.881Z",
        "publication_end_date": null,
        "in_navigation": true,
        "soft_root": false,
        "reverse_id": null,
        "navigation_extenders": null,
        "template": "INHERIT",
        "login_required": false,
        "limit_visibility_in_menu": null,
        "is_home": false,
        "application_urls": null,
        "application_namespace": null,
        "publisher_is_draft": true,
        "publisher_public": 40,
        "languages": "en",
        "xframe_options": 0,
        "is_page_type": false,
        "node": 21,
        "placeholders": [
            79,
            80
        ]
    }
},
{
    "model": "cms.page",
    "pk": 38,
    "fields": {
        "created_by": "webmaster",
        "changed_by": "webmaster",
        "creation_date": "2020-06-17T02:57:14.150Z",
        "changed_date": "2020-06-17T02:58:08.892Z",
        "publication_date": "2020-06-17T02:57:43.386Z",
        "publication_end_date": null,
        "in_navigation": true,
        "soft_root": false,
        "reverse_id": null,
        "navigation_extenders": null,
        "template": "INHERIT",
        "login_required": false,
        "limit_visibility_in_menu": null,
        "is_home": false,
        "application_urls": null,
        "application_namespace": null,
        "publisher_is_draft": true,
        "publisher_public": 41,
        "languages": "en",
        "xframe_options": 0,
        "is_page_type": false,
        "node": 22,
        "placeholders": [
            81,
            82
        ]
    }
},
{
    "model": "cms.page",
    "pk": 39,
    "fields": {
        "created_by": "webmaster",
        "changed_by": "webmaster",
        "creation_date": "2020-06-17T02:57:19.044Z",
        "changed_date": "2020-06-17T02:57:19.044Z",
        "publication_date": "2020-06-17T02:57:19.044Z",
        "publication_end_date": null,
        "in_navigation": false,
        "soft_root": false,
        "reverse_id": null,
        "navigation_extenders": null,
        "template": "INHERIT",
        "login_required": false,
        "limit_visibility_in_menu": null,
        "is_home": false,
        "application_urls": "Formhook",
        "application_namespace": "core_forms",
        "publisher_is_draft": false,
        "publisher_public": 36,
        "languages": "en",
        "xframe_options": 0,
        "is_page_type": false,
        "node": 20,
        "placeholders": [
            83,
            84
        ]
    }
},
{
    "model": "cms.page",
    "pk": 40,
    "fields": {
        "created_by": "webmaster",
        "changed_by": "webmaster",
        "creation_date": "2020-06-17T02:57:38.882Z",
        "changed_date": "2020-06-17T02:57:38.882Z",
        "publication_date": "2020-06-17T02:57:38.881Z",
        "publication_end_date": null,
        "in_navigation": true,
        "soft_root": false,
        "reverse_id": null,
        "navigation_extenders": null,
        "template": "INHERIT",
        "login_required": false,
        "limit_visibility_in_menu": null,
        "is_home": false,
        "application_urls": null,
        "application_namespace": null,
        "publisher_is_draft": false,
        "publisher_public": 37,
        "languages": "en",
        "xframe_options": 0,
        "is_page_type": false,
        "node": 21,
        "placeholders": [
            85,
            86
        ]
    }
},
{
    "model": "cms.page",
    "pk": 41,
    "fields": {
        "created_by": "webmaster",
        "changed_by": "webmaster",
        "creation_date": "2020-06-17T02:57:43.386Z",
        "changed_date": "2020-06-17T02:58:12.052Z",
        "publication_date": "2020-06-17T02:57:43.386Z",
        "publication_end_date": null,
        "in_navigation": true,
        "soft_root": false,
        "reverse_id": null,
        "navigation_extenders": null,
        "template": "INHERIT",
        "login_required": false,
        "limit_visibility_in_menu": null,
        "is_home": false,
        "application_urls": null,
        "application_namespace": null,
        "publisher_is_draft": false,
        "publisher_public": 38,
        "languages": "en",
        "xframe_options": 0,
        "is_page_type": false,
        "node": 22,
        "placeholders": [
            87,
            88
        ]
    }
},
{
    "model": "cms.placeholder",
    "pk": 1,
    "fields": {
        "slot": "clipboard",
        "default_width": null
    }
},
{
    "model": "cms.placeholder",
    "pk": 2,
    "fields": {
        "slot": "content",
        "default_width": null
    }
},
{
    "model": "cms.placeholder",
    "pk": 3,
    "fields": {
        "slot": "content",
        "default_width": null
    }
},
{
    "model": "cms.placeholder",
    "pk": 4,
    "fields": {
        "slot": "Footer",
        "default_width": null
    }
},
{
    "model": "cms.placeholder",
    "pk": 5,
    "fields": {
        "slot": "Footer",
        "default_width": null
    }
},
{
    "model": "cms.placeholder",
    "pk": 6,
    "fields": {
        "slot": "content",
        "default_width": null
    }
},
{
    "model": "cms.placeholder",
    "pk": 7,
    "fields": {
        "slot": "content",
        "default_width": null
    }
},
{
    "model": "cms.placeholder",
    "pk": 8,
    "fields": {
        "slot": "subheading",
        "default_width": null
    }
},
{
    "model": "cms.placeholder",
    "pk": 9,
    "fields": {
        "slot": "subheading",
        "default_width": null
    }
},
{
    "model": "cms.placeholder",
    "pk": 10,
    "fields": {
        "slot": "subheading",
        "default_width": null
    }
},
{
    "model": "cms.placeholder",
    "pk": 11,
    "fields": {
        "slot": "subheading",
        "default_width": null
    }
},
{
    "model": "cms.placeholder",
    "pk": 12,
    "fields": {
        "slot": "clipboard",
        "default_width": null
    }
},
{
    "model": "cms.placeholder",
    "pk": 13,
    "fields": {
        "slot": "clipboard",
        "default_width": null
    }
},
{
    "model": "cms.placeholder",
    "pk": 18,
    "fields": {
        "slot": "subheading",
        "default_width": null
    }
},
{
    "model": "cms.placeholder",
    "pk": 19,
    "fields": {
        "slot": "content",
        "default_width": null
    }
},
{
    "model": "cms.placeholder",
    "pk": 20,
    "fields": {
        "slot": "subheading",
        "default_width": null
    }
},
{
    "model": "cms.placeholder",
    "pk": 21,
    "fields": {
        "slot": "content",
        "default_width": null
    }
},
{
    "model": "cms.placeholder",
    "pk": 22,
    "fields": {
        "slot": "subheading",
        "default_width": null
    }
},
{
    "model": "cms.placeholder",
    "pk": 23,
    "fields": {
        "slot": "content",
        "default_width": null
    }
},
{
    "model": "cms.placeholder",
    "pk": 24,
    "fields": {
        "slot": "subheading",
        "default_width": null
    }
},
{
    "model": "cms.placeholder",
    "pk": 25,
    "fields": {
        "slot": "content",
        "default_width": null
    }
},
{
    "model": "cms.placeholder",
    "pk": 26,
    "fields": {
        "slot": "subheading",
        "default_width": null
    }
},
{
    "model": "cms.placeholder",
    "pk": 27,
    "fields": {
        "slot": "content",
        "default_width": null
    }
},
{
    "model": "cms.placeholder",
    "pk": 54,
    "fields": {
        "slot": "subheading",
        "default_width": null
    }
},
{
    "model": "cms.placeholder",
    "pk": 55,
    "fields": {
        "slot": "content",
        "default_width": null
    }
},
{
    "model": "cms.placeholder",
    "pk": 56,
    "fields": {
        "slot": "subheading",
        "default_width": null
    }
},
{
    "model": "cms.placeholder",
    "pk": 57,
    "fields": {
        "slot": "content",
        "default_width": null
    }
},
{
    "model": "cms.placeholder",
    "pk": 58,
    "fields": {
        "slot": "clipboard",
        "default_width": null
    }
},
{
    "model": "cms.placeholder",
    "pk": 59,
    "fields": {
        "slot": "subheading",
        "default_width": null
    }
},
{
    "model": "cms.placeholder",
    "pk": 60,
    "fields": {
        "slot": "content",
        "default_width": null
    }
},
{
    "model": "cms.placeholder",
    "pk": 71,
    "fields": {
        "slot": "subheading",
        "default_width": null
    }
},
{
    "model": "cms.placeholder",
    "pk": 72,
    "fields": {
        "slot": "content",
        "default_width": null
    }
},
{
    "model": "cms.placeholder",
    "pk": 73,
    "fields": {
        "slot": "subheading",
        "default_width": null
    }
},
{
    "model": "cms.placeholder",
    "pk": 74,
    "fields": {
        "slot": "content",
        "default_width": null
    }
},
{
    "model": "cms.placeholder",
    "pk": 77,
    "fields": {
        "slot": "subheading",
        "default_width": null
    }
},
{
    "model": "cms.placeholder",
    "pk": 78,
    "fields": {
        "slot": "content",
        "default_width": null
    }
},
{
    "model": "cms.placeholder",
    "pk": 79,
    "fields": {
        "slot": "subheading",
        "default_width": null
    }
},
{
    "model": "cms.placeholder",
    "pk": 80,
    "fields": {
        "slot": "content",
        "default_width": null
    }
},
{
    "model": "cms.placeholder",
    "pk": 81,
    "fields": {
        "slot": "subheading",
        "default_width": null
    }
},
{
    "model": "cms.placeholder",
    "pk": 82,
    "fields": {
        "slot": "content",
        "default_width": null
    }
},
{
    "model": "cms.placeholder",
    "pk": 83,
    "fields": {
        "slot": "subheading",
        "default_width": null
    }
},
{
    "model": "cms.placeholder",
    "pk": 84,
    "fields": {
        "slot": "content",
        "default_width": null
    }
},
{
    "model": "cms.placeholder",
    "pk": 85,
    "fields": {
        "slot": "subheading",
        "default_width": null
    }
},
{
    "model": "cms.placeholder",
    "pk": 86,
    "fields": {
        "slot": "content",
        "default_width": null
    }
},
{
    "model": "cms.placeholder",
    "pk": 87,
    "fields": {
        "slot": "subheading",
        "default_width": null
    }
},
{
    "model": "cms.placeholder",
    "pk": 88,
    "fields": {
        "slot": "content",
        "default_width": null
    }
},
{
    "model": "cms.cmsplugin",
    "pk": 1,
    "fields": {
        "path": "0018000100020001",
        "depth": 4,
        "numchild": 0,
        "placeholder": 4,
        "parent": 633,
        "position": 0,
        "language": "en",
        "plugin_type": "TextPlugin",
        "creation_date": "2020-05-16T08:27:52.400Z",
        "changed_date": "2020-06-13T02:03:28.058Z"
    }
},
{
    "model": "cms.cmsplugin",
    "pk": 53,
    "fields": {
        "path": "000Y",
        "depth": 1,
        "numchild": 0,
        "placeholder": 6,
        "parent": null,
        "position": 1,
        "language": "en",
        "plugin_type": "Bootstrap4GridContainerPlugin",
        "creation_date": "2020-05-16T11:38:32.807Z",
        "changed_date": "2020-05-16T11:38:32.810Z"
    }
},
{
    "model": "cms.cmsplugin",
    "pk": 54,
    "fields": {
        "path": "000Y0001",
        "depth": 2,
        "numchild": 1,
        "placeholder": 6,
        "parent": 53,
        "position": 1,
        "language": "en",
        "plugin_type": "Bootstrap4GridRowPlugin",
        "creation_date": "2020-05-16T11:38:39.096Z",
        "changed_date": "2020-05-19T02:53:59.451Z"
    }
},
{
    "model": "cms.cmsplugin",
    "pk": 55,
    "fields": {
        "path": "000Y00010001",
        "depth": 3,
        "numchild": 1,
        "placeholder": 6,
        "parent": 54,
        "position": 0,
        "language": "en",
        "plugin_type": "Bootstrap4GridColumnPlugin",
        "creation_date": "2020-05-16T11:38:44.663Z",
        "changed_date": "2020-05-19T22:46:31.312Z"
    }
},
{
    "model": "cms.cmsplugin",
    "pk": 56,
    "fields": {
        "path": "000Y000100010001",
        "depth": 4,
        "numchild": 5,
        "placeholder": 6,
        "parent": 55,
        "position": 0,
        "language": "en",
        "plugin_type": "Bootstrap4ListGroupPlugin",
        "creation_date": "2020-05-16T11:39:25.947Z",
        "changed_date": "2020-05-16T11:39:25.949Z"
    }
},
{
    "model": "cms.cmsplugin",
    "pk": 57,
    "fields": {
        "path": "000Y0001000100010001",
        "depth": 5,
        "numchild": 1,
        "placeholder": 6,
        "parent": 56,
        "position": 0,
        "language": "en",
        "plugin_type": "Bootstrap4ListGroupItemPlugin",
        "creation_date": "2020-05-16T11:39:40.371Z",
        "changed_date": "2020-05-16T11:39:40.373Z"
    }
},
{
    "model": "cms.cmsplugin",
    "pk": 58,
    "fields": {
        "path": "000Y00010001000100010001",
        "depth": 6,
        "numchild": 0,
        "placeholder": 6,
        "parent": 57,
        "position": 0,
        "language": "en",
        "plugin_type": "TextPlugin",
        "creation_date": "2020-05-16T11:39:46.585Z",
        "changed_date": "2020-05-19T22:49:29.632Z"
    }
},
{
    "model": "cms.cmsplugin",
    "pk": 59,
    "fields": {
        "path": "000Y0001000100010002",
        "depth": 5,
        "numchild": 1,
        "placeholder": 6,
        "parent": 56,
        "position": 1,
        "language": "en",
        "plugin_type": "Bootstrap4ListGroupItemPlugin",
        "creation_date": "2020-05-16T11:40:32.515Z",
        "changed_date": "2020-05-16T11:40:32.518Z"
    }
},
{
    "model": "cms.cmsplugin",
    "pk": 60,
    "fields": {
        "path": "000Y00010001000100020001",
        "depth": 6,
        "numchild": 0,
        "placeholder": 6,
        "parent": 59,
        "position": 0,
        "language": "en",
        "plugin_type": "TextPlugin",
        "creation_date": "2020-05-16T11:40:34.914Z",
        "changed_date": "2020-05-19T22:47:42.437Z"
    }
},
{
    "model": "cms.cmsplugin",
    "pk": 61,
    "fields": {
        "path": "000Y0001000100010003",
        "depth": 5,
        "numchild": 1,
        "placeholder": 6,
        "parent": 56,
        "position": 2,
        "language": "en",
        "plugin_type": "Bootstrap4ListGroupItemPlugin",
        "creation_date": "2020-05-16T11:40:51.688Z",
        "changed_date": "2020-05-16T11:40:51.691Z"
    }
},
{
    "model": "cms.cmsplugin",
    "pk": 62,
    "fields": {
        "path": "000Y00010001000100030001",
        "depth": 6,
        "numchild": 0,
        "placeholder": 6,
        "parent": 61,
        "position": 0,
        "language": "en",
        "plugin_type": "TextPlugin",
        "creation_date": "2020-05-16T11:40:54.407Z",
        "changed_date": "2020-05-19T22:48:25.126Z"
    }
},
{
    "model": "cms.cmsplugin",
    "pk": 63,
    "fields": {
        "path": "000Y0001000100010004",
        "depth": 5,
        "numchild": 1,
        "placeholder": 6,
        "parent": 56,
        "position": 3,
        "language": "en",
        "plugin_type": "Bootstrap4ListGroupItemPlugin",
        "creation_date": "2020-05-16T11:41:08.698Z",
        "changed_date": "2020-05-16T11:41:08.702Z"
    }
},
{
    "model": "cms.cmsplugin",
    "pk": 64,
    "fields": {
        "path": "000Y00010001000100040001",
        "depth": 6,
        "numchild": 0,
        "placeholder": 6,
        "parent": 63,
        "position": 0,
        "language": "en",
        "plugin_type": "TextPlugin",
        "creation_date": "2020-05-16T11:41:15.603Z",
        "changed_date": "2020-05-19T22:48:42.046Z"
    }
},
{
    "model": "cms.cmsplugin",
    "pk": 65,
    "fields": {
        "path": "000Y0001000100010005",
        "depth": 5,
        "numchild": 1,
        "placeholder": 6,
        "parent": 56,
        "position": 4,
        "language": "en",
        "plugin_type": "Bootstrap4ListGroupItemPlugin",
        "creation_date": "2020-05-16T11:41:26.190Z",
        "changed_date": "2020-05-16T11:41:26.194Z"
    }
},
{
    "model": "cms.cmsplugin",
    "pk": 66,
    "fields": {
        "path": "000Y00010001000100050001",
        "depth": 6,
        "numchild": 0,
        "placeholder": 6,
        "parent": 65,
        "position": 0,
        "language": "en",
        "plugin_type": "TextPlugin",
        "creation_date": "2020-05-16T11:41:29.046Z",
        "changed_date": "2020-05-19T22:48:03.591Z"
    }
},
{
    "model": "cms.cmsplugin",
    "pk": 244,
    "fields": {
        "path": "000X0001",
        "depth": 2,
        "numchild": 0,
        "placeholder": 6,
        "parent": 480,
        "position": 0,
        "language": "en",
        "plugin_type": "GoogleMapPlugin",
        "creation_date": "2020-05-18T05:18:14.212Z",
        "changed_date": "2020-05-18T06:17:16.840Z"
    }
},
{
    "model": "cms.cmsplugin",
    "pk": 260,
    "fields": {
        "path": "000Y00010002",
        "depth": 3,
        "numchild": 1,
        "placeholder": 6,
        "parent": 54,
        "position": 1,
        "language": "en",
        "plugin_type": "Bootstrap4GridColumnPlugin",
        "creation_date": "2020-05-18T05:52:20.158Z",
        "changed_date": "2020-05-19T22:37:56.795Z"
    }
},
{
    "model": "cms.cmsplugin",
    "pk": 409,
    "fields": {
        "path": "000Y000100020001",
        "depth": 4,
        "numchild": 0,
        "placeholder": 6,
        "parent": 260,
        "position": 0,
        "language": "en",
        "plugin_type": "SnippetPlugin",
        "creation_date": "2020-05-18T06:13:01.558Z",
        "changed_date": "2020-05-18T06:19:25.057Z"
    }
},
{
    "model": "cms.cmsplugin",
    "pk": 480,
    "fields": {
        "path": "000X",
        "depth": 1,
        "numchild": 1,
        "placeholder": 6,
        "parent": null,
        "position": 0,
        "language": "en",
        "plugin_type": "Bootstrap4GridContainerPlugin",
        "creation_date": "2020-05-19T02:52:33.890Z",
        "changed_date": "2020-05-19T22:37:34.507Z"
    }
},
{
    "model": "cms.cmsplugin",
    "pk": 630,
    "fields": {
        "path": "0018",
        "depth": 1,
        "numchild": 1,
        "placeholder": 4,
        "parent": null,
        "position": 1,
        "language": "en",
        "plugin_type": "Bootstrap4GridContainerPlugin",
        "creation_date": "2020-05-19T22:17:21.254Z",
        "changed_date": "2020-05-19T22:17:21.262Z"
    }
},
{
    "model": "cms.cmsplugin",
    "pk": 631,
    "fields": {
        "path": "00180001",
        "depth": 2,
        "numchild": 1,
        "placeholder": 4,
        "parent": 630,
        "position": 0,
        "language": "en",
        "plugin_type": "Bootstrap4GridRowPlugin",
        "creation_date": "2020-05-19T22:17:54.410Z",
        "changed_date": "2020-05-19T22:19:25.241Z"
    }
},
{
    "model": "cms.cmsplugin",
    "pk": 633,
    "fields": {
        "path": "001800010002",
        "depth": 3,
        "numchild": 1,
        "placeholder": 4,
        "parent": 631,
        "position": 0,
        "language": "en",
        "plugin_type": "Bootstrap4GridColumnPlugin",
        "creation_date": "2020-05-19T22:18:12.797Z",
        "changed_date": "2020-05-19T22:18:27.155Z"
    }
},
{
    "model": "cms.cmsplugin",
    "pk": 753,
    "fields": {
        "path": "001H",
        "depth": 1,
        "numchild": 5,
        "placeholder": 2,
        "parent": null,
        "position": 1,
        "language": "en",
        "plugin_type": "Bootstrap4GridContainerPlugin",
        "creation_date": "2020-05-16T08:30:43.899Z",
        "changed_date": "2020-05-19T22:27:21.756Z"
    }
},
{
    "model": "cms.cmsplugin",
    "pk": 755,
    "fields": {
        "path": "001H0002",
        "depth": 2,
        "numchild": 2,
        "placeholder": 2,
        "parent": 753,
        "position": 1,
        "language": "en",
        "plugin_type": "Bootstrap4GridRowPlugin",
        "creation_date": "2020-05-16T10:19:58.676Z",
        "changed_date": "2020-05-19T22:27:21.761Z"
    }
},
{
    "model": "cms.cmsplugin",
    "pk": 756,
    "fields": {
        "path": "001H00020001",
        "depth": 3,
        "numchild": 2,
        "placeholder": 2,
        "parent": 755,
        "position": 0,
        "language": "en",
        "plugin_type": "Bootstrap4GridColumnPlugin",
        "creation_date": "2020-05-16T10:23:37.425Z",
        "changed_date": "2020-05-19T22:27:21.764Z"
    }
},
{
    "model": "cms.cmsplugin",
    "pk": 757,
    "fields": {
        "path": "001H000200010001",
        "depth": 4,
        "numchild": 0,
        "placeholder": 2,
        "parent": 756,
        "position": 1,
        "language": "en",
        "plugin_type": "TextPlugin",
        "creation_date": "2020-05-16T10:24:08.247Z",
        "changed_date": "2020-06-17T05:18:01.999Z"
    }
},
{
    "model": "cms.cmsplugin",
    "pk": 758,
    "fields": {
        "path": "001H00020002",
        "depth": 3,
        "numchild": 1,
        "placeholder": 2,
        "parent": 755,
        "position": 1,
        "language": "en",
        "plugin_type": "Bootstrap4GridColumnPlugin",
        "creation_date": "2020-05-16T10:23:58.595Z",
        "changed_date": "2020-05-19T23:06:38.249Z"
    }
},
{
    "model": "cms.cmsplugin",
    "pk": 759,
    "fields": {
        "path": "001H000200020001",
        "depth": 4,
        "numchild": 0,
        "placeholder": 2,
        "parent": 758,
        "position": 0,
        "language": "en",
        "plugin_type": "TextPlugin",
        "creation_date": "2020-05-16T10:55:28.090Z",
        "changed_date": "2020-06-17T05:18:19.806Z"
    }
},
{
    "model": "cms.cmsplugin",
    "pk": 760,
    "fields": {
        "path": "001H0003",
        "depth": 2,
        "numchild": 4,
        "placeholder": 2,
        "parent": 753,
        "position": 3,
        "language": "en",
        "plugin_type": "Bootstrap4GridRowPlugin",
        "creation_date": "2020-05-16T10:59:01.962Z",
        "changed_date": "2020-05-19T22:27:21.787Z"
    }
},
{
    "model": "cms.cmsplugin",
    "pk": 761,
    "fields": {
        "path": "001H00030001",
        "depth": 3,
        "numchild": 1,
        "placeholder": 2,
        "parent": 760,
        "position": 0,
        "language": "en",
        "plugin_type": "Bootstrap4GridColumnPlugin",
        "creation_date": "2020-05-16T10:59:01.967Z",
        "changed_date": "2020-05-19T22:27:21.789Z"
    }
},
{
    "model": "cms.cmsplugin",
    "pk": 762,
    "fields": {
        "path": "001H000300010001",
        "depth": 4,
        "numchild": 0,
        "placeholder": 2,
        "parent": 761,
        "position": 0,
        "language": "en",
        "plugin_type": "TextPlugin",
        "creation_date": "2020-05-16T11:02:11.678Z",
        "changed_date": "2020-06-17T05:19:05.452Z"
    }
},
{
    "model": "cms.cmsplugin",
    "pk": 763,
    "fields": {
        "path": "001H00030002",
        "depth": 3,
        "numchild": 1,
        "placeholder": 2,
        "parent": 760,
        "position": 1,
        "language": "en",
        "plugin_type": "Bootstrap4GridColumnPlugin",
        "creation_date": "2020-05-16T10:59:01.969Z",
        "changed_date": "2020-05-19T22:27:21.800Z"
    }
},
{
    "model": "cms.cmsplugin",
    "pk": 764,
    "fields": {
        "path": "001H000300020001",
        "depth": 4,
        "numchild": 0,
        "placeholder": 2,
        "parent": 763,
        "position": 0,
        "language": "en",
        "plugin_type": "TextPlugin",
        "creation_date": "2020-05-16T11:03:24.601Z",
        "changed_date": "2020-06-17T05:19:18.509Z"
    }
},
{
    "model": "cms.cmsplugin",
    "pk": 765,
    "fields": {
        "path": "001H00030003",
        "depth": 3,
        "numchild": 1,
        "placeholder": 2,
        "parent": 760,
        "position": 2,
        "language": "en",
        "plugin_type": "Bootstrap4GridColumnPlugin",
        "creation_date": "2020-05-16T10:59:01.971Z",
        "changed_date": "2020-05-19T22:27:21.813Z"
    }
},
{
    "model": "cms.cmsplugin",
    "pk": 766,
    "fields": {
        "path": "001H000300030001",
        "depth": 4,
        "numchild": 0,
        "placeholder": 2,
        "parent": 765,
        "position": 0,
        "language": "en",
        "plugin_type": "TextPlugin",
        "creation_date": "2020-05-16T11:04:20.938Z",
        "changed_date": "2020-06-17T05:19:33.803Z"
    }
},
{
    "model": "cms.cmsplugin",
    "pk": 767,
    "fields": {
        "path": "001H00030004",
        "depth": 3,
        "numchild": 1,
        "placeholder": 2,
        "parent": 760,
        "position": 3,
        "language": "en",
        "plugin_type": "Bootstrap4GridColumnPlugin",
        "creation_date": "2020-05-19T21:32:30.209Z",
        "changed_date": "2020-05-19T22:33:04.798Z"
    }
},
{
    "model": "cms.cmsplugin",
    "pk": 768,
    "fields": {
        "path": "001H000300040001",
        "depth": 4,
        "numchild": 0,
        "placeholder": 2,
        "parent": 767,
        "position": 0,
        "language": "en",
        "plugin_type": "TextPlugin",
        "creation_date": "2020-05-19T21:32:43.858Z",
        "changed_date": "2020-05-19T22:34:27.890Z"
    }
},
{
    "model": "cms.cmsplugin",
    "pk": 769,
    "fields": {
        "path": "001H00070001",
        "depth": 3,
        "numchild": 2,
        "placeholder": 2,
        "parent": 789,
        "position": 0,
        "language": "en",
        "plugin_type": "Bootstrap4GridRowPlugin",
        "creation_date": "2020-05-16T11:12:17.558Z",
        "changed_date": "2020-05-19T22:27:21.833Z"
    }
},
{
    "model": "cms.cmsplugin",
    "pk": 770,
    "fields": {
        "path": "001H000700010001",
        "depth": 4,
        "numchild": 1,
        "placeholder": 2,
        "parent": 769,
        "position": 0,
        "language": "en",
        "plugin_type": "Bootstrap4GridColumnPlugin",
        "creation_date": "2020-05-16T11:20:04.800Z",
        "changed_date": "2020-05-19T22:27:21.835Z"
    }
},
{
    "model": "cms.cmsplugin",
    "pk": 771,
    "fields": {
        "path": "001H0007000100010001",
        "depth": 5,
        "numchild": 0,
        "placeholder": 2,
        "parent": 770,
        "position": 0,
        "language": "en",
        "plugin_type": "Bootstrap4PicturePlugin",
        "creation_date": "2020-05-16T11:23:20.853Z",
        "changed_date": "2020-05-19T22:28:26.420Z"
    }
},
{
    "model": "cms.cmsplugin",
    "pk": 772,
    "fields": {
        "path": "001H000700010002",
        "depth": 4,
        "numchild": 1,
        "placeholder": 2,
        "parent": 769,
        "position": 1,
        "language": "en",
        "plugin_type": "Bootstrap4GridColumnPlugin",
        "creation_date": "2020-05-16T11:20:04.803Z",
        "changed_date": "2020-05-19T22:27:21.844Z"
    }
},
{
    "model": "cms.cmsplugin",
    "pk": 773,
    "fields": {
        "path": "001H0007000100020001",
        "depth": 5,
        "numchild": 0,
        "placeholder": 2,
        "parent": 772,
        "position": 0,
        "language": "en",
        "plugin_type": "TextPlugin",
        "creation_date": "2020-05-16T11:26:05.387Z",
        "changed_date": "2020-05-19T22:27:21.971Z"
    }
},
{
    "model": "cms.cmsplugin",
    "pk": 774,
    "fields": {
        "path": "001H0005",
        "depth": 2,
        "numchild": 1,
        "placeholder": 2,
        "parent": 753,
        "position": 0,
        "language": "en",
        "plugin_type": "Bootstrap4GridRowPlugin",
        "creation_date": "2020-05-16T11:31:46.559Z",
        "changed_date": "2020-05-19T22:27:21.855Z"
    }
},
{
    "model": "cms.cmsplugin",
    "pk": 775,
    "fields": {
        "path": "001H00050001",
        "depth": 3,
        "numchild": 2,
        "placeholder": 2,
        "parent": 774,
        "position": 0,
        "language": "en",
        "plugin_type": "Bootstrap4GridColumnPlugin",
        "creation_date": "2020-05-16T11:31:46.565Z",
        "changed_date": "2020-05-19T22:27:21.859Z"
    }
},
{
    "model": "cms.cmsplugin",
    "pk": 776,
    "fields": {
        "path": "001H000500010001",
        "depth": 4,
        "numchild": 0,
        "placeholder": 2,
        "parent": 775,
        "position": 0,
        "language": "en",
        "plugin_type": "TextPlugin",
        "creation_date": "2020-05-16T11:33:03.958Z",
        "changed_date": "2020-06-17T05:10:12.579Z"
    }
},
{
    "model": "cms.cmsplugin",
    "pk": 777,
    "fields": {
        "path": "001H000500010002",
        "depth": 4,
        "numchild": 0,
        "placeholder": 2,
        "parent": 775,
        "position": 1,
        "language": "en",
        "plugin_type": "TextPlugin",
        "creation_date": "2020-05-18T03:00:15.674Z",
        "changed_date": "2020-05-19T22:27:21.986Z"
    }
},
{
    "model": "cms.cmsplugin",
    "pk": 778,
    "fields": {
        "path": "001H0006",
        "depth": 2,
        "numchild": 1,
        "placeholder": 2,
        "parent": 753,
        "position": 5,
        "language": "en",
        "plugin_type": "Bootstrap4LinkPlugin",
        "creation_date": "2020-05-19T22:24:23.224Z",
        "changed_date": "2020-05-21T04:27:49.177Z"
    }
},
{
    "model": "cms.cmsplugin",
    "pk": 779,
    "fields": {
        "path": "001H00060001",
        "depth": 3,
        "numchild": 1,
        "placeholder": 2,
        "parent": 778,
        "position": 0,
        "language": "en",
        "plugin_type": "Bootstrap4GridRowPlugin",
        "creation_date": "2020-05-16T11:13:12.805Z",
        "changed_date": "2020-05-19T22:42:36.475Z"
    }
},
{
    "model": "cms.cmsplugin",
    "pk": 780,
    "fields": {
        "path": "001H000600010001",
        "depth": 4,
        "numchild": 1,
        "placeholder": 2,
        "parent": 779,
        "position": 0,
        "language": "en",
        "plugin_type": "Bootstrap4GridColumnPlugin",
        "creation_date": "2020-05-16T11:20:26.328Z",
        "changed_date": "2020-05-19T22:43:38.339Z"
    }
},
{
    "model": "cms.cmsplugin",
    "pk": 781,
    "fields": {
        "path": "001H0006000100010001",
        "depth": 5,
        "numchild": 0,
        "placeholder": 2,
        "parent": 780,
        "position": 0,
        "language": "en",
        "plugin_type": "Bootstrap4PicturePlugin",
        "creation_date": "2020-05-16T11:31:10.099Z",
        "changed_date": "2020-05-19T22:42:15.100Z"
    }
},
{
    "model": "cms.cmsplugin",
    "pk": 782,
    "fields": {
        "path": "001I",
        "depth": 1,
        "numchild": 2,
        "placeholder": 2,
        "parent": null,
        "position": 0,
        "language": "en",
        "plugin_type": "Bootstrap4GridContainerPlugin",
        "creation_date": "2020-05-19T02:47:53.795Z",
        "changed_date": "2020-05-21T03:56:42.731Z"
    }
},
{
    "model": "cms.cmsplugin",
    "pk": 783,
    "fields": {
        "path": "001I0001",
        "depth": 2,
        "numchild": 5,
        "placeholder": 2,
        "parent": 782,
        "position": 0,
        "language": "en",
        "plugin_type": "Bootstrap4CarouselPlugin",
        "creation_date": "2020-05-16T08:32:06.270Z",
        "changed_date": "2020-05-19T22:27:21.895Z"
    }
},
{
    "model": "cms.cmsplugin",
    "pk": 784,
    "fields": {
        "path": "001I00010001",
        "depth": 3,
        "numchild": 0,
        "placeholder": 2,
        "parent": 783,
        "position": 0,
        "language": "en",
        "plugin_type": "Bootstrap4CarouselSlidePlugin",
        "creation_date": "2020-05-16T08:43:19.355Z",
        "changed_date": "2020-05-19T22:27:21.899Z"
    }
},
{
    "model": "cms.cmsplugin",
    "pk": 785,
    "fields": {
        "path": "001I00010002",
        "depth": 3,
        "numchild": 0,
        "placeholder": 2,
        "parent": 783,
        "position": 1,
        "language": "en",
        "plugin_type": "Bootstrap4CarouselSlidePlugin",
        "creation_date": "2020-05-16T08:45:55.891Z",
        "changed_date": "2020-05-19T22:27:21.904Z"
    }
},
{
    "model": "cms.cmsplugin",
    "pk": 786,
    "fields": {
        "path": "001I00010003",
        "depth": 3,
        "numchild": 0,
        "placeholder": 2,
        "parent": 783,
        "position": 2,
        "language": "en",
        "plugin_type": "Bootstrap4CarouselSlidePlugin",
        "creation_date": "2020-05-16T08:46:11.472Z",
        "changed_date": "2020-05-19T22:27:21.908Z"
    }
},
{
    "model": "cms.cmsplugin",
    "pk": 787,
    "fields": {
        "path": "001I00010004",
        "depth": 3,
        "numchild": 0,
        "placeholder": 2,
        "parent": 783,
        "position": 3,
        "language": "en",
        "plugin_type": "Bootstrap4CarouselSlidePlugin",
        "creation_date": "2020-05-16T08:46:35.592Z",
        "changed_date": "2020-05-19T22:27:21.912Z"
    }
},
{
    "model": "cms.cmsplugin",
    "pk": 788,
    "fields": {
        "path": "001I00010005",
        "depth": 3,
        "numchild": 0,
        "placeholder": 2,
        "parent": 783,
        "position": 4,
        "language": "en",
        "plugin_type": "Bootstrap4CarouselSlidePlugin",
        "creation_date": "2020-05-16T08:46:49.607Z",
        "changed_date": "2020-05-19T22:27:21.917Z"
    }
},
{
    "model": "cms.cmsplugin",
    "pk": 789,
    "fields": {
        "path": "001H0007",
        "depth": 2,
        "numchild": 1,
        "placeholder": 2,
        "parent": 753,
        "position": 4,
        "language": "en",
        "plugin_type": "Bootstrap4LinkPlugin",
        "creation_date": "2020-05-19T22:28:08.898Z",
        "changed_date": "2020-05-21T04:27:28.453Z"
    }
},
{
    "model": "cms.cmsplugin",
    "pk": 1037,
    "fields": {
        "path": "001H000200010002",
        "depth": 4,
        "numchild": 0,
        "placeholder": 2,
        "parent": 756,
        "position": 0,
        "language": "en",
        "plugin_type": "SnippetPlugin",
        "creation_date": "2020-05-19T23:12:52.586Z",
        "changed_date": "2020-05-19T23:17:44.006Z"
    }
},
{
    "model": "cms.cmsplugin",
    "pk": 1116,
    "fields": {
        "path": "001I0004",
        "depth": 2,
        "numchild": 1,
        "placeholder": 2,
        "parent": 782,
        "position": 1,
        "language": "en",
        "plugin_type": "Bootstrap4GridContainerPlugin",
        "creation_date": "2020-05-21T03:52:20.109Z",
        "changed_date": "2020-05-21T04:30:20.742Z"
    }
},
{
    "model": "cms.cmsplugin",
    "pk": 1118,
    "fields": {
        "path": "001I0004000200010001",
        "depth": 5,
        "numchild": 0,
        "placeholder": 2,
        "parent": 1186,
        "position": 0,
        "language": "en",
        "plugin_type": "TextPlugin",
        "creation_date": "2020-05-21T03:54:56.977Z",
        "changed_date": "2020-06-17T05:35:56.318Z"
    }
},
{
    "model": "cms.cmsplugin",
    "pk": 1119,
    "fields": {
        "path": "001I0004000200010002",
        "depth": 5,
        "numchild": 0,
        "placeholder": 2,
        "parent": 1186,
        "position": 1,
        "language": "en",
        "plugin_type": "Bootstrap4PicturePlugin",
        "creation_date": "2020-05-21T03:56:31.302Z",
        "changed_date": "2020-06-12T19:12:17.799Z"
    }
},
{
    "model": "cms.cmsplugin",
    "pk": 1128,
    "fields": {
        "path": "0021",
        "depth": 1,
        "numchild": 1,
        "placeholder": 19,
        "parent": null,
        "position": 0,
        "language": "en",
        "plugin_type": "Bootstrap4GridContainerPlugin",
        "creation_date": "2020-05-19T22:05:06.583Z",
        "changed_date": "2020-05-21T04:23:42.462Z"
    }
},
{
    "model": "cms.cmsplugin",
    "pk": 1129,
    "fields": {
        "path": "00210001",
        "depth": 2,
        "numchild": 1,
        "placeholder": 19,
        "parent": 1128,
        "position": 0,
        "language": "en",
        "plugin_type": "Bootstrap4GridRowPlugin",
        "creation_date": "2020-05-19T22:05:19.409Z",
        "changed_date": "2020-05-21T04:23:42.469Z"
    }
},
{
    "model": "cms.cmsplugin",
    "pk": 1130,
    "fields": {
        "path": "002100010001",
        "depth": 3,
        "numchild": 1,
        "placeholder": 19,
        "parent": 1129,
        "position": 0,
        "language": "en",
        "plugin_type": "Bootstrap4GridColumnPlugin",
        "creation_date": "2020-05-19T22:05:30.640Z",
        "changed_date": "2020-05-21T04:23:42.476Z"
    }
},
{
    "model": "cms.cmsplugin",
    "pk": 1131,
    "fields": {
        "path": "0021000100010001",
        "depth": 4,
        "numchild": 0,
        "placeholder": 19,
        "parent": 1130,
        "position": 0,
        "language": "en",
        "plugin_type": "Bootstrap4PicturePlugin",
        "creation_date": "2020-05-19T22:11:13.322Z",
        "changed_date": "2020-05-21T04:23:42.482Z"
    }
},
{
    "model": "cms.cmsplugin",
    "pk": 1136,
    "fields": {
        "path": "0023",
        "depth": 1,
        "numchild": 1,
        "placeholder": 21,
        "parent": null,
        "position": 0,
        "language": "en",
        "plugin_type": "Bootstrap4GridContainerPlugin",
        "creation_date": "2020-05-19T22:05:06.583Z",
        "changed_date": "2020-05-21T04:23:58.612Z"
    }
},
{
    "model": "cms.cmsplugin",
    "pk": 1137,
    "fields": {
        "path": "00230001",
        "depth": 2,
        "numchild": 1,
        "placeholder": 21,
        "parent": 1136,
        "position": 0,
        "language": "en",
        "plugin_type": "Bootstrap4GridRowPlugin",
        "creation_date": "2020-05-19T22:05:19.409Z",
        "changed_date": "2020-05-21T04:23:58.618Z"
    }
},
{
    "model": "cms.cmsplugin",
    "pk": 1138,
    "fields": {
        "path": "002300010001",
        "depth": 3,
        "numchild": 1,
        "placeholder": 21,
        "parent": 1137,
        "position": 0,
        "language": "en",
        "plugin_type": "Bootstrap4GridColumnPlugin",
        "creation_date": "2020-05-19T22:05:30.640Z",
        "changed_date": "2020-05-21T04:23:58.627Z"
    }
},
{
    "model": "cms.cmsplugin",
    "pk": 1139,
    "fields": {
        "path": "0023000100010001",
        "depth": 4,
        "numchild": 0,
        "placeholder": 21,
        "parent": 1138,
        "position": 0,
        "language": "en",
        "plugin_type": "Bootstrap4PicturePlugin",
        "creation_date": "2020-05-19T22:11:13.322Z",
        "changed_date": "2020-05-21T04:23:58.634Z"
    }
},
{
    "model": "cms.cmsplugin",
    "pk": 1185,
    "fields": {
        "path": "001I00040002",
        "depth": 3,
        "numchild": 1,
        "placeholder": 2,
        "parent": 1116,
        "position": 0,
        "language": "en",
        "plugin_type": "Bootstrap4GridRowPlugin",
        "creation_date": "2020-05-21T04:29:21.270Z",
        "changed_date": "2020-05-21T04:29:21.273Z"
    }
},
{
    "model": "cms.cmsplugin",
    "pk": 1186,
    "fields": {
        "path": "001I000400020001",
        "depth": 4,
        "numchild": 2,
        "placeholder": 2,
        "parent": 1185,
        "position": 0,
        "language": "en",
        "plugin_type": "Bootstrap4GridColumnPlugin",
        "creation_date": "2020-05-21T04:29:21.276Z",
        "changed_date": "2020-05-21T04:30:14.431Z"
    }
},
{
    "model": "cms.cmsplugin",
    "pk": 1233,
    "fields": {
        "path": "0028",
        "depth": 1,
        "numchild": 1,
        "placeholder": 27,
        "parent": null,
        "position": 1,
        "language": "en",
        "plugin_type": "Bootstrap4GridContainerPlugin",
        "creation_date": "2020-05-22T15:38:32.135Z",
        "changed_date": "2020-06-01T20:50:07.079Z"
    }
},
{
    "model": "cms.cmsplugin",
    "pk": 1234,
    "fields": {
        "path": "00280001",
        "depth": 2,
        "numchild": 2,
        "placeholder": 27,
        "parent": 1233,
        "position": 0,
        "language": "en",
        "plugin_type": "Bootstrap4GridRowPlugin",
        "creation_date": "2020-05-22T15:38:42.373Z",
        "changed_date": "2020-06-01T20:48:48.652Z"
    }
},
{
    "model": "cms.cmsplugin",
    "pk": 1235,
    "fields": {
        "path": "002800010001",
        "depth": 3,
        "numchild": 1,
        "placeholder": 27,
        "parent": 1234,
        "position": 0,
        "language": "en",
        "plugin_type": "Bootstrap4GridColumnPlugin",
        "creation_date": "2020-05-22T15:38:42.377Z",
        "changed_date": "2020-06-01T20:50:24.477Z"
    }
},
{
    "model": "cms.cmsplugin",
    "pk": 1236,
    "fields": {
        "path": "0028000100010001",
        "depth": 4,
        "numchild": 0,
        "placeholder": 27,
        "parent": 1235,
        "position": 0,
        "language": "en",
        "plugin_type": "SnippetPlugin",
        "creation_date": "2020-05-22T15:39:16.053Z",
        "changed_date": "2020-06-01T20:53:09.807Z"
    }
},
{
    "model": "cms.cmsplugin",
    "pk": 1238,
    "fields": {
        "path": "0029",
        "depth": 1,
        "numchild": 1,
        "placeholder": 27,
        "parent": null,
        "position": 0,
        "language": "en",
        "plugin_type": "Bootstrap4GridContainerPlugin",
        "creation_date": "2020-05-22T15:56:32.885Z",
        "changed_date": "2020-05-22T15:56:32.888Z"
    }
},
{
    "model": "cms.cmsplugin",
    "pk": 1239,
    "fields": {
        "path": "00290001",
        "depth": 2,
        "numchild": 1,
        "placeholder": 27,
        "parent": 1238,
        "position": 0,
        "language": "en",
        "plugin_type": "Bootstrap4GridRowPlugin",
        "creation_date": "2020-05-22T15:56:42.153Z",
        "changed_date": "2020-05-22T15:56:42.156Z"
    }
},
{
    "model": "cms.cmsplugin",
    "pk": 1240,
    "fields": {
        "path": "002900010001",
        "depth": 3,
        "numchild": 2,
        "placeholder": 27,
        "parent": 1239,
        "position": 0,
        "language": "en",
        "plugin_type": "Bootstrap4GridColumnPlugin",
        "creation_date": "2020-05-22T15:56:42.158Z",
        "changed_date": "2020-05-31T03:38:56.482Z"
    }
},
{
    "model": "cms.cmsplugin",
    "pk": 1241,
    "fields": {
        "path": "0029000100010001",
        "depth": 4,
        "numchild": 0,
        "placeholder": 27,
        "parent": 1240,
        "position": 0,
        "language": "en",
        "plugin_type": "TextPlugin",
        "creation_date": "2020-05-22T15:56:48.453Z",
        "changed_date": "2020-05-22T15:56:48.453Z"
    }
},
{
    "model": "cms.cmsplugin",
    "pk": 1245,
    "fields": {
        "path": "0029000100010002",
        "depth": 4,
        "numchild": 0,
        "placeholder": 27,
        "parent": 1240,
        "position": 1,
        "language": "en",
        "plugin_type": "SnippetPlugin",
        "creation_date": "2020-05-22T16:17:29.780Z",
        "changed_date": "2020-06-01T20:54:15.861Z"
    }
},
{
    "model": "cms.cmsplugin",
    "pk": 1246,
    "fields": {
        "path": "0028000100020001",
        "depth": 4,
        "numchild": 0,
        "placeholder": 27,
        "parent": 1361,
        "position": 0,
        "language": "en",
        "plugin_type": "SnippetPlugin",
        "creation_date": "2020-05-22T16:22:06.235Z",
        "changed_date": "2020-06-01T20:46:42.618Z"
    }
},
{
    "model": "cms.cmsplugin",
    "pk": 1343,
    "fields": {
        "path": "002D",
        "depth": 1,
        "numchild": 1,
        "placeholder": 12,
        "parent": null,
        "position": 0,
        "language": "en",
        "plugin_type": "Bootstrap4GridContainerPlugin",
        "creation_date": "2020-05-31T21:54:21.923Z",
        "changed_date": "2020-05-31T21:58:39.146Z"
    }
},
{
    "model": "cms.cmsplugin",
    "pk": 1344,
    "fields": {
        "path": "002D0001",
        "depth": 2,
        "numchild": 1,
        "placeholder": 12,
        "parent": 1343,
        "position": 0,
        "language": "en",
        "plugin_type": "Bootstrap4GridRowPlugin",
        "creation_date": "2020-05-31T21:54:25.859Z",
        "changed_date": "2020-05-31T21:58:39.159Z"
    }
},
{
    "model": "cms.cmsplugin",
    "pk": 1345,
    "fields": {
        "path": "002D00010001",
        "depth": 3,
        "numchild": 1,
        "placeholder": 12,
        "parent": 1344,
        "position": 0,
        "language": "en",
        "plugin_type": "Bootstrap4GridColumnPlugin",
        "creation_date": "2020-05-31T21:54:30.971Z",
        "changed_date": "2020-05-31T21:58:39.173Z"
    }
},
{
    "model": "cms.cmsplugin",
    "pk": 1346,
    "fields": {
        "path": "002D000100010001",
        "depth": 4,
        "numchild": 0,
        "placeholder": 12,
        "parent": 1345,
        "position": 0,
        "language": "en",
        "plugin_type": "Bootstrap4LinkPlugin",
        "creation_date": "2020-05-31T21:55:00.372Z",
        "changed_date": "2020-05-31T21:58:39.186Z"
    }
},
{
    "model": "cms.cmsplugin",
    "pk": 1347,
    "fields": {
        "path": "002E",
        "depth": 1,
        "numchild": 1,
        "placeholder": 55,
        "parent": null,
        "position": 0,
        "language": "en",
        "plugin_type": "Bootstrap4GridContainerPlugin",
        "creation_date": "2020-05-31T21:54:21.923Z",
        "changed_date": "2020-05-31T21:58:56.236Z"
    }
},
{
    "model": "cms.cmsplugin",
    "pk": 1348,
    "fields": {
        "path": "002E0001",
        "depth": 2,
        "numchild": 1,
        "placeholder": 55,
        "parent": 1347,
        "position": 0,
        "language": "en",
        "plugin_type": "Bootstrap4GridRowPlugin",
        "creation_date": "2020-05-31T21:54:25.859Z",
        "changed_date": "2020-05-31T21:58:56.249Z"
    }
},
{
    "model": "cms.cmsplugin",
    "pk": 1349,
    "fields": {
        "path": "002E00010001",
        "depth": 3,
        "numchild": 3,
        "placeholder": 55,
        "parent": 1348,
        "position": 0,
        "language": "en",
        "plugin_type": "Bootstrap4GridColumnPlugin",
        "creation_date": "2020-05-31T21:54:30.971Z",
        "changed_date": "2020-05-31T21:58:56.260Z"
    }
},
{
    "model": "cms.cmsplugin",
    "pk": 1350,
    "fields": {
        "path": "002E000100010001",
        "depth": 4,
        "numchild": 0,
        "placeholder": 55,
        "parent": 1349,
        "position": 1,
        "language": "en",
        "plugin_type": "Bootstrap4LinkPlugin",
        "creation_date": "2020-05-31T21:55:00.372Z",
        "changed_date": "2020-06-11T23:07:25.750Z"
    }
},
{
    "model": "cms.cmsplugin",
    "pk": 1351,
    "fields": {
        "path": "002E000100010002",
        "depth": 4,
        "numchild": 0,
        "placeholder": 55,
        "parent": 1349,
        "position": 0,
        "language": "en",
        "plugin_type": "TextPlugin",
        "creation_date": "2020-05-31T21:59:18.875Z",
        "changed_date": "2020-06-11T23:05:31.827Z"
    }
},
{
    "model": "cms.cmsplugin",
    "pk": 1361,
    "fields": {
        "path": "002800010002",
        "depth": 3,
        "numchild": 1,
        "placeholder": 27,
        "parent": 1234,
        "position": 1,
        "language": "en",
        "plugin_type": "Bootstrap4GridColumnPlugin",
        "creation_date": "2020-06-01T20:44:26.281Z",
        "changed_date": "2020-06-01T20:50:35.550Z"
    }
},
{
    "model": "cms.cmsplugin",
    "pk": 1851,
    "fields": {
        "path": "003C",
        "depth": 1,
        "numchild": 0,
        "placeholder": 2,
        "parent": null,
        "position": 2,
        "language": "en",
        "plugin_type": "SnippetPlugin",
        "creation_date": "2020-06-11T21:42:14.850Z",
        "changed_date": "2020-06-11T22:50:36.066Z"
    }
},
{
    "model": "cms.cmsplugin",
    "pk": 1853,
    "fields": {
        "path": "002E000100010003",
        "depth": 4,
        "numchild": 0,
        "placeholder": 55,
        "parent": 1349,
        "position": 2,
        "language": "en",
        "plugin_type": "TextPlugin",
        "creation_date": "2020-06-11T22:52:10.901Z",
        "changed_date": "2020-06-11T22:52:16.382Z"
    }
},
{
    "model": "cms.cmsplugin",
    "pk": 1998,
    "fields": {
        "path": "000Y000100010001000100010001",
        "depth": 7,
        "numchild": 0,
        "placeholder": 6,
        "parent": 58,
        "position": 0,
        "language": "en",
        "plugin_type": "IconPlugin",
        "creation_date": "2020-06-12T23:00:36.808Z",
        "changed_date": "2020-06-12T23:00:36.811Z"
    }
},
{
    "model": "cms.cmsplugin",
    "pk": 1999,
    "fields": {
        "path": "000Y000100010001000200010001",
        "depth": 7,
        "numchild": 0,
        "placeholder": 6,
        "parent": 60,
        "position": 0,
        "language": "en",
        "plugin_type": "IconPlugin",
        "creation_date": "2020-06-12T23:01:57.645Z",
        "changed_date": "2020-06-12T23:01:57.647Z"
    }
},
{
    "model": "cms.cmsplugin",
    "pk": 2000,
    "fields": {
        "path": "000Y000100010001000200010002",
        "depth": 7,
        "numchild": 0,
        "placeholder": 6,
        "parent": 60,
        "position": 1,
        "language": "en",
        "plugin_type": "IconPlugin",
        "creation_date": "2020-06-12T23:02:38.184Z",
        "changed_date": "2020-06-12T23:02:38.187Z"
    }
},
{
    "model": "cms.cmsplugin",
    "pk": 2001,
    "fields": {
        "path": "000Y000100010001000200010003",
        "depth": 7,
        "numchild": 0,
        "placeholder": 6,
        "parent": 60,
        "position": 2,
        "language": "en",
        "plugin_type": "IconPlugin",
        "creation_date": "2020-06-12T23:04:08.988Z",
        "changed_date": "2020-06-12T23:04:08.991Z"
    }
},
{
    "model": "cms.cmsplugin",
    "pk": 2002,
    "fields": {
        "path": "000Y000100010001000300010001",
        "depth": 7,
        "numchild": 0,
        "placeholder": 6,
        "parent": 62,
        "position": 0,
        "language": "en",
        "plugin_type": "IconPlugin",
        "creation_date": "2020-06-12T23:04:42.607Z",
        "changed_date": "2020-06-12T23:04:42.608Z"
    }
},
{
    "model": "cms.cmsplugin",
    "pk": 2003,
    "fields": {
        "path": "000Y000100010001000400010001",
        "depth": 7,
        "numchild": 0,
        "placeholder": 6,
        "parent": 64,
        "position": 0,
        "language": "en",
        "plugin_type": "IconPlugin",
        "creation_date": "2020-06-12T23:07:32.463Z",
        "changed_date": "2020-06-12T23:07:32.465Z"
    }
},
{
    "model": "cms.cmsplugin",
    "pk": 2004,
    "fields": {
        "path": "000Y000100010001000500010001",
        "depth": 7,
        "numchild": 0,
        "placeholder": 6,
        "parent": 66,
        "position": 0,
        "language": "en",
        "plugin_type": "IconPlugin",
        "creation_date": "2020-06-12T23:10:37.501Z",
        "changed_date": "2020-06-12T23:10:37.503Z"
    }
},
{
    "model": "cms.cmsplugin",
    "pk": 2030,
    "fields": {
        "path": "002E0001000100020001",
        "depth": 5,
        "numchild": 0,
        "placeholder": 55,
        "parent": 1351,
        "position": 0,
        "language": "en",
        "plugin_type": "IconPlugin",
        "creation_date": "2020-06-12T23:12:22.883Z",
        "changed_date": "2020-06-12T23:12:22.885Z"
    }
},
{
    "model": "cms.cmsplugin",
    "pk": 2305,
    "fields": {
        "path": "0048",
        "depth": 1,
        "numchild": 1,
        "placeholder": 7,
        "parent": null,
        "position": 0,
        "language": "en",
        "plugin_type": "Bootstrap4GridContainerPlugin",
        "creation_date": "2020-05-19T02:52:33.890Z",
        "changed_date": "2020-06-13T00:36:51.766Z"
    }
},
{
    "model": "cms.cmsplugin",
    "pk": 2306,
    "fields": {
        "path": "00480001",
        "depth": 2,
        "numchild": 0,
        "placeholder": 7,
        "parent": 2305,
        "position": 0,
        "language": "en",
        "plugin_type": "GoogleMapPlugin",
        "creation_date": "2020-05-18T05:18:14.212Z",
        "changed_date": "2020-06-13T00:36:51.768Z"
    }
},
{
    "model": "cms.cmsplugin",
    "pk": 2307,
    "fields": {
        "path": "0049",
        "depth": 1,
        "numchild": 1,
        "placeholder": 7,
        "parent": null,
        "position": 1,
        "language": "en",
        "plugin_type": "Bootstrap4GridContainerPlugin",
        "creation_date": "2020-05-16T11:38:32.807Z",
        "changed_date": "2020-06-13T00:36:51.773Z"
    }
},
{
    "model": "cms.cmsplugin",
    "pk": 2308,
    "fields": {
        "path": "00490001",
        "depth": 2,
        "numchild": 2,
        "placeholder": 7,
        "parent": 2307,
        "position": 1,
        "language": "en",
        "plugin_type": "Bootstrap4GridRowPlugin",
        "creation_date": "2020-05-16T11:38:39.096Z",
        "changed_date": "2020-06-13T00:36:51.774Z"
    }
},
{
    "model": "cms.cmsplugin",
    "pk": 2309,
    "fields": {
        "path": "004900010001",
        "depth": 3,
        "numchild": 1,
        "placeholder": 7,
        "parent": 2308,
        "position": 0,
        "language": "en",
        "plugin_type": "Bootstrap4GridColumnPlugin",
        "creation_date": "2020-05-16T11:38:44.663Z",
        "changed_date": "2020-06-13T00:36:51.777Z"
    }
},
{
    "model": "cms.cmsplugin",
    "pk": 2310,
    "fields": {
        "path": "0049000100010001",
        "depth": 4,
        "numchild": 5,
        "placeholder": 7,
        "parent": 2309,
        "position": 0,
        "language": "en",
        "plugin_type": "Bootstrap4ListGroupPlugin",
        "creation_date": "2020-05-16T11:39:25.947Z",
        "changed_date": "2020-06-13T00:36:51.779Z"
    }
},
{
    "model": "cms.cmsplugin",
    "pk": 2311,
    "fields": {
        "path": "00490001000100010001",
        "depth": 5,
        "numchild": 1,
        "placeholder": 7,
        "parent": 2310,
        "position": 0,
        "language": "en",
        "plugin_type": "Bootstrap4ListGroupItemPlugin",
        "creation_date": "2020-05-16T11:39:40.371Z",
        "changed_date": "2020-06-13T00:36:51.782Z"
    }
},
{
    "model": "cms.cmsplugin",
    "pk": 2312,
    "fields": {
        "path": "004900010001000100010001",
        "depth": 6,
        "numchild": 1,
        "placeholder": 7,
        "parent": 2311,
        "position": 0,
        "language": "en",
        "plugin_type": "TextPlugin",
        "creation_date": "2020-05-16T11:39:46.585Z",
        "changed_date": "2020-06-13T00:36:51.870Z"
    }
},
{
    "model": "cms.cmsplugin",
    "pk": 2313,
    "fields": {
        "path": "0049000100010001000100010001",
        "depth": 7,
        "numchild": 0,
        "placeholder": 7,
        "parent": 2312,
        "position": 0,
        "language": "en",
        "plugin_type": "IconPlugin",
        "creation_date": "2020-06-12T23:00:36.808Z",
        "changed_date": "2020-06-13T00:36:51.790Z"
    }
},
{
    "model": "cms.cmsplugin",
    "pk": 2314,
    "fields": {
        "path": "00490001000100010002",
        "depth": 5,
        "numchild": 1,
        "placeholder": 7,
        "parent": 2310,
        "position": 1,
        "language": "en",
        "plugin_type": "Bootstrap4ListGroupItemPlugin",
        "creation_date": "2020-05-16T11:40:32.515Z",
        "changed_date": "2020-06-13T00:36:51.796Z"
    }
},
{
    "model": "cms.cmsplugin",
    "pk": 2315,
    "fields": {
        "path": "004900010001000100020001",
        "depth": 6,
        "numchild": 3,
        "placeholder": 7,
        "parent": 2314,
        "position": 0,
        "language": "en",
        "plugin_type": "TextPlugin",
        "creation_date": "2020-05-16T11:40:34.914Z",
        "changed_date": "2020-06-13T00:36:51.877Z"
    }
},
{
    "model": "cms.cmsplugin",
    "pk": 2316,
    "fields": {
        "path": "0049000100010001000200010001",
        "depth": 7,
        "numchild": 0,
        "placeholder": 7,
        "parent": 2315,
        "position": 0,
        "language": "en",
        "plugin_type": "IconPlugin",
        "creation_date": "2020-06-12T23:01:57.645Z",
        "changed_date": "2020-06-13T00:36:51.807Z"
    }
},
{
    "model": "cms.cmsplugin",
    "pk": 2317,
    "fields": {
        "path": "0049000100010001000200010002",
        "depth": 7,
        "numchild": 0,
        "placeholder": 7,
        "parent": 2315,
        "position": 1,
        "language": "en",
        "plugin_type": "IconPlugin",
        "creation_date": "2020-06-12T23:02:38.184Z",
        "changed_date": "2020-06-13T00:36:51.811Z"
    }
},
{
    "model": "cms.cmsplugin",
    "pk": 2318,
    "fields": {
        "path": "0049000100010001000200010003",
        "depth": 7,
        "numchild": 0,
        "placeholder": 7,
        "parent": 2315,
        "position": 2,
        "language": "en",
        "plugin_type": "IconPlugin",
        "creation_date": "2020-06-12T23:04:08.988Z",
        "changed_date": "2020-06-13T00:36:51.816Z"
    }
},
{
    "model": "cms.cmsplugin",
    "pk": 2319,
    "fields": {
        "path": "00490001000100010003",
        "depth": 5,
        "numchild": 1,
        "placeholder": 7,
        "parent": 2310,
        "position": 2,
        "language": "en",
        "plugin_type": "Bootstrap4ListGroupItemPlugin",
        "creation_date": "2020-05-16T11:40:51.688Z",
        "changed_date": "2020-06-13T00:36:51.821Z"
    }
},
{
    "model": "cms.cmsplugin",
    "pk": 2320,
    "fields": {
        "path": "004900010001000100030001",
        "depth": 6,
        "numchild": 1,
        "placeholder": 7,
        "parent": 2319,
        "position": 0,
        "language": "en",
        "plugin_type": "TextPlugin",
        "creation_date": "2020-05-16T11:40:54.407Z",
        "changed_date": "2020-06-13T00:36:51.886Z"
    }
},
{
    "model": "cms.cmsplugin",
    "pk": 2321,
    "fields": {
        "path": "0049000100010001000300010001",
        "depth": 7,
        "numchild": 0,
        "placeholder": 7,
        "parent": 2320,
        "position": 0,
        "language": "en",
        "plugin_type": "IconPlugin",
        "creation_date": "2020-06-12T23:04:42.607Z",
        "changed_date": "2020-06-13T00:36:51.830Z"
    }
},
{
    "model": "cms.cmsplugin",
    "pk": 2322,
    "fields": {
        "path": "00490001000100010004",
        "depth": 5,
        "numchild": 1,
        "placeholder": 7,
        "parent": 2310,
        "position": 3,
        "language": "en",
        "plugin_type": "Bootstrap4ListGroupItemPlugin",
        "creation_date": "2020-05-16T11:41:08.698Z",
        "changed_date": "2020-06-13T00:36:51.836Z"
    }
},
{
    "model": "cms.cmsplugin",
    "pk": 2323,
    "fields": {
        "path": "004900010001000100040001",
        "depth": 6,
        "numchild": 1,
        "placeholder": 7,
        "parent": 2322,
        "position": 0,
        "language": "en",
        "plugin_type": "TextPlugin",
        "creation_date": "2020-05-16T11:41:15.603Z",
        "changed_date": "2020-06-13T00:36:51.895Z"
    }
},
{
    "model": "cms.cmsplugin",
    "pk": 2324,
    "fields": {
        "path": "0049000100010001000400010001",
        "depth": 7,
        "numchild": 0,
        "placeholder": 7,
        "parent": 2323,
        "position": 0,
        "language": "en",
        "plugin_type": "IconPlugin",
        "creation_date": "2020-06-12T23:07:32.463Z",
        "changed_date": "2020-06-13T00:36:51.844Z"
    }
},
{
    "model": "cms.cmsplugin",
    "pk": 2325,
    "fields": {
        "path": "00490001000100010005",
        "depth": 5,
        "numchild": 1,
        "placeholder": 7,
        "parent": 2310,
        "position": 4,
        "language": "en",
        "plugin_type": "Bootstrap4ListGroupItemPlugin",
        "creation_date": "2020-05-16T11:41:26.190Z",
        "changed_date": "2020-06-13T00:36:51.849Z"
    }
},
{
    "model": "cms.cmsplugin",
    "pk": 2326,
    "fields": {
        "path": "004900010001000100050001",
        "depth": 6,
        "numchild": 1,
        "placeholder": 7,
        "parent": 2325,
        "position": 0,
        "language": "en",
        "plugin_type": "TextPlugin",
        "creation_date": "2020-05-16T11:41:29.046Z",
        "changed_date": "2020-06-13T00:36:51.902Z"
    }
},
{
    "model": "cms.cmsplugin",
    "pk": 2327,
    "fields": {
        "path": "0049000100010001000500010001",
        "depth": 7,
        "numchild": 0,
        "placeholder": 7,
        "parent": 2326,
        "position": 0,
        "language": "en",
        "plugin_type": "IconPlugin",
        "creation_date": "2020-06-12T23:10:37.501Z",
        "changed_date": "2020-06-13T00:36:51.859Z"
    }
},
{
    "model": "cms.cmsplugin",
    "pk": 2328,
    "fields": {
        "path": "004900010002",
        "depth": 3,
        "numchild": 1,
        "placeholder": 7,
        "parent": 2308,
        "position": 1,
        "language": "en",
        "plugin_type": "Bootstrap4GridColumnPlugin",
        "creation_date": "2020-05-18T05:52:20.158Z",
        "changed_date": "2020-06-13T00:36:51.863Z"
    }
},
{
    "model": "cms.cmsplugin",
    "pk": 2329,
    "fields": {
        "path": "0049000100020001",
        "depth": 4,
        "numchild": 0,
        "placeholder": 7,
        "parent": 2328,
        "position": 0,
        "language": "en",
        "plugin_type": "SnippetPlugin",
        "creation_date": "2020-05-18T06:13:01.558Z",
        "changed_date": "2020-06-13T00:36:51.866Z"
    }
},
{
    "model": "cms.cmsplugin",
    "pk": 2337,
    "fields": {
        "path": "004B",
        "depth": 1,
        "numchild": 1,
        "placeholder": 60,
        "parent": null,
        "position": 1,
        "language": "en",
        "plugin_type": "Bootstrap4GridContainerPlugin",
        "creation_date": "2020-05-22T15:38:32.135Z",
        "changed_date": "2020-06-13T00:36:56.865Z"
    }
},
{
    "model": "cms.cmsplugin",
    "pk": 2338,
    "fields": {
        "path": "004B0001",
        "depth": 2,
        "numchild": 2,
        "placeholder": 60,
        "parent": 2337,
        "position": 0,
        "language": "en",
        "plugin_type": "Bootstrap4GridRowPlugin",
        "creation_date": "2020-05-22T15:38:42.373Z",
        "changed_date": "2020-06-13T00:36:56.867Z"
    }
},
{
    "model": "cms.cmsplugin",
    "pk": 2339,
    "fields": {
        "path": "004B00010001",
        "depth": 3,
        "numchild": 1,
        "placeholder": 60,
        "parent": 2338,
        "position": 0,
        "language": "en",
        "plugin_type": "Bootstrap4GridColumnPlugin",
        "creation_date": "2020-05-22T15:38:42.377Z",
        "changed_date": "2020-06-13T00:36:56.870Z"
    }
},
{
    "model": "cms.cmsplugin",
    "pk": 2340,
    "fields": {
        "path": "004B000100010001",
        "depth": 4,
        "numchild": 0,
        "placeholder": 60,
        "parent": 2339,
        "position": 0,
        "language": "en",
        "plugin_type": "SnippetPlugin",
        "creation_date": "2020-05-22T15:39:16.053Z",
        "changed_date": "2020-06-13T00:36:56.873Z"
    }
},
{
    "model": "cms.cmsplugin",
    "pk": 2341,
    "fields": {
        "path": "004B00010002",
        "depth": 3,
        "numchild": 1,
        "placeholder": 60,
        "parent": 2338,
        "position": 1,
        "language": "en",
        "plugin_type": "Bootstrap4GridColumnPlugin",
        "creation_date": "2020-06-01T20:44:26.281Z",
        "changed_date": "2020-06-13T00:36:56.877Z"
    }
},
{
    "model": "cms.cmsplugin",
    "pk": 2342,
    "fields": {
        "path": "004B000100020001",
        "depth": 4,
        "numchild": 0,
        "placeholder": 60,
        "parent": 2341,
        "position": 0,
        "language": "en",
        "plugin_type": "SnippetPlugin",
        "creation_date": "2020-05-22T16:22:06.235Z",
        "changed_date": "2020-06-13T00:36:56.880Z"
    }
},
{
    "model": "cms.cmsplugin",
    "pk": 2343,
    "fields": {
        "path": "004C",
        "depth": 1,
        "numchild": 1,
        "placeholder": 60,
        "parent": null,
        "position": 0,
        "language": "en",
        "plugin_type": "Bootstrap4GridContainerPlugin",
        "creation_date": "2020-05-22T15:56:32.885Z",
        "changed_date": "2020-06-13T00:36:56.883Z"
    }
},
{
    "model": "cms.cmsplugin",
    "pk": 2344,
    "fields": {
        "path": "004C0001",
        "depth": 2,
        "numchild": 1,
        "placeholder": 60,
        "parent": 2343,
        "position": 0,
        "language": "en",
        "plugin_type": "Bootstrap4GridRowPlugin",
        "creation_date": "2020-05-22T15:56:42.153Z",
        "changed_date": "2020-06-13T00:36:56.885Z"
    }
},
{
    "model": "cms.cmsplugin",
    "pk": 2345,
    "fields": {
        "path": "004C00010001",
        "depth": 3,
        "numchild": 1,
        "placeholder": 60,
        "parent": 2344,
        "position": 0,
        "language": "en",
        "plugin_type": "Bootstrap4GridColumnPlugin",
        "creation_date": "2020-05-22T15:56:42.158Z",
        "changed_date": "2020-06-13T00:36:56.887Z"
    }
},
{
    "model": "cms.cmsplugin",
    "pk": 2346,
    "fields": {
        "path": "004C000100010001",
        "depth": 4,
        "numchild": 0,
        "placeholder": 60,
        "parent": 2345,
        "position": 1,
        "language": "en",
        "plugin_type": "SnippetPlugin",
        "creation_date": "2020-05-22T16:17:29.780Z",
        "changed_date": "2020-06-13T00:36:56.890Z"
    }
},
{
    "model": "cms.cmsplugin",
    "pk": 2511,
    "fields": {
        "path": "004O",
        "depth": 1,
        "numchild": 1,
        "placeholder": 57,
        "parent": null,
        "position": 0,
        "language": "en",
        "plugin_type": "Bootstrap4GridContainerPlugin",
        "creation_date": "2020-05-31T21:54:21.923Z",
        "changed_date": "2020-06-13T01:42:50.378Z"
    }
},
{
    "model": "cms.cmsplugin",
    "pk": 2512,
    "fields": {
        "path": "004O0001",
        "depth": 2,
        "numchild": 1,
        "placeholder": 57,
        "parent": 2511,
        "position": 0,
        "language": "en",
        "plugin_type": "Bootstrap4GridRowPlugin",
        "creation_date": "2020-05-31T21:54:25.859Z",
        "changed_date": "2020-06-13T01:42:50.380Z"
    }
},
{
    "model": "cms.cmsplugin",
    "pk": 2513,
    "fields": {
        "path": "004O00010001",
        "depth": 3,
        "numchild": 3,
        "placeholder": 57,
        "parent": 2512,
        "position": 0,
        "language": "en",
        "plugin_type": "Bootstrap4GridColumnPlugin",
        "creation_date": "2020-05-31T21:54:30.971Z",
        "changed_date": "2020-06-13T01:42:50.382Z"
    }
},
{
    "model": "cms.cmsplugin",
    "pk": 2514,
    "fields": {
        "path": "004O000100010001",
        "depth": 4,
        "numchild": 0,
        "placeholder": 57,
        "parent": 2513,
        "position": 1,
        "language": "en",
        "plugin_type": "Bootstrap4LinkPlugin",
        "creation_date": "2020-05-31T21:55:00.372Z",
        "changed_date": "2020-06-13T01:42:50.385Z"
    }
},
{
    "model": "cms.cmsplugin",
    "pk": 2515,
    "fields": {
        "path": "004O000100010002",
        "depth": 4,
        "numchild": 1,
        "placeholder": 57,
        "parent": 2513,
        "position": 0,
        "language": "en",
        "plugin_type": "TextPlugin",
        "creation_date": "2020-05-31T21:59:18.875Z",
        "changed_date": "2020-06-13T01:42:50.405Z"
    }
},
{
    "model": "cms.cmsplugin",
    "pk": 2516,
    "fields": {
        "path": "004O0001000100020001",
        "depth": 5,
        "numchild": 0,
        "placeholder": 57,
        "parent": 2515,
        "position": 0,
        "language": "en",
        "plugin_type": "IconPlugin",
        "creation_date": "2020-06-12T23:12:22.883Z",
        "changed_date": "2020-06-13T01:42:50.395Z"
    }
},
{
    "model": "cms.cmsplugin",
    "pk": 2517,
    "fields": {
        "path": "004O000100010003",
        "depth": 4,
        "numchild": 0,
        "placeholder": 57,
        "parent": 2513,
        "position": 2,
        "language": "en",
        "plugin_type": "TextPlugin",
        "creation_date": "2020-06-11T22:52:10.901Z",
        "changed_date": "2020-06-13T01:42:50.413Z"
    }
},
{
    "model": "cms.cmsplugin",
    "pk": 2714,
    "fields": {
        "path": "004W",
        "depth": 1,
        "numchild": 1,
        "placeholder": 5,
        "parent": null,
        "position": 1,
        "language": "en",
        "plugin_type": "Bootstrap4GridContainerPlugin",
        "creation_date": "2020-05-19T22:17:21.254Z",
        "changed_date": "2020-06-13T04:35:06.145Z"
    }
},
{
    "model": "cms.cmsplugin",
    "pk": 2715,
    "fields": {
        "path": "004W0001",
        "depth": 2,
        "numchild": 1,
        "placeholder": 5,
        "parent": 2714,
        "position": 0,
        "language": "en",
        "plugin_type": "Bootstrap4GridRowPlugin",
        "creation_date": "2020-05-19T22:17:54.410Z",
        "changed_date": "2020-06-13T04:35:06.151Z"
    }
},
{
    "model": "cms.cmsplugin",
    "pk": 2716,
    "fields": {
        "path": "004W00010001",
        "depth": 3,
        "numchild": 1,
        "placeholder": 5,
        "parent": 2715,
        "position": 0,
        "language": "en",
        "plugin_type": "Bootstrap4GridColumnPlugin",
        "creation_date": "2020-05-19T22:18:12.797Z",
        "changed_date": "2020-06-13T04:35:06.157Z"
    }
},
{
    "model": "cms.cmsplugin",
    "pk": 2717,
    "fields": {
        "path": "004W000100010001",
        "depth": 4,
        "numchild": 0,
        "placeholder": 5,
        "parent": 2716,
        "position": 0,
        "language": "en",
        "plugin_type": "TextPlugin",
        "creation_date": "2020-05-16T08:27:52.400Z",
        "changed_date": "2020-06-13T04:35:06.171Z"
    }
},
{
    "model": "cms.cmsplugin",
    "pk": 2761,
    "fields": {
        "path": "004X",
        "depth": 1,
        "numchild": 5,
        "placeholder": 3,
        "parent": null,
        "position": 1,
        "language": "en",
        "plugin_type": "Bootstrap4GridContainerPlugin",
        "creation_date": "2020-05-16T08:30:43.899Z",
        "changed_date": "2020-06-17T05:37:07.455Z"
    }
},
{
    "model": "cms.cmsplugin",
    "pk": 2762,
    "fields": {
        "path": "004X0001",
        "depth": 2,
        "numchild": 2,
        "placeholder": 3,
        "parent": 2761,
        "position": 1,
        "language": "en",
        "plugin_type": "Bootstrap4GridRowPlugin",
        "creation_date": "2020-05-16T10:19:58.676Z",
        "changed_date": "2020-06-17T05:37:07.456Z"
    }
},
{
    "model": "cms.cmsplugin",
    "pk": 2763,
    "fields": {
        "path": "004X00010001",
        "depth": 3,
        "numchild": 2,
        "placeholder": 3,
        "parent": 2762,
        "position": 0,
        "language": "en",
        "plugin_type": "Bootstrap4GridColumnPlugin",
        "creation_date": "2020-05-16T10:23:37.425Z",
        "changed_date": "2020-06-17T05:37:07.457Z"
    }
},
{
    "model": "cms.cmsplugin",
    "pk": 2764,
    "fields": {
        "path": "004X000100010001",
        "depth": 4,
        "numchild": 0,
        "placeholder": 3,
        "parent": 2763,
        "position": 1,
        "language": "en",
        "plugin_type": "TextPlugin",
        "creation_date": "2020-05-16T10:24:08.247Z",
        "changed_date": "2020-06-17T05:37:07.545Z"
    }
},
{
    "model": "cms.cmsplugin",
    "pk": 2765,
    "fields": {
        "path": "004X000100010002",
        "depth": 4,
        "numchild": 0,
        "placeholder": 3,
        "parent": 2763,
        "position": 0,
        "language": "en",
        "plugin_type": "SnippetPlugin",
        "creation_date": "2020-05-19T23:12:52.586Z",
        "changed_date": "2020-06-17T05:37:07.463Z"
    }
},
{
    "model": "cms.cmsplugin",
    "pk": 2766,
    "fields": {
        "path": "004X00010002",
        "depth": 3,
        "numchild": 1,
        "placeholder": 3,
        "parent": 2762,
        "position": 1,
        "language": "en",
        "plugin_type": "Bootstrap4GridColumnPlugin",
        "creation_date": "2020-05-16T10:23:58.595Z",
        "changed_date": "2020-06-17T05:37:07.465Z"
    }
},
{
    "model": "cms.cmsplugin",
    "pk": 2767,
    "fields": {
        "path": "004X000100020001",
        "depth": 4,
        "numchild": 0,
        "placeholder": 3,
        "parent": 2766,
        "position": 0,
        "language": "en",
        "plugin_type": "TextPlugin",
        "creation_date": "2020-05-16T10:55:28.090Z",
        "changed_date": "2020-06-17T05:37:07.549Z"
    }
},
{
    "model": "cms.cmsplugin",
    "pk": 2768,
    "fields": {
        "path": "004X0002",
        "depth": 2,
        "numchild": 4,
        "placeholder": 3,
        "parent": 2761,
        "position": 3,
        "language": "en",
        "plugin_type": "Bootstrap4GridRowPlugin",
        "creation_date": "2020-05-16T10:59:01.962Z",
        "changed_date": "2020-06-17T05:37:07.470Z"
    }
},
{
    "model": "cms.cmsplugin",
    "pk": 2769,
    "fields": {
        "path": "004X00020001",
        "depth": 3,
        "numchild": 1,
        "placeholder": 3,
        "parent": 2768,
        "position": 0,
        "language": "en",
        "plugin_type": "Bootstrap4GridColumnPlugin",
        "creation_date": "2020-05-16T10:59:01.967Z",
        "changed_date": "2020-06-17T05:37:07.471Z"
    }
},
{
    "model": "cms.cmsplugin",
    "pk": 2770,
    "fields": {
        "path": "004X000200010001",
        "depth": 4,
        "numchild": 0,
        "placeholder": 3,
        "parent": 2769,
        "position": 0,
        "language": "en",
        "plugin_type": "TextPlugin",
        "creation_date": "2020-05-16T11:02:11.678Z",
        "changed_date": "2020-06-17T05:37:07.553Z"
    }
},
{
    "model": "cms.cmsplugin",
    "pk": 2771,
    "fields": {
        "path": "004X00020002",
        "depth": 3,
        "numchild": 1,
        "placeholder": 3,
        "parent": 2768,
        "position": 1,
        "language": "en",
        "plugin_type": "Bootstrap4GridColumnPlugin",
        "creation_date": "2020-05-16T10:59:01.969Z",
        "changed_date": "2020-06-17T05:37:07.476Z"
    }
},
{
    "model": "cms.cmsplugin",
    "pk": 2772,
    "fields": {
        "path": "004X000200020001",
        "depth": 4,
        "numchild": 0,
        "placeholder": 3,
        "parent": 2771,
        "position": 0,
        "language": "en",
        "plugin_type": "TextPlugin",
        "creation_date": "2020-05-16T11:03:24.601Z",
        "changed_date": "2020-06-17T05:37:07.557Z"
    }
},
{
    "model": "cms.cmsplugin",
    "pk": 2773,
    "fields": {
        "path": "004X00020003",
        "depth": 3,
        "numchild": 1,
        "placeholder": 3,
        "parent": 2768,
        "position": 2,
        "language": "en",
        "plugin_type": "Bootstrap4GridColumnPlugin",
        "creation_date": "2020-05-16T10:59:01.971Z",
        "changed_date": "2020-06-17T05:37:07.481Z"
    }
},
{
    "model": "cms.cmsplugin",
    "pk": 2774,
    "fields": {
        "path": "004X000200030001",
        "depth": 4,
        "numchild": 0,
        "placeholder": 3,
        "parent": 2773,
        "position": 0,
        "language": "en",
        "plugin_type": "TextPlugin",
        "creation_date": "2020-05-16T11:04:20.938Z",
        "changed_date": "2020-06-17T05:37:07.561Z"
    }
},
{
    "model": "cms.cmsplugin",
    "pk": 2775,
    "fields": {
        "path": "004X00020004",
        "depth": 3,
        "numchild": 1,
        "placeholder": 3,
        "parent": 2768,
        "position": 3,
        "language": "en",
        "plugin_type": "Bootstrap4GridColumnPlugin",
        "creation_date": "2020-05-19T21:32:30.209Z",
        "changed_date": "2020-06-17T05:37:07.486Z"
    }
},
{
    "model": "cms.cmsplugin",
    "pk": 2776,
    "fields": {
        "path": "004X000200040001",
        "depth": 4,
        "numchild": 0,
        "placeholder": 3,
        "parent": 2775,
        "position": 0,
        "language": "en",
        "plugin_type": "TextPlugin",
        "creation_date": "2020-05-19T21:32:43.858Z",
        "changed_date": "2020-06-17T05:37:07.565Z"
    }
},
{
    "model": "cms.cmsplugin",
    "pk": 2777,
    "fields": {
        "path": "004X0003",
        "depth": 2,
        "numchild": 1,
        "placeholder": 3,
        "parent": 2761,
        "position": 0,
        "language": "en",
        "plugin_type": "Bootstrap4GridRowPlugin",
        "creation_date": "2020-05-16T11:31:46.559Z",
        "changed_date": "2020-06-17T05:37:07.491Z"
    }
},
{
    "model": "cms.cmsplugin",
    "pk": 2778,
    "fields": {
        "path": "004X00030001",
        "depth": 3,
        "numchild": 2,
        "placeholder": 3,
        "parent": 2777,
        "position": 0,
        "language": "en",
        "plugin_type": "Bootstrap4GridColumnPlugin",
        "creation_date": "2020-05-16T11:31:46.565Z",
        "changed_date": "2020-06-17T05:37:07.492Z"
    }
},
{
    "model": "cms.cmsplugin",
    "pk": 2779,
    "fields": {
        "path": "004X000300010001",
        "depth": 4,
        "numchild": 0,
        "placeholder": 3,
        "parent": 2778,
        "position": 0,
        "language": "en",
        "plugin_type": "TextPlugin",
        "creation_date": "2020-05-16T11:33:03.958Z",
        "changed_date": "2020-06-17T05:37:07.569Z"
    }
},
{
    "model": "cms.cmsplugin",
    "pk": 2780,
    "fields": {
        "path": "004X000300010002",
        "depth": 4,
        "numchild": 0,
        "placeholder": 3,
        "parent": 2778,
        "position": 1,
        "language": "en",
        "plugin_type": "TextPlugin",
        "creation_date": "2020-05-18T03:00:15.674Z",
        "changed_date": "2020-06-17T05:37:07.572Z"
    }
},
{
    "model": "cms.cmsplugin",
    "pk": 2781,
    "fields": {
        "path": "004X0004",
        "depth": 2,
        "numchild": 1,
        "placeholder": 3,
        "parent": 2761,
        "position": 5,
        "language": "en",
        "plugin_type": "Bootstrap4LinkPlugin",
        "creation_date": "2020-05-19T22:24:23.224Z",
        "changed_date": "2020-06-17T05:37:07.500Z"
    }
},
{
    "model": "cms.cmsplugin",
    "pk": 2782,
    "fields": {
        "path": "004X00040001",
        "depth": 3,
        "numchild": 1,
        "placeholder": 3,
        "parent": 2781,
        "position": 0,
        "language": "en",
        "plugin_type": "Bootstrap4GridRowPlugin",
        "creation_date": "2020-05-16T11:13:12.805Z",
        "changed_date": "2020-06-17T05:37:07.501Z"
    }
},
{
    "model": "cms.cmsplugin",
    "pk": 2783,
    "fields": {
        "path": "004X000400010001",
        "depth": 4,
        "numchild": 1,
        "placeholder": 3,
        "parent": 2782,
        "position": 0,
        "language": "en",
        "plugin_type": "Bootstrap4GridColumnPlugin",
        "creation_date": "2020-05-16T11:20:26.328Z",
        "changed_date": "2020-06-17T05:37:07.502Z"
    }
},
{
    "model": "cms.cmsplugin",
    "pk": 2784,
    "fields": {
        "path": "004X0004000100010001",
        "depth": 5,
        "numchild": 0,
        "placeholder": 3,
        "parent": 2783,
        "position": 0,
        "language": "en",
        "plugin_type": "Bootstrap4PicturePlugin",
        "creation_date": "2020-05-16T11:31:10.099Z",
        "changed_date": "2020-06-17T05:37:07.504Z"
    }
},
{
    "model": "cms.cmsplugin",
    "pk": 2785,
    "fields": {
        "path": "004X0005",
        "depth": 2,
        "numchild": 1,
        "placeholder": 3,
        "parent": 2761,
        "position": 4,
        "language": "en",
        "plugin_type": "Bootstrap4LinkPlugin",
        "creation_date": "2020-05-19T22:28:08.898Z",
        "changed_date": "2020-06-17T05:37:07.507Z"
    }
},
{
    "model": "cms.cmsplugin",
    "pk": 2786,
    "fields": {
        "path": "004X00050001",
        "depth": 3,
        "numchild": 2,
        "placeholder": 3,
        "parent": 2785,
        "position": 0,
        "language": "en",
        "plugin_type": "Bootstrap4GridRowPlugin",
        "creation_date": "2020-05-16T11:12:17.558Z",
        "changed_date": "2020-06-17T05:37:07.508Z"
    }
},
{
    "model": "cms.cmsplugin",
    "pk": 2787,
    "fields": {
        "path": "004X000500010001",
        "depth": 4,
        "numchild": 1,
        "placeholder": 3,
        "parent": 2786,
        "position": 0,
        "language": "en",
        "plugin_type": "Bootstrap4GridColumnPlugin",
        "creation_date": "2020-05-16T11:20:04.800Z",
        "changed_date": "2020-06-17T05:37:07.510Z"
    }
},
{
    "model": "cms.cmsplugin",
    "pk": 2788,
    "fields": {
        "path": "004X0005000100010001",
        "depth": 5,
        "numchild": 0,
        "placeholder": 3,
        "parent": 2787,
        "position": 0,
        "language": "en",
        "plugin_type": "Bootstrap4PicturePlugin",
        "creation_date": "2020-05-16T11:23:20.853Z",
        "changed_date": "2020-06-17T05:37:07.511Z"
    }
},
{
    "model": "cms.cmsplugin",
    "pk": 2789,
    "fields": {
        "path": "004X000500010002",
        "depth": 4,
        "numchild": 1,
        "placeholder": 3,
        "parent": 2786,
        "position": 1,
        "language": "en",
        "plugin_type": "Bootstrap4GridColumnPlugin",
        "creation_date": "2020-05-16T11:20:04.803Z",
        "changed_date": "2020-06-17T05:37:07.514Z"
    }
},
{
    "model": "cms.cmsplugin",
    "pk": 2790,
    "fields": {
        "path": "004X0005000100020001",
        "depth": 5,
        "numchild": 0,
        "placeholder": 3,
        "parent": 2789,
        "position": 0,
        "language": "en",
        "plugin_type": "TextPlugin",
        "creation_date": "2020-05-16T11:26:05.387Z",
        "changed_date": "2020-06-17T05:37:07.576Z"
    }
},
{
    "model": "cms.cmsplugin",
    "pk": 2791,
    "fields": {
        "path": "004Y",
        "depth": 1,
        "numchild": 2,
        "placeholder": 3,
        "parent": null,
        "position": 0,
        "language": "en",
        "plugin_type": "Bootstrap4GridContainerPlugin",
        "creation_date": "2020-05-19T02:47:53.795Z",
        "changed_date": "2020-06-17T05:37:07.520Z"
    }
},
{
    "model": "cms.cmsplugin",
    "pk": 2792,
    "fields": {
        "path": "004Y0001",
        "depth": 2,
        "numchild": 5,
        "placeholder": 3,
        "parent": 2791,
        "position": 0,
        "language": "en",
        "plugin_type": "Bootstrap4CarouselPlugin",
        "creation_date": "2020-05-16T08:32:06.270Z",
        "changed_date": "2020-06-17T05:37:07.520Z"
    }
},
{
    "model": "cms.cmsplugin",
    "pk": 2793,
    "fields": {
        "path": "004Y00010001",
        "depth": 3,
        "numchild": 0,
        "placeholder": 3,
        "parent": 2792,
        "position": 0,
        "language": "en",
        "plugin_type": "Bootstrap4CarouselSlidePlugin",
        "creation_date": "2020-05-16T08:43:19.355Z",
        "changed_date": "2020-06-17T05:37:07.521Z"
    }
},
{
    "model": "cms.cmsplugin",
    "pk": 2794,
    "fields": {
        "path": "004Y00010002",
        "depth": 3,
        "numchild": 0,
        "placeholder": 3,
        "parent": 2792,
        "position": 1,
        "language": "en",
        "plugin_type": "Bootstrap4CarouselSlidePlugin",
        "creation_date": "2020-05-16T08:45:55.891Z",
        "changed_date": "2020-06-17T05:37:07.524Z"
    }
},
{
    "model": "cms.cmsplugin",
    "pk": 2795,
    "fields": {
        "path": "004Y00010003",
        "depth": 3,
        "numchild": 0,
        "placeholder": 3,
        "parent": 2792,
        "position": 2,
        "language": "en",
        "plugin_type": "Bootstrap4CarouselSlidePlugin",
        "creation_date": "2020-05-16T08:46:11.472Z",
        "changed_date": "2020-06-17T05:37:07.526Z"
    }
},
{
    "model": "cms.cmsplugin",
    "pk": 2796,
    "fields": {
        "path": "004Y00010004",
        "depth": 3,
        "numchild": 0,
        "placeholder": 3,
        "parent": 2792,
        "position": 3,
        "language": "en",
        "plugin_type": "Bootstrap4CarouselSlidePlugin",
        "creation_date": "2020-05-16T08:46:35.592Z",
        "changed_date": "2020-06-17T05:37:07.528Z"
    }
},
{
    "model": "cms.cmsplugin",
    "pk": 2797,
    "fields": {
        "path": "004Y00010005",
        "depth": 3,
        "numchild": 0,
        "placeholder": 3,
        "parent": 2792,
        "position": 4,
        "language": "en",
        "plugin_type": "Bootstrap4CarouselSlidePlugin",
        "creation_date": "2020-05-16T08:46:49.607Z",
        "changed_date": "2020-06-17T05:37:07.530Z"
    }
},
{
    "model": "cms.cmsplugin",
    "pk": 2798,
    "fields": {
        "path": "004Y0002",
        "depth": 2,
        "numchild": 1,
        "placeholder": 3,
        "parent": 2791,
        "position": 1,
        "language": "en",
        "plugin_type": "Bootstrap4GridContainerPlugin",
        "creation_date": "2020-05-21T03:52:20.109Z",
        "changed_date": "2020-06-17T05:37:07.532Z"
    }
},
{
    "model": "cms.cmsplugin",
    "pk": 2799,
    "fields": {
        "path": "004Y00020001",
        "depth": 3,
        "numchild": 1,
        "placeholder": 3,
        "parent": 2798,
        "position": 0,
        "language": "en",
        "plugin_type": "Bootstrap4GridRowPlugin",
        "creation_date": "2020-05-21T04:29:21.270Z",
        "changed_date": "2020-06-17T05:37:07.534Z"
    }
},
{
    "model": "cms.cmsplugin",
    "pk": 2800,
    "fields": {
        "path": "004Y000200010001",
        "depth": 4,
        "numchild": 2,
        "placeholder": 3,
        "parent": 2799,
        "position": 0,
        "language": "en",
        "plugin_type": "Bootstrap4GridColumnPlugin",
        "creation_date": "2020-05-21T04:29:21.276Z",
        "changed_date": "2020-06-17T05:37:07.535Z"
    }
},
{
    "model": "cms.cmsplugin",
    "pk": 2801,
    "fields": {
        "path": "004Y0002000100010001",
        "depth": 5,
        "numchild": 0,
        "placeholder": 3,
        "parent": 2800,
        "position": 0,
        "language": "en",
        "plugin_type": "TextPlugin",
        "creation_date": "2020-05-21T03:54:56.977Z",
        "changed_date": "2020-06-17T05:37:07.579Z"
    }
},
{
    "model": "cms.cmsplugin",
    "pk": 2802,
    "fields": {
        "path": "004Y0002000100010002",
        "depth": 5,
        "numchild": 0,
        "placeholder": 3,
        "parent": 2800,
        "position": 1,
        "language": "en",
        "plugin_type": "Bootstrap4PicturePlugin",
        "creation_date": "2020-05-21T03:56:31.302Z",
        "changed_date": "2020-06-17T05:37:07.540Z"
    }
},
{
    "model": "cms.cmsplugin",
    "pk": 2803,
    "fields": {
        "path": "004Z",
        "depth": 1,
        "numchild": 0,
        "placeholder": 3,
        "parent": null,
        "position": 2,
        "language": "en",
        "plugin_type": "SnippetPlugin",
        "creation_date": "2020-06-11T21:42:14.850Z",
        "changed_date": "2020-06-17T05:37:07.543Z"
    }
},
{
    "model": "cms.cmsplugin",
    "pk": 2804,
    "fields": {
        "path": "0050",
        "depth": 1,
        "numchild": 1,
        "placeholder": 23,
        "parent": null,
        "position": 0,
        "language": "en",
        "plugin_type": "Bootstrap4GridContainerPlugin",
        "creation_date": "2020-05-19T22:05:06.583Z",
        "changed_date": "2020-06-17T05:41:04.243Z"
    }
},
{
    "model": "cms.cmsplugin",
    "pk": 2805,
    "fields": {
        "path": "00500001",
        "depth": 2,
        "numchild": 1,
        "placeholder": 23,
        "parent": 2804,
        "position": 0,
        "language": "en",
        "plugin_type": "Bootstrap4GridRowPlugin",
        "creation_date": "2020-05-19T22:05:19.409Z",
        "changed_date": "2020-06-17T05:41:04.243Z"
    }
},
{
    "model": "cms.cmsplugin",
    "pk": 2806,
    "fields": {
        "path": "005000010001",
        "depth": 3,
        "numchild": 1,
        "placeholder": 23,
        "parent": 2805,
        "position": 0,
        "language": "en",
        "plugin_type": "Bootstrap4GridColumnPlugin",
        "creation_date": "2020-05-19T22:05:30.640Z",
        "changed_date": "2020-06-17T05:41:04.245Z"
    }
},
{
    "model": "cms.cmsplugin",
    "pk": 2807,
    "fields": {
        "path": "0050000100010001",
        "depth": 4,
        "numchild": 0,
        "placeholder": 23,
        "parent": 2806,
        "position": 0,
        "language": "en",
        "plugin_type": "Bootstrap4PicturePlugin",
        "creation_date": "2020-05-19T22:11:13.322Z",
        "changed_date": "2020-06-17T05:41:04.246Z"
    }
},
{
    "model": "cms.cmsplugin",
    "pk": 2808,
    "fields": {
        "path": "0051",
        "depth": 1,
        "numchild": 1,
        "placeholder": 25,
        "parent": null,
        "position": 0,
        "language": "en",
        "plugin_type": "Bootstrap4GridContainerPlugin",
        "creation_date": "2020-05-19T22:05:06.583Z",
        "changed_date": "2020-06-17T05:41:06.605Z"
    }
},
{
    "model": "cms.cmsplugin",
    "pk": 2809,
    "fields": {
        "path": "00510001",
        "depth": 2,
        "numchild": 1,
        "placeholder": 25,
        "parent": 2808,
        "position": 0,
        "language": "en",
        "plugin_type": "Bootstrap4GridRowPlugin",
        "creation_date": "2020-05-19T22:05:19.409Z",
        "changed_date": "2020-06-17T05:41:06.606Z"
    }
},
{
    "model": "cms.cmsplugin",
    "pk": 2810,
    "fields": {
        "path": "005100010001",
        "depth": 3,
        "numchild": 1,
        "placeholder": 25,
        "parent": 2809,
        "position": 0,
        "language": "en",
        "plugin_type": "Bootstrap4GridColumnPlugin",
        "creation_date": "2020-05-19T22:05:30.640Z",
        "changed_date": "2020-06-17T05:41:06.607Z"
    }
},
{
    "model": "cms.cmsplugin",
    "pk": 2811,
    "fields": {
        "path": "0051000100010001",
        "depth": 4,
        "numchild": 0,
        "placeholder": 25,
        "parent": 2810,
        "position": 0,
        "language": "en",
        "plugin_type": "Bootstrap4PicturePlugin",
        "creation_date": "2020-05-19T22:11:13.322Z",
        "changed_date": "2020-06-17T05:41:06.609Z"
    }
},
{
    "model": "cms.title",
    "pk": 1,
    "fields": {
        "language": "en",
        "title": "Bridge Hospice: Uniting the Patient and Family",
        "page_title": "",
        "menu_title": "Home",
        "meta_description": "Bridge Hospice Lubbock, Tx offers the following: Pre-Admission Consultation, Hospice Aides for Personal Care, Trained Volunteers, Medical Equipment and Supplies, Continuous Care Requiring Intense Intervention, Hospice Nursing Care, Social Work and Pastoral Care, Pain and Symptom Management, Available 24 hours",
        "slug": "home",
        "path": "",
        "has_url_overwrite": false,
        "redirect": null,
        "page": 1,
        "creation_date": "2020-05-16T08:19:51.386Z",
        "published": true,
        "publisher_is_draft": true,
        "publisher_public": 2,
        "publisher_state": 0
    }
},
{
    "model": "cms.title",
    "pk": 2,
    "fields": {
        "language": "en",
        "title": "Bridge Hospice: Uniting the Patient and Family",
        "page_title": "",
        "menu_title": "Home",
        "meta_description": "Bridge Hospice Lubbock, Tx offers the following: Pre-Admission Consultation, Hospice Aides for Personal Care, Trained Volunteers, Medical Equipment and Supplies, Continuous Care Requiring Intense Intervention, Hospice Nursing Care, Social Work and Pastoral Care, Pain and Symptom Management, Available 24 hours",
        "slug": "home",
        "path": "",
        "has_url_overwrite": false,
        "redirect": null,
        "page": 2,
        "creation_date": "2020-05-16T08:19:51.386Z",
        "published": true,
        "publisher_is_draft": false,
        "publisher_public": 1,
        "publisher_state": 0
    }
},
{
    "model": "cms.title",
    "pk": 3,
    "fields": {
        "language": "en",
        "title": "Contact Us - Address, Phone, & Email | Bridge Hospice",
        "page_title": "Contact Us",
        "menu_title": "Contact",
        "meta_description": "Bridge Hospice Contact Information 8212 Ithaca Suite W2 Lubbock, Tx 79423, 8069933900, support@bridge-hospice.com, Hours of Operation, Office Hours, Availability, Inquiries",
        "slug": "contact",
        "path": "contact",
        "has_url_overwrite": false,
        "redirect": null,
        "page": 3,
        "creation_date": "2020-05-16T08:20:12.068Z",
        "published": true,
        "publisher_is_draft": true,
        "publisher_public": 4,
        "publisher_state": 0
    }
},
{
    "model": "cms.title",
    "pk": 4,
    "fields": {
        "language": "en",
        "title": "Contact Us - Address, Phone, & Email | Bridge Hospice",
        "page_title": "Contact Us",
        "menu_title": "Contact",
        "meta_description": "Bridge Hospice Contact Information 8212 Ithaca Suite W2 Lubbock, Tx 79423, 8069933900, support@bridge-hospice.com, Hours of Operation, Office Hours, Availability, Inquiries",
        "slug": "contact",
        "path": "contact",
        "has_url_overwrite": false,
        "redirect": null,
        "page": 4,
        "creation_date": "2020-05-16T08:20:12.068Z",
        "published": true,
        "publisher_is_draft": false,
        "publisher_public": 3,
        "publisher_state": 0
    }
},
{
    "model": "cms.title",
    "pk": 7,
    "fields": {
        "language": "en",
        "title": "Valor - Military & Public Safety | Bridge Hospice",
        "page_title": "Valor - Military & Public Safety",
        "menu_title": "Valor",
        "meta_description": "Our admiration for veterans in the military and public safety branches and providing community events for appreciation.",
        "slug": "valor",
        "path": "valor",
        "has_url_overwrite": false,
        "redirect": null,
        "page": 7,
        "creation_date": "2020-05-21T04:13:16.325Z",
        "published": true,
        "publisher_is_draft": true,
        "publisher_public": 10,
        "publisher_state": 0
    }
},
{
    "model": "cms.title",
    "pk": 8,
    "fields": {
        "language": "en",
        "title": "Donations - Dave's Wish | Bridge Hospice",
        "page_title": "Donations and Dave's Wish",
        "menu_title": "Donation",
        "meta_description": "Providing for patients can be expensive and connecting patients with their community is our goal. Please help by providing donations to ensure that patients get the best experience.",
        "slug": "donation",
        "path": "donation",
        "has_url_overwrite": false,
        "redirect": null,
        "page": 8,
        "creation_date": "2020-05-21T04:13:52.498Z",
        "published": true,
        "publisher_is_draft": true,
        "publisher_public": 9,
        "publisher_state": 0
    }
},
{
    "model": "cms.title",
    "pk": 9,
    "fields": {
        "language": "en",
        "title": "Donations - Dave's Wish | Bridge Hospice",
        "page_title": "Donations and Dave's Wish",
        "menu_title": "Donation",
        "meta_description": "Providing for patients can be expensive and connecting patients with their community is our goal. Please help by providing donations to ensure that patients get the best experience.",
        "slug": "donation",
        "path": "donation",
        "has_url_overwrite": false,
        "redirect": null,
        "page": 9,
        "creation_date": "2020-05-21T04:13:52.498Z",
        "published": true,
        "publisher_is_draft": false,
        "publisher_public": 8,
        "publisher_state": 0
    }
},
{
    "model": "cms.title",
    "pk": 10,
    "fields": {
        "language": "en",
        "title": "Valor - Military & Public Safety | Bridge Hospice",
        "page_title": "Valor - Military & Public Safety",
        "menu_title": "Valor",
        "meta_description": "Our admiration for veterans in the military and public safety branches and providing community events for appreciation.",
        "slug": "valor",
        "path": "valor",
        "has_url_overwrite": false,
        "redirect": null,
        "page": 10,
        "creation_date": "2020-05-21T04:13:16.325Z",
        "published": true,
        "publisher_is_draft": false,
        "publisher_public": 7,
        "publisher_state": 0
    }
},
{
    "model": "cms.title",
    "pk": 11,
    "fields": {
        "language": "en",
        "title": "Social Media - Community Information | Bridge Hospice",
        "page_title": "Social Media",
        "menu_title": "Social",
        "meta_description": "Information about the work we accomplish with patients, the responses from family, and the volunteer events in the community.",
        "slug": "social",
        "path": "social",
        "has_url_overwrite": false,
        "redirect": null,
        "page": 11,
        "creation_date": "2020-05-22T15:38:14.009Z",
        "published": true,
        "publisher_is_draft": true,
        "publisher_public": 27,
        "publisher_state": 0
    }
},
{
    "model": "cms.title",
    "pk": 25,
    "fields": {
        "language": "en",
        "title": "Volunteer - Community Development | Bridge Hospice",
        "page_title": "Volunteer Opportunities",
        "menu_title": "Volunteer",
        "meta_description": "Assist our staff and the community in providing excellent care to patients and their family.",
        "slug": "volunteer",
        "path": "volunteer",
        "has_url_overwrite": false,
        "redirect": null,
        "page": 25,
        "creation_date": "2020-05-31T21:58:18.454Z",
        "published": true,
        "publisher_is_draft": true,
        "publisher_public": 26,
        "publisher_state": 0
    }
},
{
    "model": "cms.title",
    "pk": 26,
    "fields": {
        "language": "en",
        "title": "Volunteer - Community Development | Bridge Hospice",
        "page_title": "Volunteer Opportunities",
        "menu_title": "Volunteer",
        "meta_description": "Assist our staff and the community in providing excellent care to patients and their family.",
        "slug": "volunteer",
        "path": "volunteer",
        "has_url_overwrite": false,
        "redirect": null,
        "page": 26,
        "creation_date": "2020-05-31T21:58:18.454Z",
        "published": true,
        "publisher_is_draft": false,
        "publisher_public": 25,
        "publisher_state": 0
    }
},
{
    "model": "cms.title",
    "pk": 27,
    "fields": {
        "language": "en",
        "title": "Social Media - Community Information | Bridge Hospice",
        "page_title": "Social Media",
        "menu_title": "Social",
        "meta_description": "Information about the work we accomplish with patients, the responses from family, and the volunteer events in the community.",
        "slug": "social",
        "path": "social",
        "has_url_overwrite": false,
        "redirect": null,
        "page": 27,
        "creation_date": "2020-05-22T15:38:14.009Z",
        "published": true,
        "publisher_is_draft": false,
        "publisher_public": 11,
        "publisher_state": 0
    }
},
{
    "model": "cms.title",
    "pk": 33,
    "fields": {
        "language": "en",
        "title": "Dashboard",
        "page_title": "",
        "menu_title": "",
        "meta_description": "",
        "slug": "dashboard",
        "path": "dashboard",
        "has_url_overwrite": false,
        "redirect": null,
        "page": 33,
        "creation_date": "2020-06-17T02:52:00.332Z",
        "published": false,
        "publisher_is_draft": true,
        "publisher_public": 34,
        "publisher_state": 1
    }
},
{
    "model": "cms.title",
    "pk": 34,
    "fields": {
        "language": "en",
        "title": "Dashboard",
        "page_title": "",
        "menu_title": "",
        "meta_description": "",
        "slug": "dashboard",
        "path": "dashboard",
        "has_url_overwrite": false,
        "redirect": null,
        "page": 34,
        "creation_date": "2020-06-17T02:52:00.332Z",
        "published": false,
        "publisher_is_draft": false,
        "publisher_public": 33,
        "publisher_state": 0
    }
},
{
    "model": "cms.title",
    "pk": 36,
    "fields": {
        "language": "en",
        "title": "Forms",
        "page_title": "",
        "menu_title": "",
        "meta_description": "",
        "slug": "forms",
        "path": "forms",
        "has_url_overwrite": false,
        "redirect": null,
        "page": 36,
        "creation_date": "2020-06-17T02:56:43.387Z",
        "published": true,
        "publisher_is_draft": true,
        "publisher_public": 39,
        "publisher_state": 0
    }
},
{
    "model": "cms.title",
    "pk": 37,
    "fields": {
        "language": "en",
        "title": "Volunteer",
        "page_title": "",
        "menu_title": "",
        "meta_description": "",
        "slug": "volunteer",
        "path": "forms/volunteer",
        "has_url_overwrite": false,
        "redirect": null,
        "page": 37,
        "creation_date": "2020-06-17T02:57:06.220Z",
        "published": true,
        "publisher_is_draft": true,
        "publisher_public": 40,
        "publisher_state": 0
    }
},
{
    "model": "cms.title",
    "pk": 38,
    "fields": {
        "language": "en",
        "title": "Signup",
        "page_title": "",
        "menu_title": "",
        "meta_description": "",
        "slug": "signup",
        "path": "forms/signup",
        "has_url_overwrite": false,
        "redirect": null,
        "page": 38,
        "creation_date": "2020-06-17T02:57:14.151Z",
        "published": false,
        "publisher_is_draft": true,
        "publisher_public": 41,
        "publisher_state": 1
    }
},
{
    "model": "cms.title",
    "pk": 39,
    "fields": {
        "language": "en",
        "title": "Forms",
        "page_title": "",
        "menu_title": "",
        "meta_description": "",
        "slug": "forms",
        "path": "forms",
        "has_url_overwrite": false,
        "redirect": null,
        "page": 39,
        "creation_date": "2020-06-17T02:56:43.387Z",
        "published": true,
        "publisher_is_draft": false,
        "publisher_public": 36,
        "publisher_state": 0
    }
},
{
    "model": "cms.title",
    "pk": 40,
    "fields": {
        "language": "en",
        "title": "Volunteer",
        "page_title": "",
        "menu_title": "",
        "meta_description": "",
        "slug": "volunteer",
        "path": "forms/volunteer",
        "has_url_overwrite": false,
        "redirect": null,
        "page": 40,
        "creation_date": "2020-06-17T02:57:06.220Z",
        "published": true,
        "publisher_is_draft": false,
        "publisher_public": 37,
        "publisher_state": 0
    }
},
{
    "model": "cms.title",
    "pk": 41,
    "fields": {
        "language": "en",
        "title": "Signup",
        "page_title": "",
        "menu_title": "",
        "meta_description": "",
        "slug": "signup",
        "path": "forms/signup",
        "has_url_overwrite": false,
        "redirect": null,
        "page": 41,
        "creation_date": "2020-06-17T02:57:14.151Z",
        "published": false,
        "publisher_is_draft": false,
        "publisher_public": 38,
        "publisher_state": 0
    }
},
{
    "model": "cms.staticplaceholder",
    "pk": 1,
    "fields": {
        "name": "",
        "code": "Footer",
        "draft": 4,
        "public": 5,
        "dirty": false,
        "creation_method": "template",
        "site": null
    }
},
{
    "model": "cms.urlconfrevision",
    "pk": 1,
    "fields": {
        "revision": "9003f234-eae8-40b8-bcad-48bbc0435f55"
    }
},
{
    "model": "menus.cachekey",
    "pk": 324,
    "fields": {
        "language": "en",
        "site": 1,
        "key": "cms_3.7.2_menu_nodes_en_1_2_user:draft"
    }
},
{
    "model": "djangocms_text_ckeditor.text",
    "pk": 1,
    "fields": {
        "cmsplugin_ptr": 1,
        "body": "<h5 class=\"py-5\" style=\"text-align: center;\">To Bridge Hospice, you are family.</h5>"
    }
},
{
    "model": "djangocms_text_ckeditor.text",
    "pk": 58,
    "fields": {
        "cmsplugin_ptr": 58,
        "body": "<h5>Address</h5>\n\n<h6>8212 Ithaca Suite W2</h6>\n\n<h6>Lubbock, Tx 79423</h6>"
    }
},
{
    "model": "djangocms_text_ckeditor.text",
    "pk": 60,
    "fields": {
        "cmsplugin_ptr": 60,
        "body": "<h6>Phone: <a href=\"tel:18069933900\">(806) 993-3900</a></h6>\n\n<h6>Fax: <a href=\"tel:18069933899\">\u00a0\u00a0\u00a0\u00a0(806) 993-3899</a></h6>\n\n<h6>Email: <a href=\"mailto:support@bridge-hospice.com\">support@bridge-hospice.com</a></h6>"
    }
},
{
    "model": "djangocms_text_ckeditor.text",
    "pk": 62,
    "fields": {
        "cmsplugin_ptr": 62,
        "body": "<h5>Hours of Operations</h5>\n\n<h6>24 hours / 7 days a week</h6>"
    }
},
{
    "model": "djangocms_text_ckeditor.text",
    "pk": 64,
    "fields": {
        "cmsplugin_ptr": 64,
        "body": "<h5>Office Hours</h5>\n\n<h6>Monday to Friday</h6>\n\n<h6>9:00 AM - 5:00 PM</h6>"
    }
},
{
    "model": "djangocms_text_ckeditor.text",
    "pk": 66,
    "fields": {
        "cmsplugin_ptr": 66,
        "body": "<h5>Website Related Inquiries</h5>\n\n<h6>Email: <a href=\"mailto:webmaster@bridge-hospice.com\">webservices@bridge-hospice.com</a></h6>"
    }
},
{
    "model": "djangocms_text_ckeditor.text",
    "pk": 757,
    "fields": {
        "cmsplugin_ptr": 757,
        "body": "<h1 class=\"text-shadow\">5</h1>\n\n<h4 class=\"text-shadow\">REASONS</h4>\n\n<h4 class=\"text-shadow\">FOR CHOOSING</h4>\n\n<h4 class=\"text-shadow\">HOSPICE</h4>"
    }
},
{
    "model": "djangocms_text_ckeditor.text",
    "pk": 759,
    "fields": {
        "cmsplugin_ptr": 759,
        "body": "<ol class=\"pt-1 five-list\" style=\"line-height: 1.8;\">\n\t<li class=\"text-shadow\">Medicare pays for all hospice services.</li>\n\t<li class=\"text-shadow\">Hospice can improve your quality of life.</li>\n\t<li class=\"text-shadow\">Hospice puts your wishes front and center.</li>\n\t<li class=\"text-shadow\">Hospice helps you communicate with doctors.</li>\n\t<li class=\"text-shadow\">Hospice gives your family much-needed support.</li>\n</ol>"
    }
},
{
    "model": "djangocms_text_ckeditor.text",
    "pk": 762,
    "fields": {
        "cmsplugin_ptr": 762,
        "body": "<ul class=\"text-shadow\">\n\t<li>Pre-Admission Consultation</li>\n\t<li>Hospice Aides for Personal Care</li>\n\t<li>Trained Volunteers</li>\n\t<li>Medical Equipment and Supplies</li>\n\t<li>Continuous Care Requiring Intense Intervention*</li>\n</ul>"
    }
},
{
    "model": "djangocms_text_ckeditor.text",
    "pk": 764,
    "fields": {
        "cmsplugin_ptr": 764,
        "body": "<ul class=\"text-shadow\">\n\t<li>Hospice Nursing Care</li>\n\t<li>Social Work and Pastoral Care</li>\n\t<li>Pain and Symptom Management</li>\n\t<li>Available 24 Hours, 7 Days a Week</li>\n\t<li>Respite or Inpatient Care if needed*</li>\n</ul>"
    }
},
{
    "model": "djangocms_text_ckeditor.text",
    "pk": 766,
    "fields": {
        "cmsplugin_ptr": 766,
        "body": "<ul class=\"text-shadow\">\n\t<li>Hospice Physician/Medical Director</li>\n\t<li>Therapists and Counseling</li>\n\t<li>Pharmacy Consultation/Services</li>\n\t<li>Bereavement Program offered for 13 months after death</li>\n</ul>"
    }
},
{
    "model": "djangocms_text_ckeditor.text",
    "pk": 768,
    "fields": {
        "cmsplugin_ptr": 768,
        "body": "<div class=\"ml-4\">* Eligibility required</div>"
    }
},
{
    "model": "djangocms_text_ckeditor.text",
    "pk": 773,
    "fields": {
        "cmsplugin_ptr": 773,
        "body": "<h1>VALOR</h1>\n\n<h6>THE VETERANS DIVISION OF BRIDGE HOSPICE</h6>\n\n<h3>HONORING THOSE WHO SERVED</h3>"
    }
},
{
    "model": "djangocms_text_ckeditor.text",
    "pk": 776,
    "fields": {
        "cmsplugin_ptr": 776,
        "body": "<p class=\"text-shadow\" style=\"text-align: center;\">In 2019 the Founder and Administrator of BRIDGE Hospice, Tammie Ware, discovered herself wanting more out of the hospice experience for the patient and family. She put together a team of individuals who specialize in different areas, but all carried the same desire to make the hospice experience about the patient and family. BRIDGE Hospice is committed to extending love, comfort, and care to our patients and their loved ones, because every patient's need is unique, our caring staff offers specialized care individually for each patient and family.</p>"
    }
},
{
    "model": "djangocms_text_ckeditor.text",
    "pk": 777,
    "fields": {
        "cmsplugin_ptr": 777,
        "body": "<h4 class=\"text-shadow-1\" style=\"text-align: center;\">To BRIDGE Hospice, you are family.</h4>"
    }
},
{
    "model": "djangocms_text_ckeditor.text",
    "pk": 1118,
    "fields": {
        "cmsplugin_ptr": 1118,
        "body": "<div class=\"hero-caption text-light d-flex\">\n<p class=\"bg bg-secondary-opaque rounded px-3 mx-auto\">EXTENDING LOVE, COMFORT, AND CARE</p>\n</div>"
    }
},
{
    "model": "djangocms_text_ckeditor.text",
    "pk": 1351,
    "fields": {
        "cmsplugin_ptr": 1351,
        "body": "<h5>Would you like to help the community in improving the care of of hospice patients?</h5>\n\n<p>\u00a0</p>\n\n<p>At Bridge Hospice, were committed to bringing patients and families together by providing excellent care. However, our staff can always use help with us around the clock services we provide daily. Support patients by helping nurses with hospice care, providing administrative support within our business, or assist at events coordinated by Bridge Hospice and other members of the community. To get started please fill out a volunteer application to allow use to ensure only quality care if provided to our patients and their families.</p>\n\n<p>\u00a0</p>"
    }
},
{
    "model": "djangocms_text_ckeditor.text",
    "pk": 1853,
    "fields": {
        "cmsplugin_ptr": 1853,
        "body": ""
    }
},
{
    "model": "djangocms_text_ckeditor.text",
    "pk": 2312,
    "fields": {
        "cmsplugin_ptr": 2312,
        "body": "<h5>Address</h5>\n\n<h6>8212 Ithaca Suite W2</h6>\n\n<h6>Lubbock, Tx 79423</h6>"
    }
},
{
    "model": "djangocms_text_ckeditor.text",
    "pk": 2315,
    "fields": {
        "cmsplugin_ptr": 2315,
        "body": "<h6>Phone: <a href=\"tel:18069933900\">(806) 993-3900</a></h6>\n\n<h6>Fax: <a href=\"tel:18069933899\">\u00a0\u00a0\u00a0\u00a0(806) 993-3899</a></h6>\n\n<h6>Email: <a href=\"mailto:support@bridge-hospice.com\">support@bridge-hospice.com</a></h6>"
    }
},
{
    "model": "djangocms_text_ckeditor.text",
    "pk": 2320,
    "fields": {
        "cmsplugin_ptr": 2320,
        "body": "<h5>Hours of Operations</h5>\n\n<h6>24 hours / 7 days a week</h6>"
    }
},
{
    "model": "djangocms_text_ckeditor.text",
    "pk": 2323,
    "fields": {
        "cmsplugin_ptr": 2323,
        "body": "<h5>Office Hours</h5>\n\n<h6>Monday to Friday</h6>\n\n<h6>9:00 AM - 5:00 PM</h6>"
    }
},
{
    "model": "djangocms_text_ckeditor.text",
    "pk": 2326,
    "fields": {
        "cmsplugin_ptr": 2326,
        "body": "<h5>Website Related Inquiries</h5>\n\n<h6>Email: <a href=\"mailto:webmaster@bridge-hospice.com\">webservices@bridge-hospice.com</a></h6>"
    }
},
{
    "model": "djangocms_text_ckeditor.text",
    "pk": 2515,
    "fields": {
        "cmsplugin_ptr": 2515,
        "body": "<h5>Would you like to help the community in improving the care of of hospice patients?</h5>\n\n<p>\u00a0</p>\n\n<p>At Bridge Hospice, were committed to bringing patients and families together by providing excellent care. However, our staff can always use help with us around the clock services we provide daily. Support patients by helping nurses with hospice care, providing administrative support within our business, or assist at events coordinated by Bridge Hospice and other members of the community. To get started please fill out a volunteer application to allow use to ensure only quality care if provided to our patients and their families.</p>\n\n<p>\u00a0</p>"
    }
},
{
    "model": "djangocms_text_ckeditor.text",
    "pk": 2517,
    "fields": {
        "cmsplugin_ptr": 2517,
        "body": ""
    }
},
{
    "model": "djangocms_text_ckeditor.text",
    "pk": 2717,
    "fields": {
        "cmsplugin_ptr": 2717,
        "body": "<h5 class=\"py-5\" style=\"text-align: center;\">To Bridge Hospice, you are family.</h5>"
    }
},
{
    "model": "djangocms_text_ckeditor.text",
    "pk": 2764,
    "fields": {
        "cmsplugin_ptr": 2764,
        "body": "<h1 class=\"text-shadow\">5</h1>\n\n<h4 class=\"text-shadow\">REASONS</h4>\n\n<h4 class=\"text-shadow\">FOR CHOOSING</h4>\n\n<h4 class=\"text-shadow\">HOSPICE</h4>"
    }
},
{
    "model": "djangocms_text_ckeditor.text",
    "pk": 2767,
    "fields": {
        "cmsplugin_ptr": 2767,
        "body": "<ol class=\"pt-1 five-list\" style=\"line-height: 1.8;\">\n\t<li class=\"text-shadow\">Medicare pays for all hospice services.</li>\n\t<li class=\"text-shadow\">Hospice can improve your quality of life.</li>\n\t<li class=\"text-shadow\">Hospice puts your wishes front and center.</li>\n\t<li class=\"text-shadow\">Hospice helps you communicate with doctors.</li>\n\t<li class=\"text-shadow\">Hospice gives your family much-needed support.</li>\n</ol>"
    }
},
{
    "model": "djangocms_text_ckeditor.text",
    "pk": 2770,
    "fields": {
        "cmsplugin_ptr": 2770,
        "body": "<ul class=\"text-shadow\">\n\t<li>Pre-Admission Consultation</li>\n\t<li>Hospice Aides for Personal Care</li>\n\t<li>Trained Volunteers</li>\n\t<li>Medical Equipment and Supplies</li>\n\t<li>Continuous Care Requiring Intense Intervention*</li>\n</ul>"
    }
},
{
    "model": "djangocms_text_ckeditor.text",
    "pk": 2772,
    "fields": {
        "cmsplugin_ptr": 2772,
        "body": "<ul class=\"text-shadow\">\n\t<li>Hospice Nursing Care</li>\n\t<li>Social Work and Pastoral Care</li>\n\t<li>Pain and Symptom Management</li>\n\t<li>Available 24 Hours, 7 Days a Week</li>\n\t<li>Respite or Inpatient Care if needed*</li>\n</ul>"
    }
},
{
    "model": "djangocms_text_ckeditor.text",
    "pk": 2774,
    "fields": {
        "cmsplugin_ptr": 2774,
        "body": "<ul class=\"text-shadow\">\n\t<li>Hospice Physician/Medical Director</li>\n\t<li>Therapists and Counseling</li>\n\t<li>Pharmacy Consultation/Services</li>\n\t<li>Bereavement Program offered for 13 months after death</li>\n</ul>"
    }
},
{
    "model": "djangocms_text_ckeditor.text",
    "pk": 2776,
    "fields": {
        "cmsplugin_ptr": 2776,
        "body": "<div class=\"ml-4\">* Eligibility required</div>"
    }
},
{
    "model": "djangocms_text_ckeditor.text",
    "pk": 2779,
    "fields": {
        "cmsplugin_ptr": 2779,
        "body": "<p class=\"text-shadow\" style=\"text-align: center;\">In 2019 the Founder and Administrator of BRIDGE Hospice, Tammie Ware, discovered herself wanting more out of the hospice experience for the patient and family. She put together a team of individuals who specialize in different areas, but all carried the same desire to make the hospice experience about the patient and family. BRIDGE Hospice is committed to extending love, comfort, and care to our patients and their loved ones, because every patient's need is unique, our caring staff offers specialized care individually for each patient and family.</p>"
    }
},
{
    "model": "djangocms_text_ckeditor.text",
    "pk": 2780,
    "fields": {
        "cmsplugin_ptr": 2780,
        "body": "<h4 class=\"text-shadow-1\" style=\"text-align: center;\">To BRIDGE Hospice, you are family.</h4>"
    }
},
{
    "model": "djangocms_text_ckeditor.text",
    "pk": 2790,
    "fields": {
        "cmsplugin_ptr": 2790,
        "body": "<h1>VALOR</h1>\n\n<h6>THE VETERANS DIVISION OF BRIDGE HOSPICE</h6>\n\n<h3>HONORING THOSE WHO SERVED</h3>"
    }
},
{
    "model": "djangocms_text_ckeditor.text",
    "pk": 2801,
    "fields": {
        "cmsplugin_ptr": 2801,
        "body": "<div class=\"hero-caption text-light d-flex\">\n<p class=\"bg bg-secondary-opaque rounded px-3 mx-auto\">EXTENDING LOVE, COMFORT, AND CARE</p>\n</div>"
    }
},
{
    "model": "filer.file",
    "pk": 1,
    "fields": {
        "polymorphic_ctype": [
            "filer",
            "image"
        ],
        "folder": null,
        "file": "filer_public/4b/e8/4be8120d-23c8-4abe-ad9c-8ec90c76c495/home01.jpg",
        "_file_size": 4335358,
        "sha1": "d9e82500dd669151b1e5abad5d77026b73980631",
        "has_all_mandatory_data": false,
        "original_filename": "Home01.jpg",
        "name": "",
        "description": null,
        "owner": null,
        "uploaded_at": "2020-05-16T08:33:45.926Z",
        "modified_at": "2020-05-16T08:33:45.926Z",
        "is_public": true
    }
},
{
    "model": "filer.file",
    "pk": 2,
    "fields": {
        "polymorphic_ctype": [
            "filer",
            "image"
        ],
        "folder": null,
        "file": "filer_public/7c/9f/7c9fb8b1-feda-4c6b-b2c4-9aa3735c2813/home05.jpg",
        "_file_size": 4171782,
        "sha1": "c2321c2d9e9e1cd7559d9c7e9c8cda896ff77bb5",
        "has_all_mandatory_data": false,
        "original_filename": "Home05.jpg",
        "name": "",
        "description": null,
        "owner": null,
        "uploaded_at": "2020-05-16T08:45:35.749Z",
        "modified_at": "2020-05-16T08:45:35.749Z",
        "is_public": true
    }
},
{
    "model": "filer.file",
    "pk": 3,
    "fields": {
        "polymorphic_ctype": [
            "filer",
            "image"
        ],
        "folder": null,
        "file": "filer_public/08/bc/08bca602-c1fb-4583-bf70-717f1cb6662f/home03.jpg",
        "_file_size": 4496431,
        "sha1": "fe9aa49432b3b263e21f2754267576803685a1bb",
        "has_all_mandatory_data": false,
        "original_filename": "Home03.jpg",
        "name": "",
        "description": null,
        "owner": null,
        "uploaded_at": "2020-05-16T08:45:35.758Z",
        "modified_at": "2020-05-16T08:45:35.758Z",
        "is_public": true
    }
},
{
    "model": "filer.file",
    "pk": 4,
    "fields": {
        "polymorphic_ctype": [
            "filer",
            "image"
        ],
        "folder": null,
        "file": "filer_public/ba/51/ba5148d6-b923-4457-b236-8057e63497b5/home04.jpg",
        "_file_size": 7212136,
        "sha1": "4a6787ed7699727974ca50f0254de8fd7ea299ad",
        "has_all_mandatory_data": false,
        "original_filename": "Home04.jpg",
        "name": "",
        "description": null,
        "owner": null,
        "uploaded_at": "2020-05-16T08:45:35.790Z",
        "modified_at": "2020-05-16T08:45:35.790Z",
        "is_public": true
    }
},
{
    "model": "filer.file",
    "pk": 5,
    "fields": {
        "polymorphic_ctype": [
            "filer",
            "image"
        ],
        "folder": null,
        "file": "filer_public/2e/94/2e94ad5d-04af-4575-b0e0-d4f93e73d748/home02.jpg",
        "_file_size": 2969491,
        "sha1": "3155f9360845e17ccb20757449aab37cdf86d69d",
        "has_all_mandatory_data": false,
        "original_filename": "Home02.jpg",
        "name": "",
        "description": null,
        "owner": null,
        "uploaded_at": "2020-05-16T08:45:48.691Z",
        "modified_at": "2020-05-16T08:45:48.691Z",
        "is_public": true
    }
},
{
    "model": "filer.file",
    "pk": 6,
    "fields": {
        "polymorphic_ctype": [
            "filer",
            "image"
        ],
        "folder": null,
        "file": "filer_public/6f/cb/6fcbaba0-1ba6-4968-bb59-687768f49bd6/valor.png",
        "_file_size": 29184,
        "sha1": "00099b615f68c6459b985100a579419320efeac6",
        "has_all_mandatory_data": false,
        "original_filename": "Valor.png",
        "name": "",
        "description": null,
        "owner": null,
        "uploaded_at": "2020-05-16T11:21:31.900Z",
        "modified_at": "2020-05-16T11:21:31.900Z",
        "is_public": true
    }
},
{
    "model": "filer.file",
    "pk": 7,
    "fields": {
        "polymorphic_ctype": [
            "filer",
            "image"
        ],
        "folder": null,
        "file": "filer_public/c1/3f/c13fd1e5-72d8-490b-bb70-31b8e6113a08/daveswish.png",
        "_file_size": 29831,
        "sha1": "b74b3e3b2866044320891864ec4f5349209a3645",
        "has_all_mandatory_data": false,
        "original_filename": "DavesWish.png",
        "name": "",
        "description": null,
        "owner": null,
        "uploaded_at": "2020-05-16T11:31:03.064Z",
        "modified_at": "2020-05-16T11:31:03.064Z",
        "is_public": true
    }
},
{
    "model": "filer.file",
    "pk": 10,
    "fields": {
        "polymorphic_ctype": [
            "filer",
            "image"
        ],
        "folder": null,
        "file": "filer_public/2f/89/2f89e80b-63e6-4bce-b0ce-1e0fbab2ffde/comingsoon.png",
        "_file_size": 110254,
        "sha1": "126671a47ce88580bec8c1f384912b0b2e425d62",
        "has_all_mandatory_data": false,
        "original_filename": "comingsoon.png",
        "name": "",
        "description": null,
        "owner": [
            "webmaster"
        ],
        "uploaded_at": "2020-05-21T04:22:30.766Z",
        "modified_at": "2020-05-21T04:22:30.766Z",
        "is_public": true
    }
},
{
    "model": "filer.file",
    "pk": 13,
    "fields": {
        "polymorphic_ctype": [
            "filer",
            "image"
        ],
        "folder": null,
        "file": "filer_public/12/e7/12e728b2-0b6c-496e-80bf-84485706c5ae/bridgehospicelogo.png",
        "_file_size": 52180,
        "sha1": "cade476d711b3411da1286c71af7031386a63df8",
        "has_all_mandatory_data": false,
        "original_filename": "BridgeHospiceLogo.png",
        "name": "",
        "description": "",
        "owner": [
            "webmaster"
        ],
        "uploaded_at": "2020-06-12T17:58:05.082Z",
        "modified_at": "2020-06-12T17:58:35.697Z",
        "is_public": true
    }
},
{
    "model": "filer.clipboard",
    "pk": 2,
    "fields": {
        "user": [
            "webmaster"
        ]
    }
},
{
    "model": "filer.image",
    "pk": 1,
    "fields": {
        "_height": 2389,
        "_width": 3579,
        "default_alt_text": null,
        "default_caption": null,
        "subject_location": "",
        "file_ptr": 1,
        "date_taken": "2020-05-16T08:33:45.916Z",
        "author": null,
        "must_always_publish_author_credit": false,
        "must_always_publish_copyright": false
    }
},
{
    "model": "filer.image",
    "pk": 2,
    "fields": {
        "_height": 1872,
        "_width": 2808,
        "default_alt_text": null,
        "default_caption": null,
        "subject_location": "",
        "file_ptr": 2,
        "date_taken": "2020-05-16T08:45:35.725Z",
        "author": null,
        "must_always_publish_author_credit": false,
        "must_always_publish_copyright": false
    }
},
{
    "model": "filer.image",
    "pk": 3,
    "fields": {
        "_height": 2510,
        "_width": 3760,
        "default_alt_text": null,
        "default_caption": null,
        "subject_location": "",
        "file_ptr": 3,
        "date_taken": "2020-05-16T08:45:35.727Z",
        "author": null,
        "must_always_publish_author_credit": false,
        "must_always_publish_copyright": false
    }
},
{
    "model": "filer.image",
    "pk": 4,
    "fields": {
        "_height": 3070,
        "_width": 4600,
        "default_alt_text": null,
        "default_caption": null,
        "subject_location": "",
        "file_ptr": 4,
        "date_taken": "2020-05-16T08:45:35.775Z",
        "author": null,
        "must_always_publish_author_credit": false,
        "must_always_publish_copyright": false
    }
},
{
    "model": "filer.image",
    "pk": 5,
    "fields": {
        "_height": 1728,
        "_width": 2592,
        "default_alt_text": null,
        "default_caption": null,
        "subject_location": "",
        "file_ptr": 5,
        "date_taken": "2020-05-16T08:45:48.687Z",
        "author": null,
        "must_always_publish_author_credit": false,
        "must_always_publish_copyright": false
    }
},
{
    "model": "filer.image",
    "pk": 6,
    "fields": {
        "_height": 179,
        "_width": 181,
        "default_alt_text": null,
        "default_caption": null,
        "subject_location": "",
        "file_ptr": 6,
        "date_taken": "2020-05-16T11:21:31.897Z",
        "author": null,
        "must_always_publish_author_credit": false,
        "must_always_publish_copyright": false
    }
},
{
    "model": "filer.image",
    "pk": 7,
    "fields": {
        "_height": 230,
        "_width": 507,
        "default_alt_text": null,
        "default_caption": null,
        "subject_location": "",
        "file_ptr": 7,
        "date_taken": "2020-05-16T11:31:03.060Z",
        "author": null,
        "must_always_publish_author_credit": false,
        "must_always_publish_copyright": false
    }
},
{
    "model": "filer.image",
    "pk": 10,
    "fields": {
        "_height": 540,
        "_width": 960,
        "default_alt_text": null,
        "default_caption": null,
        "subject_location": "",
        "file_ptr": 10,
        "date_taken": "2020-05-21T04:22:30.763Z",
        "author": null,
        "must_always_publish_author_credit": false,
        "must_always_publish_copyright": false
    }
},
{
    "model": "filer.image",
    "pk": 13,
    "fields": {
        "_height": 370,
        "_width": 391,
        "default_alt_text": null,
        "default_caption": null,
        "subject_location": "196,185",
        "file_ptr": 13,
        "date_taken": "2020-06-12T17:58:05.080Z",
        "author": null,
        "must_always_publish_author_credit": false,
        "must_always_publish_copyright": false
    }
},
{
    "model": "easy_thumbnails.source",
    "pk": 1,
    "fields": {
        "storage_hash": "f9bde26a1556cd667f742bd34ec7c55e",
        "name": "filer_public/4b/e8/4be8120d-23c8-4abe-ad9c-8ec90c76c495/home01.jpg",
        "modified": "2020-05-16T08:43:20.018Z"
    }
},
{
    "model": "easy_thumbnails.source",
    "pk": 2,
    "fields": {
        "storage_hash": "f9bde26a1556cd667f742bd34ec7c55e",
        "name": "filer_public/7c/9f/7c9fb8b1-feda-4c6b-b2c4-9aa3735c2813/home05.jpg",
        "modified": "2020-05-16T08:46:50.185Z"
    }
},
{
    "model": "easy_thumbnails.source",
    "pk": 3,
    "fields": {
        "storage_hash": "f9bde26a1556cd667f742bd34ec7c55e",
        "name": "filer_public/08/bc/08bca602-c1fb-4583-bf70-717f1cb6662f/home03.jpg",
        "modified": "2020-05-16T08:46:12.103Z"
    }
},
{
    "model": "easy_thumbnails.source",
    "pk": 4,
    "fields": {
        "storage_hash": "f9bde26a1556cd667f742bd34ec7c55e",
        "name": "filer_public/ba/51/ba5148d6-b923-4457-b236-8057e63497b5/home04.jpg",
        "modified": "2020-05-16T08:46:36.405Z"
    }
},
{
    "model": "easy_thumbnails.source",
    "pk": 5,
    "fields": {
        "storage_hash": "f9bde26a1556cd667f742bd34ec7c55e",
        "name": "filer_public/2e/94/2e94ad5d-04af-4575-b0e0-d4f93e73d748/home02.jpg",
        "modified": "2020-05-16T08:45:56.380Z"
    }
},
{
    "model": "easy_thumbnails.source",
    "pk": 6,
    "fields": {
        "storage_hash": "f9bde26a1556cd667f742bd34ec7c55e",
        "name": "filer_public/6f/cb/6fcbaba0-1ba6-4968-bb59-687768f49bd6/valor.png",
        "modified": "2020-05-16T11:23:21.247Z"
    }
},
{
    "model": "easy_thumbnails.source",
    "pk": 7,
    "fields": {
        "storage_hash": "f9bde26a1556cd667f742bd34ec7c55e",
        "name": "filer_public/c1/3f/c13fd1e5-72d8-490b-bb70-31b8e6113a08/daveswish.png",
        "modified": "2020-05-16T11:31:10.538Z"
    }
},
{
    "model": "easy_thumbnails.source",
    "pk": 10,
    "fields": {
        "storage_hash": "f9bde26a1556cd667f742bd34ec7c55e",
        "name": "filer_public/2f/89/2f89e80b-63e6-4bce-b0ce-1e0fbab2ffde/comingsoon.png",
        "modified": "2020-05-21T04:22:47.623Z"
    }
},
{
    "model": "easy_thumbnails.source",
    "pk": 13,
    "fields": {
        "storage_hash": "f9bde26a1556cd667f742bd34ec7c55e",
        "name": "filer_public/12/e7/12e728b2-0b6c-496e-80bf-84485706c5ae/bridgehospicelogo.png",
        "modified": "2020-06-12T17:58:42.316Z"
    }
},
{
    "model": "easy_thumbnails.thumbnail",
    "pk": 1,
    "fields": {
        "storage_hash": "f9bde26a1556cd667f742bd34ec7c55e",
        "name": "filer_public_thumbnails/filer_public/4b/e8/4be8120d-23c8-4abe-ad9c-8ec90c76c495/home01.jpg__16x16_q85_crop_subsampling-2_upscale.jpg",
        "modified": "2020-05-16T08:33:46.119Z",
        "source": 1
    }
},
{
    "model": "easy_thumbnails.thumbnail",
    "pk": 2,
    "fields": {
        "storage_hash": "f9bde26a1556cd667f742bd34ec7c55e",
        "name": "filer_public_thumbnails/filer_public/4b/e8/4be8120d-23c8-4abe-ad9c-8ec90c76c495/home01.jpg__32x32_q85_crop_subsampling-2_upscale.jpg",
        "modified": "2020-05-16T08:33:46.292Z",
        "source": 1
    }
},
{
    "model": "easy_thumbnails.thumbnail",
    "pk": 3,
    "fields": {
        "storage_hash": "f9bde26a1556cd667f742bd34ec7c55e",
        "name": "filer_public_thumbnails/filer_public/4b/e8/4be8120d-23c8-4abe-ad9c-8ec90c76c495/home01.jpg__48x48_q85_crop_subsampling-2_upscale.jpg",
        "modified": "2020-05-16T08:33:46.471Z",
        "source": 1
    }
},
{
    "model": "easy_thumbnails.thumbnail",
    "pk": 4,
    "fields": {
        "storage_hash": "f9bde26a1556cd667f742bd34ec7c55e",
        "name": "filer_public_thumbnails/filer_public/4b/e8/4be8120d-23c8-4abe-ad9c-8ec90c76c495/home01.jpg__64x64_q85_crop_subsampling-2_upscale.jpg",
        "modified": "2020-05-16T08:33:46.653Z",
        "source": 1
    }
},
{
    "model": "easy_thumbnails.thumbnail",
    "pk": 5,
    "fields": {
        "storage_hash": "f9bde26a1556cd667f742bd34ec7c55e",
        "name": "filer_public_thumbnails/filer_public/4b/e8/4be8120d-23c8-4abe-ad9c-8ec90c76c495/home01.jpg__180x180_q85_crop_subsampling-2_upscale.jpg",
        "modified": "2020-05-16T08:33:46.843Z",
        "source": 1
    }
},
{
    "model": "easy_thumbnails.thumbnail",
    "pk": 6,
    "fields": {
        "storage_hash": "f9bde26a1556cd667f742bd34ec7c55e",
        "name": "filer_public_thumbnails/filer_public/4b/e8/4be8120d-23c8-4abe-ad9c-8ec90c76c495/home01.jpg__1024.0x768.0_q85_crop-10_subsampling-2_upscale.jpg",
        "modified": "2020-05-16T08:43:20.021Z",
        "source": 1
    }
},
{
    "model": "easy_thumbnails.thumbnail",
    "pk": 7,
    "fields": {
        "storage_hash": "f9bde26a1556cd667f742bd34ec7c55e",
        "name": "filer_public_thumbnails/filer_public/7c/9f/7c9fb8b1-feda-4c6b-b2c4-9aa3735c2813/home05.jpg__16x16_q85_crop_subsampling-2_upscale.jpg",
        "modified": "2020-05-16T08:45:35.948Z",
        "source": 2
    }
},
{
    "model": "easy_thumbnails.thumbnail",
    "pk": 8,
    "fields": {
        "storage_hash": "f9bde26a1556cd667f742bd34ec7c55e",
        "name": "filer_public_thumbnails/filer_public/08/bc/08bca602-c1fb-4583-bf70-717f1cb6662f/home03.jpg__16x16_q85_crop_subsampling-2_upscale.jpg",
        "modified": "2020-05-16T08:45:35.996Z",
        "source": 3
    }
},
{
    "model": "easy_thumbnails.thumbnail",
    "pk": 9,
    "fields": {
        "storage_hash": "f9bde26a1556cd667f742bd34ec7c55e",
        "name": "filer_public_thumbnails/filer_public/7c/9f/7c9fb8b1-feda-4c6b-b2c4-9aa3735c2813/home05.jpg__32x32_q85_crop_subsampling-2_upscale.jpg",
        "modified": "2020-05-16T08:45:36.082Z",
        "source": 2
    }
},
{
    "model": "easy_thumbnails.thumbnail",
    "pk": 10,
    "fields": {
        "storage_hash": "f9bde26a1556cd667f742bd34ec7c55e",
        "name": "filer_public_thumbnails/filer_public/ba/51/ba5148d6-b923-4457-b236-8057e63497b5/home04.jpg__16x16_q85_crop_subsampling-2_upscale.jpg",
        "modified": "2020-05-16T08:45:36.122Z",
        "source": 4
    }
},
{
    "model": "easy_thumbnails.thumbnail",
    "pk": 11,
    "fields": {
        "storage_hash": "f9bde26a1556cd667f742bd34ec7c55e",
        "name": "filer_public_thumbnails/filer_public/08/bc/08bca602-c1fb-4583-bf70-717f1cb6662f/home03.jpg__32x32_q85_crop_subsampling-2_upscale.jpg",
        "modified": "2020-05-16T08:45:36.232Z",
        "source": 3
    }
},
{
    "model": "easy_thumbnails.thumbnail",
    "pk": 12,
    "fields": {
        "storage_hash": "f9bde26a1556cd667f742bd34ec7c55e",
        "name": "filer_public_thumbnails/filer_public/7c/9f/7c9fb8b1-feda-4c6b-b2c4-9aa3735c2813/home05.jpg__48x48_q85_crop_subsampling-2_upscale.jpg",
        "modified": "2020-05-16T08:45:36.260Z",
        "source": 2
    }
},
{
    "model": "easy_thumbnails.thumbnail",
    "pk": 13,
    "fields": {
        "storage_hash": "f9bde26a1556cd667f742bd34ec7c55e",
        "name": "filer_public_thumbnails/filer_public/7c/9f/7c9fb8b1-feda-4c6b-b2c4-9aa3735c2813/home05.jpg__64x64_q85_crop_subsampling-2_upscale.jpg",
        "modified": "2020-05-16T08:45:36.388Z",
        "source": 2
    }
},
{
    "model": "easy_thumbnails.thumbnail",
    "pk": 14,
    "fields": {
        "storage_hash": "f9bde26a1556cd667f742bd34ec7c55e",
        "name": "filer_public_thumbnails/filer_public/08/bc/08bca602-c1fb-4583-bf70-717f1cb6662f/home03.jpg__48x48_q85_crop_subsampling-2_upscale.jpg",
        "modified": "2020-05-16T08:45:36.455Z",
        "source": 3
    }
},
{
    "model": "easy_thumbnails.thumbnail",
    "pk": 15,
    "fields": {
        "storage_hash": "f9bde26a1556cd667f742bd34ec7c55e",
        "name": "filer_public_thumbnails/filer_public/ba/51/ba5148d6-b923-4457-b236-8057e63497b5/home04.jpg__32x32_q85_crop_subsampling-2_upscale.jpg",
        "modified": "2020-05-16T08:45:36.472Z",
        "source": 4
    }
},
{
    "model": "easy_thumbnails.thumbnail",
    "pk": 16,
    "fields": {
        "storage_hash": "f9bde26a1556cd667f742bd34ec7c55e",
        "name": "filer_public_thumbnails/filer_public/7c/9f/7c9fb8b1-feda-4c6b-b2c4-9aa3735c2813/home05.jpg__180x180_q85_crop_subsampling-2_upscale.jpg",
        "modified": "2020-05-16T08:45:36.551Z",
        "source": 2
    }
},
{
    "model": "easy_thumbnails.thumbnail",
    "pk": 17,
    "fields": {
        "storage_hash": "f9bde26a1556cd667f742bd34ec7c55e",
        "name": "filer_public_thumbnails/filer_public/08/bc/08bca602-c1fb-4583-bf70-717f1cb6662f/home03.jpg__64x64_q85_crop_subsampling-2_upscale.jpg",
        "modified": "2020-05-16T08:45:36.665Z",
        "source": 3
    }
},
{
    "model": "easy_thumbnails.thumbnail",
    "pk": 18,
    "fields": {
        "storage_hash": "f9bde26a1556cd667f742bd34ec7c55e",
        "name": "filer_public_thumbnails/filer_public/ba/51/ba5148d6-b923-4457-b236-8057e63497b5/home04.jpg__48x48_q85_crop_subsampling-2_upscale.jpg",
        "modified": "2020-05-16T08:45:36.767Z",
        "source": 4
    }
},
{
    "model": "easy_thumbnails.thumbnail",
    "pk": 19,
    "fields": {
        "storage_hash": "f9bde26a1556cd667f742bd34ec7c55e",
        "name": "filer_public_thumbnails/filer_public/08/bc/08bca602-c1fb-4583-bf70-717f1cb6662f/home03.jpg__180x180_q85_crop_subsampling-2_upscale.jpg",
        "modified": "2020-05-16T08:45:36.885Z",
        "source": 3
    }
},
{
    "model": "easy_thumbnails.thumbnail",
    "pk": 20,
    "fields": {
        "storage_hash": "f9bde26a1556cd667f742bd34ec7c55e",
        "name": "filer_public_thumbnails/filer_public/ba/51/ba5148d6-b923-4457-b236-8057e63497b5/home04.jpg__64x64_q85_crop_subsampling-2_upscale.jpg",
        "modified": "2020-05-16T08:45:37.058Z",
        "source": 4
    }
},
{
    "model": "easy_thumbnails.thumbnail",
    "pk": 21,
    "fields": {
        "storage_hash": "f9bde26a1556cd667f742bd34ec7c55e",
        "name": "filer_public_thumbnails/filer_public/ba/51/ba5148d6-b923-4457-b236-8057e63497b5/home04.jpg__180x180_q85_crop_subsampling-2_upscale.jpg",
        "modified": "2020-05-16T08:45:37.351Z",
        "source": 4
    }
},
{
    "model": "easy_thumbnails.thumbnail",
    "pk": 22,
    "fields": {
        "storage_hash": "f9bde26a1556cd667f742bd34ec7c55e",
        "name": "filer_public_thumbnails/filer_public/2e/94/2e94ad5d-04af-4575-b0e0-d4f93e73d748/home02.jpg__16x16_q85_crop_subsampling-2_upscale.jpg",
        "modified": "2020-05-16T08:45:48.793Z",
        "source": 5
    }
},
{
    "model": "easy_thumbnails.thumbnail",
    "pk": 23,
    "fields": {
        "storage_hash": "f9bde26a1556cd667f742bd34ec7c55e",
        "name": "filer_public_thumbnails/filer_public/2e/94/2e94ad5d-04af-4575-b0e0-d4f93e73d748/home02.jpg__32x32_q85_crop_subsampling-2_upscale.jpg",
        "modified": "2020-05-16T08:45:48.896Z",
        "source": 5
    }
},
{
    "model": "easy_thumbnails.thumbnail",
    "pk": 24,
    "fields": {
        "storage_hash": "f9bde26a1556cd667f742bd34ec7c55e",
        "name": "filer_public_thumbnails/filer_public/2e/94/2e94ad5d-04af-4575-b0e0-d4f93e73d748/home02.jpg__48x48_q85_crop_subsampling-2_upscale.jpg",
        "modified": "2020-05-16T08:45:48.999Z",
        "source": 5
    }
},
{
    "model": "easy_thumbnails.thumbnail",
    "pk": 25,
    "fields": {
        "storage_hash": "f9bde26a1556cd667f742bd34ec7c55e",
        "name": "filer_public_thumbnails/filer_public/2e/94/2e94ad5d-04af-4575-b0e0-d4f93e73d748/home02.jpg__64x64_q85_crop_subsampling-2_upscale.jpg",
        "modified": "2020-05-16T08:45:49.103Z",
        "source": 5
    }
},
{
    "model": "easy_thumbnails.thumbnail",
    "pk": 26,
    "fields": {
        "storage_hash": "f9bde26a1556cd667f742bd34ec7c55e",
        "name": "filer_public_thumbnails/filer_public/2e/94/2e94ad5d-04af-4575-b0e0-d4f93e73d748/home02.jpg__180x180_q85_crop_subsampling-2_upscale.jpg",
        "modified": "2020-05-16T08:45:49.215Z",
        "source": 5
    }
},
{
    "model": "easy_thumbnails.thumbnail",
    "pk": 27,
    "fields": {
        "storage_hash": "f9bde26a1556cd667f742bd34ec7c55e",
        "name": "filer_public_thumbnails/filer_public/2e/94/2e94ad5d-04af-4575-b0e0-d4f93e73d748/home02.jpg__1024.0x768.0_q85_crop-10_subsampling-2_upscale.jpg",
        "modified": "2020-05-16T08:45:56.383Z",
        "source": 5
    }
},
{
    "model": "easy_thumbnails.thumbnail",
    "pk": 28,
    "fields": {
        "storage_hash": "f9bde26a1556cd667f742bd34ec7c55e",
        "name": "filer_public_thumbnails/filer_public/08/bc/08bca602-c1fb-4583-bf70-717f1cb6662f/home03.jpg__1024.0x768.0_q85_crop-10_subsampling-2_upscale.jpg",
        "modified": "2020-05-16T08:46:12.106Z",
        "source": 3
    }
},
{
    "model": "easy_thumbnails.thumbnail",
    "pk": 29,
    "fields": {
        "storage_hash": "f9bde26a1556cd667f742bd34ec7c55e",
        "name": "filer_public_thumbnails/filer_public/ba/51/ba5148d6-b923-4457-b236-8057e63497b5/home04.jpg__1024.0x768.0_q85_crop-10_subsampling-2_upscale.jpg",
        "modified": "2020-05-16T08:46:36.408Z",
        "source": 4
    }
},
{
    "model": "easy_thumbnails.thumbnail",
    "pk": 30,
    "fields": {
        "storage_hash": "f9bde26a1556cd667f742bd34ec7c55e",
        "name": "filer_public_thumbnails/filer_public/7c/9f/7c9fb8b1-feda-4c6b-b2c4-9aa3735c2813/home05.jpg__1024.0x768.0_q85_crop-10_subsampling-2_upscale.jpg",
        "modified": "2020-05-16T08:46:50.187Z",
        "source": 2
    }
},
{
    "model": "easy_thumbnails.thumbnail",
    "pk": 31,
    "fields": {
        "storage_hash": "f9bde26a1556cd667f742bd34ec7c55e",
        "name": "filer_public_thumbnails/filer_public/6f/cb/6fcbaba0-1ba6-4968-bb59-687768f49bd6/valor.png__16x16_q85_crop_subsampling-2_upscale.png",
        "modified": "2020-05-16T11:21:31.935Z",
        "source": 6
    }
},
{
    "model": "easy_thumbnails.thumbnail",
    "pk": 32,
    "fields": {
        "storage_hash": "f9bde26a1556cd667f742bd34ec7c55e",
        "name": "filer_public_thumbnails/filer_public/6f/cb/6fcbaba0-1ba6-4968-bb59-687768f49bd6/valor.png__32x32_q85_crop_subsampling-2_upscale.png",
        "modified": "2020-05-16T11:21:31.940Z",
        "source": 6
    }
},
{
    "model": "easy_thumbnails.thumbnail",
    "pk": 33,
    "fields": {
        "storage_hash": "f9bde26a1556cd667f742bd34ec7c55e",
        "name": "filer_public_thumbnails/filer_public/6f/cb/6fcbaba0-1ba6-4968-bb59-687768f49bd6/valor.png__48x48_q85_crop_subsampling-2_upscale.png",
        "modified": "2020-05-16T11:21:31.946Z",
        "source": 6
    }
},
{
    "model": "easy_thumbnails.thumbnail",
    "pk": 34,
    "fields": {
        "storage_hash": "f9bde26a1556cd667f742bd34ec7c55e",
        "name": "filer_public_thumbnails/filer_public/6f/cb/6fcbaba0-1ba6-4968-bb59-687768f49bd6/valor.png__64x64_q85_crop_subsampling-2_upscale.png",
        "modified": "2020-05-16T11:21:31.952Z",
        "source": 6
    }
},
{
    "model": "easy_thumbnails.thumbnail",
    "pk": 35,
    "fields": {
        "storage_hash": "f9bde26a1556cd667f742bd34ec7c55e",
        "name": "filer_public_thumbnails/filer_public/6f/cb/6fcbaba0-1ba6-4968-bb59-687768f49bd6/valor.png__180x180_q85_crop_subsampling-2_upscale.png",
        "modified": "2020-05-16T11:21:31.963Z",
        "source": 6
    }
},
{
    "model": "easy_thumbnails.thumbnail",
    "pk": 36,
    "fields": {
        "storage_hash": "f9bde26a1556cd667f742bd34ec7c55e",
        "name": "filer_public_thumbnails/filer_public/6f/cb/6fcbaba0-1ba6-4968-bb59-687768f49bd6/valor.png__181x179_q85_subsampling-2.png",
        "modified": "2020-05-16T11:23:21.260Z",
        "source": 6
    }
},
{
    "model": "easy_thumbnails.thumbnail",
    "pk": 37,
    "fields": {
        "storage_hash": "f9bde26a1556cd667f742bd34ec7c55e",
        "name": "filer_public_thumbnails/filer_public/c1/3f/c13fd1e5-72d8-490b-bb70-31b8e6113a08/daveswish.png__16x16_q85_crop_subsampling-2_upscale.png",
        "modified": "2020-05-16T11:31:03.075Z",
        "source": 7
    }
},
{
    "model": "easy_thumbnails.thumbnail",
    "pk": 38,
    "fields": {
        "storage_hash": "f9bde26a1556cd667f742bd34ec7c55e",
        "name": "filer_public_thumbnails/filer_public/c1/3f/c13fd1e5-72d8-490b-bb70-31b8e6113a08/daveswish.png__32x32_q85_crop_subsampling-2_upscale.png",
        "modified": "2020-05-16T11:31:03.084Z",
        "source": 7
    }
},
{
    "model": "easy_thumbnails.thumbnail",
    "pk": 39,
    "fields": {
        "storage_hash": "f9bde26a1556cd667f742bd34ec7c55e",
        "name": "filer_public_thumbnails/filer_public/c1/3f/c13fd1e5-72d8-490b-bb70-31b8e6113a08/daveswish.png__48x48_q85_crop_subsampling-2_upscale.png",
        "modified": "2020-05-16T11:31:03.093Z",
        "source": 7
    }
},
{
    "model": "easy_thumbnails.thumbnail",
    "pk": 40,
    "fields": {
        "storage_hash": "f9bde26a1556cd667f742bd34ec7c55e",
        "name": "filer_public_thumbnails/filer_public/c1/3f/c13fd1e5-72d8-490b-bb70-31b8e6113a08/daveswish.png__64x64_q85_crop_subsampling-2_upscale.png",
        "modified": "2020-05-16T11:31:03.103Z",
        "source": 7
    }
},
{
    "model": "easy_thumbnails.thumbnail",
    "pk": 41,
    "fields": {
        "storage_hash": "f9bde26a1556cd667f742bd34ec7c55e",
        "name": "filer_public_thumbnails/filer_public/c1/3f/c13fd1e5-72d8-490b-bb70-31b8e6113a08/daveswish.png__180x180_q85_crop_subsampling-2_upscale.png",
        "modified": "2020-05-16T11:31:03.118Z",
        "source": 7
    }
},
{
    "model": "easy_thumbnails.thumbnail",
    "pk": 42,
    "fields": {
        "storage_hash": "f9bde26a1556cd667f742bd34ec7c55e",
        "name": "filer_public_thumbnails/filer_public/c1/3f/c13fd1e5-72d8-490b-bb70-31b8e6113a08/daveswish.png__507x230_q85_subsampling-2.png",
        "modified": "2020-05-16T11:31:10.540Z",
        "source": 7
    }
},
{
    "model": "easy_thumbnails.thumbnail",
    "pk": 55,
    "fields": {
        "storage_hash": "f9bde26a1556cd667f742bd34ec7c55e",
        "name": "filer_public_thumbnails/filer_public/2f/89/2f89e80b-63e6-4bce-b0ce-1e0fbab2ffde/comingsoon.png__16x16_q85_crop_subsampling-2_upscale.jpg",
        "modified": "2020-05-21T04:22:30.822Z",
        "source": 10
    }
},
{
    "model": "easy_thumbnails.thumbnail",
    "pk": 56,
    "fields": {
        "storage_hash": "f9bde26a1556cd667f742bd34ec7c55e",
        "name": "filer_public_thumbnails/filer_public/2f/89/2f89e80b-63e6-4bce-b0ce-1e0fbab2ffde/comingsoon.png__32x32_q85_crop_subsampling-2_upscale.jpg",
        "modified": "2020-05-21T04:22:30.839Z",
        "source": 10
    }
},
{
    "model": "easy_thumbnails.thumbnail",
    "pk": 57,
    "fields": {
        "storage_hash": "f9bde26a1556cd667f742bd34ec7c55e",
        "name": "filer_public_thumbnails/filer_public/2f/89/2f89e80b-63e6-4bce-b0ce-1e0fbab2ffde/comingsoon.png__48x48_q85_crop_subsampling-2_upscale.jpg",
        "modified": "2020-05-21T04:22:30.858Z",
        "source": 10
    }
},
{
    "model": "easy_thumbnails.thumbnail",
    "pk": 58,
    "fields": {
        "storage_hash": "f9bde26a1556cd667f742bd34ec7c55e",
        "name": "filer_public_thumbnails/filer_public/2f/89/2f89e80b-63e6-4bce-b0ce-1e0fbab2ffde/comingsoon.png__64x64_q85_crop_subsampling-2_upscale.jpg",
        "modified": "2020-05-21T04:22:30.877Z",
        "source": 10
    }
},
{
    "model": "easy_thumbnails.thumbnail",
    "pk": 59,
    "fields": {
        "storage_hash": "f9bde26a1556cd667f742bd34ec7c55e",
        "name": "filer_public_thumbnails/filer_public/2f/89/2f89e80b-63e6-4bce-b0ce-1e0fbab2ffde/comingsoon.png__180x180_q85_crop_subsampling-2_upscale.jpg",
        "modified": "2020-05-21T04:22:30.899Z",
        "source": 10
    }
},
{
    "model": "easy_thumbnails.thumbnail",
    "pk": 60,
    "fields": {
        "storage_hash": "f9bde26a1556cd667f742bd34ec7c55e",
        "name": "filer_public_thumbnails/filer_public/2f/89/2f89e80b-63e6-4bce-b0ce-1e0fbab2ffde/comingsoon.png__960x540_q85_subsampling-2.jpg",
        "modified": "2020-05-21T04:22:47.626Z",
        "source": 10
    }
},
{
    "model": "easy_thumbnails.thumbnail",
    "pk": 73,
    "fields": {
        "storage_hash": "f9bde26a1556cd667f742bd34ec7c55e",
        "name": "filer_public_thumbnails/filer_public/12/e7/12e728b2-0b6c-496e-80bf-84485706c5ae/bridgehospicelogo.png__16x16_q85_crop_subsampling-2_upscale.png",
        "modified": "2020-06-12T17:58:05.123Z",
        "source": 13
    }
},
{
    "model": "easy_thumbnails.thumbnail",
    "pk": 74,
    "fields": {
        "storage_hash": "f9bde26a1556cd667f742bd34ec7c55e",
        "name": "filer_public_thumbnails/filer_public/12/e7/12e728b2-0b6c-496e-80bf-84485706c5ae/bridgehospicelogo.png__32x32_q85_crop_subsampling-2_upscale.png",
        "modified": "2020-06-12T17:58:05.131Z",
        "source": 13
    }
},
{
    "model": "easy_thumbnails.thumbnail",
    "pk": 75,
    "fields": {
        "storage_hash": "f9bde26a1556cd667f742bd34ec7c55e",
        "name": "filer_public_thumbnails/filer_public/12/e7/12e728b2-0b6c-496e-80bf-84485706c5ae/bridgehospicelogo.png__48x48_q85_crop_subsampling-2_upscale.png",
        "modified": "2020-06-12T17:58:05.138Z",
        "source": 13
    }
},
{
    "model": "easy_thumbnails.thumbnail",
    "pk": 76,
    "fields": {
        "storage_hash": "f9bde26a1556cd667f742bd34ec7c55e",
        "name": "filer_public_thumbnails/filer_public/12/e7/12e728b2-0b6c-496e-80bf-84485706c5ae/bridgehospicelogo.png__64x64_q85_crop_subsampling-2_upscale.png",
        "modified": "2020-06-12T17:58:05.145Z",
        "source": 13
    }
},
{
    "model": "easy_thumbnails.thumbnail",
    "pk": 77,
    "fields": {
        "storage_hash": "f9bde26a1556cd667f742bd34ec7c55e",
        "name": "filer_public_thumbnails/filer_public/12/e7/12e728b2-0b6c-496e-80bf-84485706c5ae/bridgehospicelogo.png__180x180_q85_crop_subsampling-2_upscale.png",
        "modified": "2020-06-12T17:58:05.160Z",
        "source": 13
    }
},
{
    "model": "easy_thumbnails.thumbnail",
    "pk": 78,
    "fields": {
        "storage_hash": "f9bde26a1556cd667f742bd34ec7c55e",
        "name": "filer_public_thumbnails/filer_public/12/e7/12e728b2-0b6c-496e-80bf-84485706c5ae/bridgehospicelogo.png__210x0_q85_subsampling-2_upscale.png",
        "modified": "2020-06-12T17:58:14.811Z",
        "source": 13
    }
},
{
    "model": "easy_thumbnails.thumbnail",
    "pk": 79,
    "fields": {
        "storage_hash": "f9bde26a1556cd667f742bd34ec7c55e",
        "name": "filer_public_thumbnails/filer_public/12/e7/12e728b2-0b6c-496e-80bf-84485706c5ae/bridgehospicelogo.png__16x16_q85_crop_subject_location-196,185_subsampling-2_upscale.png",
        "modified": "2020-06-12T17:58:35.743Z",
        "source": 13
    }
},
{
    "model": "easy_thumbnails.thumbnail",
    "pk": 80,
    "fields": {
        "storage_hash": "f9bde26a1556cd667f742bd34ec7c55e",
        "name": "filer_public_thumbnails/filer_public/12/e7/12e728b2-0b6c-496e-80bf-84485706c5ae/bridgehospicelogo.png__32x32_q85_crop_subject_location-196,185_subsampling-2_upscale.png",
        "modified": "2020-06-12T17:58:35.749Z",
        "source": 13
    }
},
{
    "model": "easy_thumbnails.thumbnail",
    "pk": 81,
    "fields": {
        "storage_hash": "f9bde26a1556cd667f742bd34ec7c55e",
        "name": "filer_public_thumbnails/filer_public/12/e7/12e728b2-0b6c-496e-80bf-84485706c5ae/bridgehospicelogo.png__48x48_q85_crop_subject_location-196,185_subsampling-2_upscale.png",
        "modified": "2020-06-12T17:58:35.757Z",
        "source": 13
    }
},
{
    "model": "easy_thumbnails.thumbnail",
    "pk": 82,
    "fields": {
        "storage_hash": "f9bde26a1556cd667f742bd34ec7c55e",
        "name": "filer_public_thumbnails/filer_public/12/e7/12e728b2-0b6c-496e-80bf-84485706c5ae/bridgehospicelogo.png__64x64_q85_crop_subject_location-196,185_subsampling-2_upscale.png",
        "modified": "2020-06-12T17:58:35.764Z",
        "source": 13
    }
},
{
    "model": "easy_thumbnails.thumbnail",
    "pk": 83,
    "fields": {
        "storage_hash": "f9bde26a1556cd667f742bd34ec7c55e",
        "name": "filer_public_thumbnails/filer_public/12/e7/12e728b2-0b6c-496e-80bf-84485706c5ae/bridgehospicelogo.png__391x370_q85_subject_location-196,185_subsampling-2.png",
        "modified": "2020-06-12T17:58:42.320Z",
        "source": 13
    }
},
{
    "model": "easy_thumbnails.thumbnail",
    "pk": 84,
    "fields": {
        "storage_hash": "f9bde26a1556cd667f742bd34ec7c55e",
        "name": "filer_public_thumbnails/filer_public/4b/e8/4be8120d-23c8-4abe-ad9c-8ec90c76c495/home01.jpg__1024.0x682.6666666666666_q85_crop-10_subsampling-2_upscale.jpg",
        "modified": "2020-06-13T03:10:09.942Z",
        "source": 1
    }
},
{
    "model": "easy_thumbnails.thumbnail",
    "pk": 85,
    "fields": {
        "storage_hash": "f9bde26a1556cd667f742bd34ec7c55e",
        "name": "filer_public_thumbnails/filer_public/2e/94/2e94ad5d-04af-4575-b0e0-d4f93e73d748/home02.jpg__1024.0x682.6666666666666_q85_crop-10_subsampling-2_upscale.jpg",
        "modified": "2020-06-13T03:10:10.259Z",
        "source": 5
    }
},
{
    "model": "easy_thumbnails.thumbnail",
    "pk": 89,
    "fields": {
        "storage_hash": "f9bde26a1556cd667f742bd34ec7c55e",
        "name": "filer_public_thumbnails/filer_public/08/bc/08bca602-c1fb-4583-bf70-717f1cb6662f/home03.jpg__1024.0x682.6666666666666_q85_crop-10_subsampling-2_upscale.jpg",
        "modified": "2020-06-13T03:10:10.672Z",
        "source": 3
    }
},
{
    "model": "easy_thumbnails.thumbnail",
    "pk": 91,
    "fields": {
        "storage_hash": "f9bde26a1556cd667f742bd34ec7c55e",
        "name": "filer_public_thumbnails/filer_public/ba/51/ba5148d6-b923-4457-b236-8057e63497b5/home04.jpg__1024.0x682.6666666666666_q85_crop-10_subsampling-2_upscale.jpg",
        "modified": "2020-06-13T03:10:11.276Z",
        "source": 4
    }
},
{
    "model": "easy_thumbnails.thumbnail",
    "pk": 93,
    "fields": {
        "storage_hash": "f9bde26a1556cd667f742bd34ec7c55e",
        "name": "filer_public_thumbnails/filer_public/7c/9f/7c9fb8b1-feda-4c6b-b2c4-9aa3735c2813/home05.jpg__1024.0x682.6666666666666_q85_crop-10_subsampling-2_upscale.jpg",
        "modified": "2020-06-13T03:10:11.668Z",
        "source": 2
    }
},
{
    "model": "bootstrap4_carousel.bootstrap4carousel",
    "pk": 783,
    "fields": {
        "cmsplugin_ptr": 783,
        "template": "default",
        "carousel_interval": 10000,
        "carousel_controls": false,
        "carousel_indicators": false,
        "carousel_keyboard": false,
        "carousel_pause": "false",
        "carousel_ride": "carousel",
        "carousel_wrap": true,
        "carousel_aspect_ratio": "",
        "tag_type": "div",
        "attributes": {
            "class": "p-0"
        }
    }
},
{
    "model": "bootstrap4_carousel.bootstrap4carousel",
    "pk": 2792,
    "fields": {
        "cmsplugin_ptr": 2792,
        "template": "default",
        "carousel_interval": 10000,
        "carousel_controls": false,
        "carousel_indicators": false,
        "carousel_keyboard": false,
        "carousel_pause": "false",
        "carousel_ride": "carousel",
        "carousel_wrap": true,
        "carousel_aspect_ratio": "",
        "tag_type": "div",
        "attributes": {
            "class": "p-0"
        }
    }
},
{
    "model": "bootstrap4_carousel.bootstrap4carouselslide",
    "pk": 784,
    "fields": {
        "template": "default",
        "name": "",
        "external_link": "",
        "internal_link": null,
        "file_link": null,
        "anchor": "",
        "mailto": "",
        "phone": "",
        "target": "",
        "attributes": {},
        "cmsplugin_ptr": 784,
        "carousel_image": 1,
        "carousel_content": "",
        "tag_type": "div"
    }
},
{
    "model": "bootstrap4_carousel.bootstrap4carouselslide",
    "pk": 785,
    "fields": {
        "template": "default",
        "name": "",
        "external_link": "",
        "internal_link": null,
        "file_link": null,
        "anchor": "",
        "mailto": "",
        "phone": "",
        "target": "",
        "attributes": {},
        "cmsplugin_ptr": 785,
        "carousel_image": 5,
        "carousel_content": "",
        "tag_type": "div"
    }
},
{
    "model": "bootstrap4_carousel.bootstrap4carouselslide",
    "pk": 786,
    "fields": {
        "template": "default",
        "name": "",
        "external_link": "",
        "internal_link": null,
        "file_link": null,
        "anchor": "",
        "mailto": "",
        "phone": "",
        "target": "",
        "attributes": {},
        "cmsplugin_ptr": 786,
        "carousel_image": 3,
        "carousel_content": "",
        "tag_type": "div"
    }
},
{
    "model": "bootstrap4_carousel.bootstrap4carouselslide",
    "pk": 787,
    "fields": {
        "template": "default",
        "name": "",
        "external_link": "",
        "internal_link": null,
        "file_link": null,
        "anchor": "",
        "mailto": "",
        "phone": "",
        "target": "",
        "attributes": {},
        "cmsplugin_ptr": 787,
        "carousel_image": 4,
        "carousel_content": "",
        "tag_type": "div"
    }
},
{
    "model": "bootstrap4_carousel.bootstrap4carouselslide",
    "pk": 788,
    "fields": {
        "template": "default",
        "name": "",
        "external_link": "",
        "internal_link": null,
        "file_link": null,
        "anchor": "",
        "mailto": "",
        "phone": "",
        "target": "",
        "attributes": {},
        "cmsplugin_ptr": 788,
        "carousel_image": 2,
        "carousel_content": "",
        "tag_type": "div"
    }
},
{
    "model": "bootstrap4_carousel.bootstrap4carouselslide",
    "pk": 2793,
    "fields": {
        "template": "default",
        "name": "",
        "external_link": "",
        "internal_link": null,
        "file_link": null,
        "anchor": "",
        "mailto": "",
        "phone": "",
        "target": "",
        "attributes": {},
        "cmsplugin_ptr": 2793,
        "carousel_image": 1,
        "carousel_content": "",
        "tag_type": "div"
    }
},
{
    "model": "bootstrap4_carousel.bootstrap4carouselslide",
    "pk": 2794,
    "fields": {
        "template": "default",
        "name": "",
        "external_link": "",
        "internal_link": null,
        "file_link": null,
        "anchor": "",
        "mailto": "",
        "phone": "",
        "target": "",
        "attributes": {},
        "cmsplugin_ptr": 2794,
        "carousel_image": 5,
        "carousel_content": "",
        "tag_type": "div"
    }
},
{
    "model": "bootstrap4_carousel.bootstrap4carouselslide",
    "pk": 2795,
    "fields": {
        "template": "default",
        "name": "",
        "external_link": "",
        "internal_link": null,
        "file_link": null,
        "anchor": "",
        "mailto": "",
        "phone": "",
        "target": "",
        "attributes": {},
        "cmsplugin_ptr": 2795,
        "carousel_image": 3,
        "carousel_content": "",
        "tag_type": "div"
    }
},
{
    "model": "bootstrap4_carousel.bootstrap4carouselslide",
    "pk": 2796,
    "fields": {
        "template": "default",
        "name": "",
        "external_link": "",
        "internal_link": null,
        "file_link": null,
        "anchor": "",
        "mailto": "",
        "phone": "",
        "target": "",
        "attributes": {},
        "cmsplugin_ptr": 2796,
        "carousel_image": 4,
        "carousel_content": "",
        "tag_type": "div"
    }
},
{
    "model": "bootstrap4_carousel.bootstrap4carouselslide",
    "pk": 2797,
    "fields": {
        "template": "default",
        "name": "",
        "external_link": "",
        "internal_link": null,
        "file_link": null,
        "anchor": "",
        "mailto": "",
        "phone": "",
        "target": "",
        "attributes": {},
        "cmsplugin_ptr": 2797,
        "carousel_image": 2,
        "carousel_content": "",
        "tag_type": "div"
    }
},
{
    "model": "bootstrap4_grid.bootstrap4gridcontainer",
    "pk": 53,
    "fields": {
        "cmsplugin_ptr": 53,
        "container_type": "container",
        "tag_type": "div",
        "attributes": {}
    }
},
{
    "model": "bootstrap4_grid.bootstrap4gridcontainer",
    "pk": 480,
    "fields": {
        "cmsplugin_ptr": 480,
        "container_type": "container",
        "tag_type": "div",
        "attributes": {
            "class": "d-none"
        }
    }
},
{
    "model": "bootstrap4_grid.bootstrap4gridcontainer",
    "pk": 630,
    "fields": {
        "cmsplugin_ptr": 630,
        "container_type": "container",
        "tag_type": "div",
        "attributes": {}
    }
},
{
    "model": "bootstrap4_grid.bootstrap4gridcontainer",
    "pk": 753,
    "fields": {
        "cmsplugin_ptr": 753,
        "container_type": "container",
        "tag_type": "div",
        "attributes": {
            "class": "shadow"
        }
    }
},
{
    "model": "bootstrap4_grid.bootstrap4gridcontainer",
    "pk": 782,
    "fields": {
        "cmsplugin_ptr": 782,
        "container_type": "container",
        "tag_type": "div",
        "attributes": {
            "class": "p-0"
        }
    }
},
{
    "model": "bootstrap4_grid.bootstrap4gridcontainer",
    "pk": 1116,
    "fields": {
        "cmsplugin_ptr": 1116,
        "container_type": "container",
        "tag_type": "div",
        "attributes": {
            "class": "hero-container text-center"
        }
    }
},
{
    "model": "bootstrap4_grid.bootstrap4gridcontainer",
    "pk": 1128,
    "fields": {
        "cmsplugin_ptr": 1128,
        "container_type": "container",
        "tag_type": "div",
        "attributes": {
            "class": ""
        }
    }
},
{
    "model": "bootstrap4_grid.bootstrap4gridcontainer",
    "pk": 1136,
    "fields": {
        "cmsplugin_ptr": 1136,
        "container_type": "container",
        "tag_type": "div",
        "attributes": {
            "class": ""
        }
    }
},
{
    "model": "bootstrap4_grid.bootstrap4gridcontainer",
    "pk": 1233,
    "fields": {
        "cmsplugin_ptr": 1233,
        "container_type": "container",
        "tag_type": "div",
        "attributes": {}
    }
},
{
    "model": "bootstrap4_grid.bootstrap4gridcontainer",
    "pk": 1238,
    "fields": {
        "cmsplugin_ptr": 1238,
        "container_type": "container",
        "tag_type": "div",
        "attributes": {}
    }
},
{
    "model": "bootstrap4_grid.bootstrap4gridcontainer",
    "pk": 1343,
    "fields": {
        "cmsplugin_ptr": 1343,
        "container_type": "container",
        "tag_type": "div",
        "attributes": {}
    }
},
{
    "model": "bootstrap4_grid.bootstrap4gridcontainer",
    "pk": 1347,
    "fields": {
        "cmsplugin_ptr": 1347,
        "container_type": "container",
        "tag_type": "div",
        "attributes": {}
    }
},
{
    "model": "bootstrap4_grid.bootstrap4gridcontainer",
    "pk": 2305,
    "fields": {
        "cmsplugin_ptr": 2305,
        "container_type": "container",
        "tag_type": "div",
        "attributes": {
            "class": "d-none"
        }
    }
},
{
    "model": "bootstrap4_grid.bootstrap4gridcontainer",
    "pk": 2307,
    "fields": {
        "cmsplugin_ptr": 2307,
        "container_type": "container",
        "tag_type": "div",
        "attributes": {}
    }
},
{
    "model": "bootstrap4_grid.bootstrap4gridcontainer",
    "pk": 2337,
    "fields": {
        "cmsplugin_ptr": 2337,
        "container_type": "container",
        "tag_type": "div",
        "attributes": {}
    }
},
{
    "model": "bootstrap4_grid.bootstrap4gridcontainer",
    "pk": 2343,
    "fields": {
        "cmsplugin_ptr": 2343,
        "container_type": "container",
        "tag_type": "div",
        "attributes": {}
    }
},
{
    "model": "bootstrap4_grid.bootstrap4gridcontainer",
    "pk": 2511,
    "fields": {
        "cmsplugin_ptr": 2511,
        "container_type": "container",
        "tag_type": "div",
        "attributes": {}
    }
},
{
    "model": "bootstrap4_grid.bootstrap4gridcontainer",
    "pk": 2714,
    "fields": {
        "cmsplugin_ptr": 2714,
        "container_type": "container",
        "tag_type": "div",
        "attributes": {}
    }
},
{
    "model": "bootstrap4_grid.bootstrap4gridcontainer",
    "pk": 2761,
    "fields": {
        "cmsplugin_ptr": 2761,
        "container_type": "container",
        "tag_type": "div",
        "attributes": {
            "class": "shadow"
        }
    }
},
{
    "model": "bootstrap4_grid.bootstrap4gridcontainer",
    "pk": 2791,
    "fields": {
        "cmsplugin_ptr": 2791,
        "container_type": "container",
        "tag_type": "div",
        "attributes": {
            "class": "p-0"
        }
    }
},
{
    "model": "bootstrap4_grid.bootstrap4gridcontainer",
    "pk": 2798,
    "fields": {
        "cmsplugin_ptr": 2798,
        "container_type": "container",
        "tag_type": "div",
        "attributes": {
            "class": "hero-container text-center"
        }
    }
},
{
    "model": "bootstrap4_grid.bootstrap4gridcontainer",
    "pk": 2804,
    "fields": {
        "cmsplugin_ptr": 2804,
        "container_type": "container",
        "tag_type": "div",
        "attributes": {
            "class": ""
        }
    }
},
{
    "model": "bootstrap4_grid.bootstrap4gridcontainer",
    "pk": 2808,
    "fields": {
        "cmsplugin_ptr": 2808,
        "container_type": "container",
        "tag_type": "div",
        "attributes": {
            "class": ""
        }
    }
},
{
    "model": "bootstrap4_grid.bootstrap4gridrow",
    "pk": 54,
    "fields": {
        "cmsplugin_ptr": 54,
        "vertical_alignment": "",
        "horizontal_alignment": "",
        "gutters": false,
        "tag_type": "div",
        "attributes": {
            "class": "py-3"
        }
    }
},
{
    "model": "bootstrap4_grid.bootstrap4gridrow",
    "pk": 631,
    "fields": {
        "cmsplugin_ptr": 631,
        "vertical_alignment": "align-items-center",
        "horizontal_alignment": "justify-content-center",
        "gutters": false,
        "tag_type": "div",
        "attributes": {}
    }
},
{
    "model": "bootstrap4_grid.bootstrap4gridrow",
    "pk": 755,
    "fields": {
        "cmsplugin_ptr": 755,
        "vertical_alignment": "",
        "horizontal_alignment": "justify-content-center",
        "gutters": false,
        "tag_type": "div",
        "attributes": {
            "class": "nav-box bg-purple"
        }
    }
},
{
    "model": "bootstrap4_grid.bootstrap4gridrow",
    "pk": 760,
    "fields": {
        "cmsplugin_ptr": 760,
        "vertical_alignment": "align-items-center",
        "horizontal_alignment": "justify-content-center",
        "gutters": false,
        "tag_type": "div",
        "attributes": {
            "class": "nav-box bg-cyan "
        }
    }
},
{
    "model": "bootstrap4_grid.bootstrap4gridrow",
    "pk": 769,
    "fields": {
        "cmsplugin_ptr": 769,
        "vertical_alignment": "align-items-center",
        "horizontal_alignment": "justify-content-center",
        "gutters": false,
        "tag_type": "div",
        "attributes": {
            "class": "nav-box bg-darkblue hover-dim"
        }
    }
},
{
    "model": "bootstrap4_grid.bootstrap4gridrow",
    "pk": 774,
    "fields": {
        "cmsplugin_ptr": 774,
        "vertical_alignment": "align-items-center",
        "horizontal_alignment": "justify-content-center",
        "gutters": false,
        "tag_type": "div",
        "attributes": {
            "class": "nav-box bg-orange"
        }
    }
},
{
    "model": "bootstrap4_grid.bootstrap4gridrow",
    "pk": 779,
    "fields": {
        "cmsplugin_ptr": 779,
        "vertical_alignment": "align-items-center",
        "horizontal_alignment": "justify-content-center",
        "gutters": false,
        "tag_type": "div",
        "attributes": {
            "class": "nav-box bg-yellow hover-dim"
        }
    }
},
{
    "model": "bootstrap4_grid.bootstrap4gridrow",
    "pk": 1129,
    "fields": {
        "cmsplugin_ptr": 1129,
        "vertical_alignment": "align-items-center",
        "horizontal_alignment": "justify-content-center",
        "gutters": false,
        "tag_type": "div",
        "attributes": {}
    }
},
{
    "model": "bootstrap4_grid.bootstrap4gridrow",
    "pk": 1137,
    "fields": {
        "cmsplugin_ptr": 1137,
        "vertical_alignment": "align-items-center",
        "horizontal_alignment": "justify-content-center",
        "gutters": false,
        "tag_type": "div",
        "attributes": {}
    }
},
{
    "model": "bootstrap4_grid.bootstrap4gridrow",
    "pk": 1185,
    "fields": {
        "cmsplugin_ptr": 1185,
        "vertical_alignment": "",
        "horizontal_alignment": "",
        "gutters": false,
        "tag_type": "div",
        "attributes": {}
    }
},
{
    "model": "bootstrap4_grid.bootstrap4gridrow",
    "pk": 1234,
    "fields": {
        "cmsplugin_ptr": 1234,
        "vertical_alignment": "",
        "horizontal_alignment": "",
        "gutters": false,
        "tag_type": "div",
        "attributes": {}
    }
},
{
    "model": "bootstrap4_grid.bootstrap4gridrow",
    "pk": 1239,
    "fields": {
        "cmsplugin_ptr": 1239,
        "vertical_alignment": "",
        "horizontal_alignment": "",
        "gutters": false,
        "tag_type": "div",
        "attributes": {}
    }
},
{
    "model": "bootstrap4_grid.bootstrap4gridrow",
    "pk": 1344,
    "fields": {
        "cmsplugin_ptr": 1344,
        "vertical_alignment": "",
        "horizontal_alignment": "",
        "gutters": false,
        "tag_type": "div",
        "attributes": {}
    }
},
{
    "model": "bootstrap4_grid.bootstrap4gridrow",
    "pk": 1348,
    "fields": {
        "cmsplugin_ptr": 1348,
        "vertical_alignment": "",
        "horizontal_alignment": "",
        "gutters": false,
        "tag_type": "div",
        "attributes": {}
    }
},
{
    "model": "bootstrap4_grid.bootstrap4gridrow",
    "pk": 2308,
    "fields": {
        "cmsplugin_ptr": 2308,
        "vertical_alignment": "",
        "horizontal_alignment": "",
        "gutters": false,
        "tag_type": "div",
        "attributes": {
            "class": "py-3"
        }
    }
},
{
    "model": "bootstrap4_grid.bootstrap4gridrow",
    "pk": 2338,
    "fields": {
        "cmsplugin_ptr": 2338,
        "vertical_alignment": "",
        "horizontal_alignment": "",
        "gutters": false,
        "tag_type": "div",
        "attributes": {}
    }
},
{
    "model": "bootstrap4_grid.bootstrap4gridrow",
    "pk": 2344,
    "fields": {
        "cmsplugin_ptr": 2344,
        "vertical_alignment": "",
        "horizontal_alignment": "",
        "gutters": false,
        "tag_type": "div",
        "attributes": {}
    }
},
{
    "model": "bootstrap4_grid.bootstrap4gridrow",
    "pk": 2512,
    "fields": {
        "cmsplugin_ptr": 2512,
        "vertical_alignment": "",
        "horizontal_alignment": "",
        "gutters": false,
        "tag_type": "div",
        "attributes": {}
    }
},
{
    "model": "bootstrap4_grid.bootstrap4gridrow",
    "pk": 2715,
    "fields": {
        "cmsplugin_ptr": 2715,
        "vertical_alignment": "align-items-center",
        "horizontal_alignment": "justify-content-center",
        "gutters": false,
        "tag_type": "div",
        "attributes": {}
    }
},
{
    "model": "bootstrap4_grid.bootstrap4gridrow",
    "pk": 2762,
    "fields": {
        "cmsplugin_ptr": 2762,
        "vertical_alignment": "",
        "horizontal_alignment": "justify-content-center",
        "gutters": false,
        "tag_type": "div",
        "attributes": {
            "class": "nav-box bg-purple"
        }
    }
},
{
    "model": "bootstrap4_grid.bootstrap4gridrow",
    "pk": 2768,
    "fields": {
        "cmsplugin_ptr": 2768,
        "vertical_alignment": "align-items-center",
        "horizontal_alignment": "justify-content-center",
        "gutters": false,
        "tag_type": "div",
        "attributes": {
            "class": "nav-box bg-cyan "
        }
    }
},
{
    "model": "bootstrap4_grid.bootstrap4gridrow",
    "pk": 2777,
    "fields": {
        "cmsplugin_ptr": 2777,
        "vertical_alignment": "align-items-center",
        "horizontal_alignment": "justify-content-center",
        "gutters": false,
        "tag_type": "div",
        "attributes": {
            "class": "nav-box bg-orange"
        }
    }
},
{
    "model": "bootstrap4_grid.bootstrap4gridrow",
    "pk": 2782,
    "fields": {
        "cmsplugin_ptr": 2782,
        "vertical_alignment": "align-items-center",
        "horizontal_alignment": "justify-content-center",
        "gutters": false,
        "tag_type": "div",
        "attributes": {
            "class": "nav-box bg-yellow hover-dim"
        }
    }
},
{
    "model": "bootstrap4_grid.bootstrap4gridrow",
    "pk": 2786,
    "fields": {
        "cmsplugin_ptr": 2786,
        "vertical_alignment": "align-items-center",
        "horizontal_alignment": "justify-content-center",
        "gutters": false,
        "tag_type": "div",
        "attributes": {
            "class": "nav-box bg-darkblue hover-dim"
        }
    }
},
{
    "model": "bootstrap4_grid.bootstrap4gridrow",
    "pk": 2799,
    "fields": {
        "cmsplugin_ptr": 2799,
        "vertical_alignment": "",
        "horizontal_alignment": "",
        "gutters": false,
        "tag_type": "div",
        "attributes": {}
    }
},
{
    "model": "bootstrap4_grid.bootstrap4gridrow",
    "pk": 2805,
    "fields": {
        "cmsplugin_ptr": 2805,
        "vertical_alignment": "align-items-center",
        "horizontal_alignment": "justify-content-center",
        "gutters": false,
        "tag_type": "div",
        "attributes": {}
    }
},
{
    "model": "bootstrap4_grid.bootstrap4gridrow",
    "pk": 2809,
    "fields": {
        "cmsplugin_ptr": 2809,
        "vertical_alignment": "align-items-center",
        "horizontal_alignment": "justify-content-center",
        "gutters": false,
        "tag_type": "div",
        "attributes": {}
    }
},
{
    "model": "bootstrap4_grid.bootstrap4gridcolumn",
    "pk": 55,
    "fields": {
        "cmsplugin_ptr": 55,
        "column_type": "col",
        "column_alignment": "",
        "tag_type": "div",
        "attributes": {},
        "xs_col": 12,
        "xs_order": null,
        "xs_offset": null,
        "xs_ml": false,
        "xs_mr": false,
        "sm_col": null,
        "sm_order": null,
        "sm_offset": null,
        "sm_ml": false,
        "sm_mr": false,
        "md_col": 12,
        "md_order": null,
        "md_offset": null,
        "md_ml": false,
        "md_mr": false,
        "lg_col": null,
        "lg_order": null,
        "lg_offset": null,
        "lg_ml": false,
        "lg_mr": false,
        "xl_col": null,
        "xl_order": null,
        "xl_offset": null,
        "xl_ml": false,
        "xl_mr": false
    }
},
{
    "model": "bootstrap4_grid.bootstrap4gridcolumn",
    "pk": 260,
    "fields": {
        "cmsplugin_ptr": 260,
        "column_type": "col",
        "column_alignment": "align-self-center",
        "tag_type": "div",
        "attributes": {
            "class": "d-none"
        },
        "xs_col": 12,
        "xs_order": null,
        "xs_offset": null,
        "xs_ml": false,
        "xs_mr": false,
        "sm_col": null,
        "sm_order": null,
        "sm_offset": null,
        "sm_ml": false,
        "sm_mr": false,
        "md_col": 6,
        "md_order": null,
        "md_offset": null,
        "md_ml": false,
        "md_mr": false,
        "lg_col": null,
        "lg_order": null,
        "lg_offset": null,
        "lg_ml": false,
        "lg_mr": false,
        "xl_col": null,
        "xl_order": null,
        "xl_offset": null,
        "xl_ml": false,
        "xl_mr": false
    }
},
{
    "model": "bootstrap4_grid.bootstrap4gridcolumn",
    "pk": 633,
    "fields": {
        "cmsplugin_ptr": 633,
        "column_type": "col",
        "column_alignment": "align-self-center",
        "tag_type": "div",
        "attributes": {},
        "xs_col": null,
        "xs_order": null,
        "xs_offset": null,
        "xs_ml": false,
        "xs_mr": false,
        "sm_col": null,
        "sm_order": null,
        "sm_offset": null,
        "sm_ml": false,
        "sm_mr": false,
        "md_col": null,
        "md_order": null,
        "md_offset": null,
        "md_ml": false,
        "md_mr": false,
        "lg_col": null,
        "lg_order": null,
        "lg_offset": null,
        "lg_ml": false,
        "lg_mr": false,
        "xl_col": null,
        "xl_order": null,
        "xl_offset": null,
        "xl_ml": false,
        "xl_mr": false
    }
},
{
    "model": "bootstrap4_grid.bootstrap4gridcolumn",
    "pk": 756,
    "fields": {
        "cmsplugin_ptr": 756,
        "column_type": "col",
        "column_alignment": "align-self-center",
        "tag_type": "div",
        "attributes": {
            "style": "line-height: 1.0;",
            "class": "text-center my-auto pb-2"
        },
        "xs_col": 12,
        "xs_order": null,
        "xs_offset": null,
        "xs_ml": false,
        "xs_mr": false,
        "sm_col": 12,
        "sm_order": null,
        "sm_offset": null,
        "sm_ml": false,
        "sm_mr": false,
        "md_col": 4,
        "md_order": null,
        "md_offset": null,
        "md_ml": false,
        "md_mr": false,
        "lg_col": 5,
        "lg_order": null,
        "lg_offset": null,
        "lg_ml": false,
        "lg_mr": false,
        "xl_col": null,
        "xl_order": null,
        "xl_offset": null,
        "xl_ml": false,
        "xl_mr": false
    }
},
{
    "model": "bootstrap4_grid.bootstrap4gridcolumn",
    "pk": 758,
    "fields": {
        "cmsplugin_ptr": 758,
        "column_type": "col",
        "column_alignment": "align-self-center",
        "tag_type": "div",
        "attributes": {
            "class": "p-0"
        },
        "xs_col": 12,
        "xs_order": null,
        "xs_offset": null,
        "xs_ml": false,
        "xs_mr": false,
        "sm_col": 12,
        "sm_order": null,
        "sm_offset": null,
        "sm_ml": false,
        "sm_mr": false,
        "md_col": 8,
        "md_order": null,
        "md_offset": null,
        "md_ml": false,
        "md_mr": false,
        "lg_col": 7,
        "lg_order": null,
        "lg_offset": null,
        "lg_ml": false,
        "lg_mr": false,
        "xl_col": null,
        "xl_order": null,
        "xl_offset": null,
        "xl_ml": false,
        "xl_mr": false
    }
},
{
    "model": "bootstrap4_grid.bootstrap4gridcolumn",
    "pk": 761,
    "fields": {
        "cmsplugin_ptr": 761,
        "column_type": "col",
        "column_alignment": "align-self-center",
        "tag_type": "div",
        "attributes": {
            "class": "col-12 col-md"
        },
        "xs_col": null,
        "xs_order": null,
        "xs_offset": null,
        "xs_ml": false,
        "xs_mr": false,
        "sm_col": null,
        "sm_order": null,
        "sm_offset": null,
        "sm_ml": false,
        "sm_mr": false,
        "md_col": null,
        "md_order": null,
        "md_offset": null,
        "md_ml": false,
        "md_mr": false,
        "lg_col": null,
        "lg_order": null,
        "lg_offset": null,
        "lg_ml": false,
        "lg_mr": false,
        "xl_col": null,
        "xl_order": null,
        "xl_offset": null,
        "xl_ml": false,
        "xl_mr": false
    }
},
{
    "model": "bootstrap4_grid.bootstrap4gridcolumn",
    "pk": 763,
    "fields": {
        "cmsplugin_ptr": 763,
        "column_type": "col",
        "column_alignment": "align-self-center",
        "tag_type": "div",
        "attributes": {
            "class": "col-12 col-md"
        },
        "xs_col": null,
        "xs_order": null,
        "xs_offset": null,
        "xs_ml": false,
        "xs_mr": false,
        "sm_col": null,
        "sm_order": null,
        "sm_offset": null,
        "sm_ml": false,
        "sm_mr": false,
        "md_col": null,
        "md_order": null,
        "md_offset": null,
        "md_ml": false,
        "md_mr": false,
        "lg_col": null,
        "lg_order": null,
        "lg_offset": null,
        "lg_ml": false,
        "lg_mr": false,
        "xl_col": null,
        "xl_order": null,
        "xl_offset": null,
        "xl_ml": false,
        "xl_mr": false
    }
},
{
    "model": "bootstrap4_grid.bootstrap4gridcolumn",
    "pk": 765,
    "fields": {
        "cmsplugin_ptr": 765,
        "column_type": "col",
        "column_alignment": "align-self-center",
        "tag_type": "div",
        "attributes": {
            "class": "col-12 col-md"
        },
        "xs_col": null,
        "xs_order": null,
        "xs_offset": null,
        "xs_ml": false,
        "xs_mr": false,
        "sm_col": null,
        "sm_order": null,
        "sm_offset": null,
        "sm_ml": false,
        "sm_mr": false,
        "md_col": null,
        "md_order": null,
        "md_offset": null,
        "md_ml": false,
        "md_mr": false,
        "lg_col": null,
        "lg_order": null,
        "lg_offset": null,
        "lg_ml": false,
        "lg_mr": false,
        "xl_col": null,
        "xl_order": null,
        "xl_offset": null,
        "xl_ml": false,
        "xl_mr": false
    }
},
{
    "model": "bootstrap4_grid.bootstrap4gridcolumn",
    "pk": 767,
    "fields": {
        "cmsplugin_ptr": 767,
        "column_type": "col",
        "column_alignment": "",
        "tag_type": "div",
        "attributes": {},
        "xs_col": 12,
        "xs_order": null,
        "xs_offset": null,
        "xs_ml": false,
        "xs_mr": false,
        "sm_col": null,
        "sm_order": null,
        "sm_offset": null,
        "sm_ml": false,
        "sm_mr": false,
        "md_col": null,
        "md_order": null,
        "md_offset": null,
        "md_ml": false,
        "md_mr": false,
        "lg_col": null,
        "lg_order": null,
        "lg_offset": null,
        "lg_ml": false,
        "lg_mr": false,
        "xl_col": null,
        "xl_order": null,
        "xl_offset": null,
        "xl_ml": false,
        "xl_mr": false
    }
},
{
    "model": "bootstrap4_grid.bootstrap4gridcolumn",
    "pk": 770,
    "fields": {
        "cmsplugin_ptr": 770,
        "column_type": "col",
        "column_alignment": "",
        "tag_type": "div",
        "attributes": {
            "class": "text-right"
        },
        "xs_col": 4,
        "xs_order": null,
        "xs_offset": null,
        "xs_ml": false,
        "xs_mr": false,
        "sm_col": null,
        "sm_order": null,
        "sm_offset": null,
        "sm_ml": false,
        "sm_mr": false,
        "md_col": null,
        "md_order": null,
        "md_offset": null,
        "md_ml": false,
        "md_mr": false,
        "lg_col": null,
        "lg_order": null,
        "lg_offset": null,
        "lg_ml": false,
        "lg_mr": false,
        "xl_col": null,
        "xl_order": null,
        "xl_offset": null,
        "xl_ml": false,
        "xl_mr": false
    }
},
{
    "model": "bootstrap4_grid.bootstrap4gridcolumn",
    "pk": 772,
    "fields": {
        "cmsplugin_ptr": 772,
        "column_type": "col",
        "column_alignment": "align-self-center",
        "tag_type": "div",
        "attributes": {
            "class": "text-light text-center text-lg-left mx-auto ml-lg-0",
            "style": "line-height: 1.1;"
        },
        "xs_col": 8,
        "xs_order": null,
        "xs_offset": null,
        "xs_ml": false,
        "xs_mr": false,
        "sm_col": null,
        "sm_order": null,
        "sm_offset": null,
        "sm_ml": false,
        "sm_mr": false,
        "md_col": null,
        "md_order": null,
        "md_offset": null,
        "md_ml": false,
        "md_mr": false,
        "lg_col": null,
        "lg_order": null,
        "lg_offset": null,
        "lg_ml": false,
        "lg_mr": false,
        "xl_col": null,
        "xl_order": null,
        "xl_offset": null,
        "xl_ml": false,
        "xl_mr": false
    }
},
{
    "model": "bootstrap4_grid.bootstrap4gridcolumn",
    "pk": 775,
    "fields": {
        "cmsplugin_ptr": 775,
        "column_type": "col",
        "column_alignment": "",
        "tag_type": "div",
        "attributes": {},
        "xs_col": null,
        "xs_order": null,
        "xs_offset": null,
        "xs_ml": false,
        "xs_mr": false,
        "sm_col": null,
        "sm_order": null,
        "sm_offset": null,
        "sm_ml": false,
        "sm_mr": false,
        "md_col": null,
        "md_order": null,
        "md_offset": null,
        "md_ml": false,
        "md_mr": false,
        "lg_col": null,
        "lg_order": null,
        "lg_offset": null,
        "lg_ml": false,
        "lg_mr": false,
        "xl_col": null,
        "xl_order": null,
        "xl_offset": null,
        "xl_ml": false,
        "xl_mr": false
    }
},
{
    "model": "bootstrap4_grid.bootstrap4gridcolumn",
    "pk": 780,
    "fields": {
        "cmsplugin_ptr": 780,
        "column_type": "col",
        "column_alignment": "align-self-center",
        "tag_type": "div",
        "attributes": {
            "class": "text-center"
        },
        "xs_col": 8,
        "xs_order": null,
        "xs_offset": null,
        "xs_ml": false,
        "xs_mr": false,
        "sm_col": 7,
        "sm_order": null,
        "sm_offset": null,
        "sm_ml": false,
        "sm_mr": false,
        "md_col": 6,
        "md_order": null,
        "md_offset": null,
        "md_ml": false,
        "md_mr": false,
        "lg_col": 5,
        "lg_order": null,
        "lg_offset": null,
        "lg_ml": false,
        "lg_mr": false,
        "xl_col": null,
        "xl_order": null,
        "xl_offset": null,
        "xl_ml": false,
        "xl_mr": false
    }
},
{
    "model": "bootstrap4_grid.bootstrap4gridcolumn",
    "pk": 1130,
    "fields": {
        "cmsplugin_ptr": 1130,
        "column_type": "col",
        "column_alignment": "align-self-center",
        "tag_type": "div",
        "attributes": {
            "class": "text-center"
        },
        "xs_col": 12,
        "xs_order": null,
        "xs_offset": null,
        "xs_ml": false,
        "xs_mr": false,
        "sm_col": null,
        "sm_order": null,
        "sm_offset": null,
        "sm_ml": false,
        "sm_mr": false,
        "md_col": null,
        "md_order": null,
        "md_offset": null,
        "md_ml": false,
        "md_mr": false,
        "lg_col": null,
        "lg_order": null,
        "lg_offset": null,
        "lg_ml": false,
        "lg_mr": false,
        "xl_col": null,
        "xl_order": null,
        "xl_offset": null,
        "xl_ml": false,
        "xl_mr": false
    }
},
{
    "model": "bootstrap4_grid.bootstrap4gridcolumn",
    "pk": 1138,
    "fields": {
        "cmsplugin_ptr": 1138,
        "column_type": "col",
        "column_alignment": "align-self-center",
        "tag_type": "div",
        "attributes": {
            "class": "text-center"
        },
        "xs_col": 12,
        "xs_order": null,
        "xs_offset": null,
        "xs_ml": false,
        "xs_mr": false,
        "sm_col": null,
        "sm_order": null,
        "sm_offset": null,
        "sm_ml": false,
        "sm_mr": false,
        "md_col": null,
        "md_order": null,
        "md_offset": null,
        "md_ml": false,
        "md_mr": false,
        "lg_col": null,
        "lg_order": null,
        "lg_offset": null,
        "lg_ml": false,
        "lg_mr": false,
        "xl_col": null,
        "xl_order": null,
        "xl_offset": null,
        "xl_ml": false,
        "xl_mr": false
    }
},
{
    "model": "bootstrap4_grid.bootstrap4gridcolumn",
    "pk": 1186,
    "fields": {
        "cmsplugin_ptr": 1186,
        "column_type": "col",
        "column_alignment": "",
        "tag_type": "div",
        "attributes": {},
        "xs_col": null,
        "xs_order": null,
        "xs_offset": null,
        "xs_ml": false,
        "xs_mr": false,
        "sm_col": null,
        "sm_order": null,
        "sm_offset": null,
        "sm_ml": false,
        "sm_mr": false,
        "md_col": null,
        "md_order": null,
        "md_offset": null,
        "md_ml": false,
        "md_mr": false,
        "lg_col": null,
        "lg_order": null,
        "lg_offset": null,
        "lg_ml": false,
        "lg_mr": false,
        "xl_col": null,
        "xl_order": null,
        "xl_offset": null,
        "xl_ml": false,
        "xl_mr": false
    }
},
{
    "model": "bootstrap4_grid.bootstrap4gridcolumn",
    "pk": 1235,
    "fields": {
        "cmsplugin_ptr": 1235,
        "column_type": "col",
        "column_alignment": "",
        "tag_type": "div",
        "attributes": {
            "class": "mt-3"
        },
        "xs_col": 12,
        "xs_order": null,
        "xs_offset": null,
        "xs_ml": false,
        "xs_mr": false,
        "sm_col": null,
        "sm_order": null,
        "sm_offset": null,
        "sm_ml": false,
        "sm_mr": false,
        "md_col": 6,
        "md_order": null,
        "md_offset": null,
        "md_ml": false,
        "md_mr": false,
        "lg_col": null,
        "lg_order": null,
        "lg_offset": null,
        "lg_ml": false,
        "lg_mr": false,
        "xl_col": null,
        "xl_order": null,
        "xl_offset": null,
        "xl_ml": false,
        "xl_mr": false
    }
},
{
    "model": "bootstrap4_grid.bootstrap4gridcolumn",
    "pk": 1240,
    "fields": {
        "cmsplugin_ptr": 1240,
        "column_type": "col",
        "column_alignment": "",
        "tag_type": "div",
        "attributes": {},
        "xs_col": null,
        "xs_order": null,
        "xs_offset": null,
        "xs_ml": false,
        "xs_mr": false,
        "sm_col": null,
        "sm_order": null,
        "sm_offset": null,
        "sm_ml": false,
        "sm_mr": false,
        "md_col": null,
        "md_order": null,
        "md_offset": null,
        "md_ml": false,
        "md_mr": false,
        "lg_col": null,
        "lg_order": null,
        "lg_offset": null,
        "lg_ml": false,
        "lg_mr": false,
        "xl_col": null,
        "xl_order": null,
        "xl_offset": null,
        "xl_ml": false,
        "xl_mr": false
    }
},
{
    "model": "bootstrap4_grid.bootstrap4gridcolumn",
    "pk": 1345,
    "fields": {
        "cmsplugin_ptr": 1345,
        "column_type": "col",
        "column_alignment": "",
        "tag_type": "div",
        "attributes": {
            "class": "p-5"
        },
        "xs_col": 12,
        "xs_order": null,
        "xs_offset": null,
        "xs_ml": false,
        "xs_mr": false,
        "sm_col": null,
        "sm_order": null,
        "sm_offset": null,
        "sm_ml": false,
        "sm_mr": false,
        "md_col": null,
        "md_order": null,
        "md_offset": null,
        "md_ml": false,
        "md_mr": false,
        "lg_col": null,
        "lg_order": null,
        "lg_offset": null,
        "lg_ml": false,
        "lg_mr": false,
        "xl_col": null,
        "xl_order": null,
        "xl_offset": null,
        "xl_ml": false,
        "xl_mr": false
    }
},
{
    "model": "bootstrap4_grid.bootstrap4gridcolumn",
    "pk": 1349,
    "fields": {
        "cmsplugin_ptr": 1349,
        "column_type": "col",
        "column_alignment": "",
        "tag_type": "div",
        "attributes": {
            "class": "p-5"
        },
        "xs_col": 12,
        "xs_order": null,
        "xs_offset": null,
        "xs_ml": false,
        "xs_mr": false,
        "sm_col": null,
        "sm_order": null,
        "sm_offset": null,
        "sm_ml": false,
        "sm_mr": false,
        "md_col": null,
        "md_order": null,
        "md_offset": null,
        "md_ml": false,
        "md_mr": false,
        "lg_col": null,
        "lg_order": null,
        "lg_offset": null,
        "lg_ml": false,
        "lg_mr": false,
        "xl_col": null,
        "xl_order": null,
        "xl_offset": null,
        "xl_ml": false,
        "xl_mr": false
    }
},
{
    "model": "bootstrap4_grid.bootstrap4gridcolumn",
    "pk": 1361,
    "fields": {
        "cmsplugin_ptr": 1361,
        "column_type": "col",
        "column_alignment": "",
        "tag_type": "div",
        "attributes": {
            "class": "mt-3"
        },
        "xs_col": 12,
        "xs_order": null,
        "xs_offset": null,
        "xs_ml": false,
        "xs_mr": false,
        "sm_col": null,
        "sm_order": null,
        "sm_offset": null,
        "sm_ml": false,
        "sm_mr": false,
        "md_col": 6,
        "md_order": null,
        "md_offset": null,
        "md_ml": false,
        "md_mr": false,
        "lg_col": null,
        "lg_order": null,
        "lg_offset": null,
        "lg_ml": false,
        "lg_mr": false,
        "xl_col": null,
        "xl_order": null,
        "xl_offset": null,
        "xl_ml": false,
        "xl_mr": false
    }
},
{
    "model": "bootstrap4_grid.bootstrap4gridcolumn",
    "pk": 2309,
    "fields": {
        "cmsplugin_ptr": 2309,
        "column_type": "col",
        "column_alignment": "",
        "tag_type": "div",
        "attributes": {},
        "xs_col": 12,
        "xs_order": null,
        "xs_offset": null,
        "xs_ml": false,
        "xs_mr": false,
        "sm_col": null,
        "sm_order": null,
        "sm_offset": null,
        "sm_ml": false,
        "sm_mr": false,
        "md_col": 12,
        "md_order": null,
        "md_offset": null,
        "md_ml": false,
        "md_mr": false,
        "lg_col": null,
        "lg_order": null,
        "lg_offset": null,
        "lg_ml": false,
        "lg_mr": false,
        "xl_col": null,
        "xl_order": null,
        "xl_offset": null,
        "xl_ml": false,
        "xl_mr": false
    }
},
{
    "model": "bootstrap4_grid.bootstrap4gridcolumn",
    "pk": 2328,
    "fields": {
        "cmsplugin_ptr": 2328,
        "column_type": "col",
        "column_alignment": "align-self-center",
        "tag_type": "div",
        "attributes": {
            "class": "d-none"
        },
        "xs_col": 12,
        "xs_order": null,
        "xs_offset": null,
        "xs_ml": false,
        "xs_mr": false,
        "sm_col": null,
        "sm_order": null,
        "sm_offset": null,
        "sm_ml": false,
        "sm_mr": false,
        "md_col": 6,
        "md_order": null,
        "md_offset": null,
        "md_ml": false,
        "md_mr": false,
        "lg_col": null,
        "lg_order": null,
        "lg_offset": null,
        "lg_ml": false,
        "lg_mr": false,
        "xl_col": null,
        "xl_order": null,
        "xl_offset": null,
        "xl_ml": false,
        "xl_mr": false
    }
},
{
    "model": "bootstrap4_grid.bootstrap4gridcolumn",
    "pk": 2339,
    "fields": {
        "cmsplugin_ptr": 2339,
        "column_type": "col",
        "column_alignment": "",
        "tag_type": "div",
        "attributes": {
            "class": "mt-3"
        },
        "xs_col": 12,
        "xs_order": null,
        "xs_offset": null,
        "xs_ml": false,
        "xs_mr": false,
        "sm_col": null,
        "sm_order": null,
        "sm_offset": null,
        "sm_ml": false,
        "sm_mr": false,
        "md_col": 6,
        "md_order": null,
        "md_offset": null,
        "md_ml": false,
        "md_mr": false,
        "lg_col": null,
        "lg_order": null,
        "lg_offset": null,
        "lg_ml": false,
        "lg_mr": false,
        "xl_col": null,
        "xl_order": null,
        "xl_offset": null,
        "xl_ml": false,
        "xl_mr": false
    }
},
{
    "model": "bootstrap4_grid.bootstrap4gridcolumn",
    "pk": 2341,
    "fields": {
        "cmsplugin_ptr": 2341,
        "column_type": "col",
        "column_alignment": "",
        "tag_type": "div",
        "attributes": {
            "class": "mt-3"
        },
        "xs_col": 12,
        "xs_order": null,
        "xs_offset": null,
        "xs_ml": false,
        "xs_mr": false,
        "sm_col": null,
        "sm_order": null,
        "sm_offset": null,
        "sm_ml": false,
        "sm_mr": false,
        "md_col": 6,
        "md_order": null,
        "md_offset": null,
        "md_ml": false,
        "md_mr": false,
        "lg_col": null,
        "lg_order": null,
        "lg_offset": null,
        "lg_ml": false,
        "lg_mr": false,
        "xl_col": null,
        "xl_order": null,
        "xl_offset": null,
        "xl_ml": false,
        "xl_mr": false
    }
},
{
    "model": "bootstrap4_grid.bootstrap4gridcolumn",
    "pk": 2345,
    "fields": {
        "cmsplugin_ptr": 2345,
        "column_type": "col",
        "column_alignment": "",
        "tag_type": "div",
        "attributes": {},
        "xs_col": null,
        "xs_order": null,
        "xs_offset": null,
        "xs_ml": false,
        "xs_mr": false,
        "sm_col": null,
        "sm_order": null,
        "sm_offset": null,
        "sm_ml": false,
        "sm_mr": false,
        "md_col": null,
        "md_order": null,
        "md_offset": null,
        "md_ml": false,
        "md_mr": false,
        "lg_col": null,
        "lg_order": null,
        "lg_offset": null,
        "lg_ml": false,
        "lg_mr": false,
        "xl_col": null,
        "xl_order": null,
        "xl_offset": null,
        "xl_ml": false,
        "xl_mr": false
    }
},
{
    "model": "bootstrap4_grid.bootstrap4gridcolumn",
    "pk": 2513,
    "fields": {
        "cmsplugin_ptr": 2513,
        "column_type": "col",
        "column_alignment": "",
        "tag_type": "div",
        "attributes": {
            "class": "p-5"
        },
        "xs_col": 12,
        "xs_order": null,
        "xs_offset": null,
        "xs_ml": false,
        "xs_mr": false,
        "sm_col": null,
        "sm_order": null,
        "sm_offset": null,
        "sm_ml": false,
        "sm_mr": false,
        "md_col": null,
        "md_order": null,
        "md_offset": null,
        "md_ml": false,
        "md_mr": false,
        "lg_col": null,
        "lg_order": null,
        "lg_offset": null,
        "lg_ml": false,
        "lg_mr": false,
        "xl_col": null,
        "xl_order": null,
        "xl_offset": null,
        "xl_ml": false,
        "xl_mr": false
    }
},
{
    "model": "bootstrap4_grid.bootstrap4gridcolumn",
    "pk": 2716,
    "fields": {
        "cmsplugin_ptr": 2716,
        "column_type": "col",
        "column_alignment": "align-self-center",
        "tag_type": "div",
        "attributes": {},
        "xs_col": null,
        "xs_order": null,
        "xs_offset": null,
        "xs_ml": false,
        "xs_mr": false,
        "sm_col": null,
        "sm_order": null,
        "sm_offset": null,
        "sm_ml": false,
        "sm_mr": false,
        "md_col": null,
        "md_order": null,
        "md_offset": null,
        "md_ml": false,
        "md_mr": false,
        "lg_col": null,
        "lg_order": null,
        "lg_offset": null,
        "lg_ml": false,
        "lg_mr": false,
        "xl_col": null,
        "xl_order": null,
        "xl_offset": null,
        "xl_ml": false,
        "xl_mr": false
    }
},
{
    "model": "bootstrap4_grid.bootstrap4gridcolumn",
    "pk": 2763,
    "fields": {
        "cmsplugin_ptr": 2763,
        "column_type": "col",
        "column_alignment": "align-self-center",
        "tag_type": "div",
        "attributes": {
            "style": "line-height: 1.0;",
            "class": "text-center my-auto pb-2"
        },
        "xs_col": 12,
        "xs_order": null,
        "xs_offset": null,
        "xs_ml": false,
        "xs_mr": false,
        "sm_col": 12,
        "sm_order": null,
        "sm_offset": null,
        "sm_ml": false,
        "sm_mr": false,
        "md_col": 4,
        "md_order": null,
        "md_offset": null,
        "md_ml": false,
        "md_mr": false,
        "lg_col": 5,
        "lg_order": null,
        "lg_offset": null,
        "lg_ml": false,
        "lg_mr": false,
        "xl_col": null,
        "xl_order": null,
        "xl_offset": null,
        "xl_ml": false,
        "xl_mr": false
    }
},
{
    "model": "bootstrap4_grid.bootstrap4gridcolumn",
    "pk": 2766,
    "fields": {
        "cmsplugin_ptr": 2766,
        "column_type": "col",
        "column_alignment": "align-self-center",
        "tag_type": "div",
        "attributes": {
            "class": "p-0"
        },
        "xs_col": 12,
        "xs_order": null,
        "xs_offset": null,
        "xs_ml": false,
        "xs_mr": false,
        "sm_col": 12,
        "sm_order": null,
        "sm_offset": null,
        "sm_ml": false,
        "sm_mr": false,
        "md_col": 8,
        "md_order": null,
        "md_offset": null,
        "md_ml": false,
        "md_mr": false,
        "lg_col": 7,
        "lg_order": null,
        "lg_offset": null,
        "lg_ml": false,
        "lg_mr": false,
        "xl_col": null,
        "xl_order": null,
        "xl_offset": null,
        "xl_ml": false,
        "xl_mr": false
    }
},
{
    "model": "bootstrap4_grid.bootstrap4gridcolumn",
    "pk": 2769,
    "fields": {
        "cmsplugin_ptr": 2769,
        "column_type": "col",
        "column_alignment": "align-self-center",
        "tag_type": "div",
        "attributes": {
            "class": "col-12 col-md"
        },
        "xs_col": null,
        "xs_order": null,
        "xs_offset": null,
        "xs_ml": false,
        "xs_mr": false,
        "sm_col": null,
        "sm_order": null,
        "sm_offset": null,
        "sm_ml": false,
        "sm_mr": false,
        "md_col": null,
        "md_order": null,
        "md_offset": null,
        "md_ml": false,
        "md_mr": false,
        "lg_col": null,
        "lg_order": null,
        "lg_offset": null,
        "lg_ml": false,
        "lg_mr": false,
        "xl_col": null,
        "xl_order": null,
        "xl_offset": null,
        "xl_ml": false,
        "xl_mr": false
    }
},
{
    "model": "bootstrap4_grid.bootstrap4gridcolumn",
    "pk": 2771,
    "fields": {
        "cmsplugin_ptr": 2771,
        "column_type": "col",
        "column_alignment": "align-self-center",
        "tag_type": "div",
        "attributes": {
            "class": "col-12 col-md"
        },
        "xs_col": null,
        "xs_order": null,
        "xs_offset": null,
        "xs_ml": false,
        "xs_mr": false,
        "sm_col": null,
        "sm_order": null,
        "sm_offset": null,
        "sm_ml": false,
        "sm_mr": false,
        "md_col": null,
        "md_order": null,
        "md_offset": null,
        "md_ml": false,
        "md_mr": false,
        "lg_col": null,
        "lg_order": null,
        "lg_offset": null,
        "lg_ml": false,
        "lg_mr": false,
        "xl_col": null,
        "xl_order": null,
        "xl_offset": null,
        "xl_ml": false,
        "xl_mr": false
    }
},
{
    "model": "bootstrap4_grid.bootstrap4gridcolumn",
    "pk": 2773,
    "fields": {
        "cmsplugin_ptr": 2773,
        "column_type": "col",
        "column_alignment": "align-self-center",
        "tag_type": "div",
        "attributes": {
            "class": "col-12 col-md"
        },
        "xs_col": null,
        "xs_order": null,
        "xs_offset": null,
        "xs_ml": false,
        "xs_mr": false,
        "sm_col": null,
        "sm_order": null,
        "sm_offset": null,
        "sm_ml": false,
        "sm_mr": false,
        "md_col": null,
        "md_order": null,
        "md_offset": null,
        "md_ml": false,
        "md_mr": false,
        "lg_col": null,
        "lg_order": null,
        "lg_offset": null,
        "lg_ml": false,
        "lg_mr": false,
        "xl_col": null,
        "xl_order": null,
        "xl_offset": null,
        "xl_ml": false,
        "xl_mr": false
    }
},
{
    "model": "bootstrap4_grid.bootstrap4gridcolumn",
    "pk": 2775,
    "fields": {
        "cmsplugin_ptr": 2775,
        "column_type": "col",
        "column_alignment": "",
        "tag_type": "div",
        "attributes": {},
        "xs_col": 12,
        "xs_order": null,
        "xs_offset": null,
        "xs_ml": false,
        "xs_mr": false,
        "sm_col": null,
        "sm_order": null,
        "sm_offset": null,
        "sm_ml": false,
        "sm_mr": false,
        "md_col": null,
        "md_order": null,
        "md_offset": null,
        "md_ml": false,
        "md_mr": false,
        "lg_col": null,
        "lg_order": null,
        "lg_offset": null,
        "lg_ml": false,
        "lg_mr": false,
        "xl_col": null,
        "xl_order": null,
        "xl_offset": null,
        "xl_ml": false,
        "xl_mr": false
    }
},
{
    "model": "bootstrap4_grid.bootstrap4gridcolumn",
    "pk": 2778,
    "fields": {
        "cmsplugin_ptr": 2778,
        "column_type": "col",
        "column_alignment": "",
        "tag_type": "div",
        "attributes": {},
        "xs_col": null,
        "xs_order": null,
        "xs_offset": null,
        "xs_ml": false,
        "xs_mr": false,
        "sm_col": null,
        "sm_order": null,
        "sm_offset": null,
        "sm_ml": false,
        "sm_mr": false,
        "md_col": null,
        "md_order": null,
        "md_offset": null,
        "md_ml": false,
        "md_mr": false,
        "lg_col": null,
        "lg_order": null,
        "lg_offset": null,
        "lg_ml": false,
        "lg_mr": false,
        "xl_col": null,
        "xl_order": null,
        "xl_offset": null,
        "xl_ml": false,
        "xl_mr": false
    }
},
{
    "model": "bootstrap4_grid.bootstrap4gridcolumn",
    "pk": 2783,
    "fields": {
        "cmsplugin_ptr": 2783,
        "column_type": "col",
        "column_alignment": "align-self-center",
        "tag_type": "div",
        "attributes": {
            "class": "text-center"
        },
        "xs_col": 8,
        "xs_order": null,
        "xs_offset": null,
        "xs_ml": false,
        "xs_mr": false,
        "sm_col": 7,
        "sm_order": null,
        "sm_offset": null,
        "sm_ml": false,
        "sm_mr": false,
        "md_col": 6,
        "md_order": null,
        "md_offset": null,
        "md_ml": false,
        "md_mr": false,
        "lg_col": 5,
        "lg_order": null,
        "lg_offset": null,
        "lg_ml": false,
        "lg_mr": false,
        "xl_col": null,
        "xl_order": null,
        "xl_offset": null,
        "xl_ml": false,
        "xl_mr": false
    }
},
{
    "model": "bootstrap4_grid.bootstrap4gridcolumn",
    "pk": 2787,
    "fields": {
        "cmsplugin_ptr": 2787,
        "column_type": "col",
        "column_alignment": "",
        "tag_type": "div",
        "attributes": {
            "class": "text-right"
        },
        "xs_col": 4,
        "xs_order": null,
        "xs_offset": null,
        "xs_ml": false,
        "xs_mr": false,
        "sm_col": null,
        "sm_order": null,
        "sm_offset": null,
        "sm_ml": false,
        "sm_mr": false,
        "md_col": null,
        "md_order": null,
        "md_offset": null,
        "md_ml": false,
        "md_mr": false,
        "lg_col": null,
        "lg_order": null,
        "lg_offset": null,
        "lg_ml": false,
        "lg_mr": false,
        "xl_col": null,
        "xl_order": null,
        "xl_offset": null,
        "xl_ml": false,
        "xl_mr": false
    }
},
{
    "model": "bootstrap4_grid.bootstrap4gridcolumn",
    "pk": 2789,
    "fields": {
        "cmsplugin_ptr": 2789,
        "column_type": "col",
        "column_alignment": "align-self-center",
        "tag_type": "div",
        "attributes": {
            "class": "text-light text-center text-lg-left mx-auto ml-lg-0",
            "style": "line-height: 1.1;"
        },
        "xs_col": 8,
        "xs_order": null,
        "xs_offset": null,
        "xs_ml": false,
        "xs_mr": false,
        "sm_col": null,
        "sm_order": null,
        "sm_offset": null,
        "sm_ml": false,
        "sm_mr": false,
        "md_col": null,
        "md_order": null,
        "md_offset": null,
        "md_ml": false,
        "md_mr": false,
        "lg_col": null,
        "lg_order": null,
        "lg_offset": null,
        "lg_ml": false,
        "lg_mr": false,
        "xl_col": null,
        "xl_order": null,
        "xl_offset": null,
        "xl_ml": false,
        "xl_mr": false
    }
},
{
    "model": "bootstrap4_grid.bootstrap4gridcolumn",
    "pk": 2800,
    "fields": {
        "cmsplugin_ptr": 2800,
        "column_type": "col",
        "column_alignment": "",
        "tag_type": "div",
        "attributes": {},
        "xs_col": null,
        "xs_order": null,
        "xs_offset": null,
        "xs_ml": false,
        "xs_mr": false,
        "sm_col": null,
        "sm_order": null,
        "sm_offset": null,
        "sm_ml": false,
        "sm_mr": false,
        "md_col": null,
        "md_order": null,
        "md_offset": null,
        "md_ml": false,
        "md_mr": false,
        "lg_col": null,
        "lg_order": null,
        "lg_offset": null,
        "lg_ml": false,
        "lg_mr": false,
        "xl_col": null,
        "xl_order": null,
        "xl_offset": null,
        "xl_ml": false,
        "xl_mr": false
    }
},
{
    "model": "bootstrap4_grid.bootstrap4gridcolumn",
    "pk": 2806,
    "fields": {
        "cmsplugin_ptr": 2806,
        "column_type": "col",
        "column_alignment": "align-self-center",
        "tag_type": "div",
        "attributes": {
            "class": "text-center"
        },
        "xs_col": 12,
        "xs_order": null,
        "xs_offset": null,
        "xs_ml": false,
        "xs_mr": false,
        "sm_col": null,
        "sm_order": null,
        "sm_offset": null,
        "sm_ml": false,
        "sm_mr": false,
        "md_col": null,
        "md_order": null,
        "md_offset": null,
        "md_ml": false,
        "md_mr": false,
        "lg_col": null,
        "lg_order": null,
        "lg_offset": null,
        "lg_ml": false,
        "lg_mr": false,
        "xl_col": null,
        "xl_order": null,
        "xl_offset": null,
        "xl_ml": false,
        "xl_mr": false
    }
},
{
    "model": "bootstrap4_grid.bootstrap4gridcolumn",
    "pk": 2810,
    "fields": {
        "cmsplugin_ptr": 2810,
        "column_type": "col",
        "column_alignment": "align-self-center",
        "tag_type": "div",
        "attributes": {
            "class": "text-center"
        },
        "xs_col": 12,
        "xs_order": null,
        "xs_offset": null,
        "xs_ml": false,
        "xs_mr": false,
        "sm_col": null,
        "sm_order": null,
        "sm_offset": null,
        "sm_ml": false,
        "sm_mr": false,
        "md_col": null,
        "md_order": null,
        "md_offset": null,
        "md_ml": false,
        "md_mr": false,
        "lg_col": null,
        "lg_order": null,
        "lg_offset": null,
        "lg_ml": false,
        "lg_mr": false,
        "xl_col": null,
        "xl_order": null,
        "xl_offset": null,
        "xl_ml": false,
        "xl_mr": false
    }
},
{
    "model": "bootstrap4_link.bootstrap4link",
    "pk": 778,
    "fields": {
        "template": "default",
        "name": "",
        "external_link": "",
        "internal_link": 8,
        "file_link": null,
        "anchor": "",
        "mailto": "",
        "phone": "",
        "target": "",
        "attributes": {},
        "cmsplugin_ptr": 778,
        "link_type": "link",
        "link_context": "",
        "link_size": "",
        "link_outline": false,
        "link_block": false,
        "icon_left": "",
        "icon_right": ""
    }
},
{
    "model": "bootstrap4_link.bootstrap4link",
    "pk": 789,
    "fields": {
        "template": "default",
        "name": "",
        "external_link": "",
        "internal_link": 7,
        "file_link": null,
        "anchor": "",
        "mailto": "",
        "phone": "",
        "target": "",
        "attributes": {},
        "cmsplugin_ptr": 789,
        "link_type": "link",
        "link_context": "",
        "link_size": "",
        "link_outline": false,
        "link_block": false,
        "icon_left": "",
        "icon_right": ""
    }
},
{
    "model": "bootstrap4_link.bootstrap4link",
    "pk": 1346,
    "fields": {
        "template": "default",
        "name": "Click here to apply to be a Volunteer",
        "external_link": "",
        "internal_link": null,
        "file_link": null,
        "anchor": "",
        "mailto": "",
        "phone": "",
        "target": "",
        "attributes": {},
        "cmsplugin_ptr": 1346,
        "link_type": "link",
        "link_context": "",
        "link_size": "",
        "link_outline": false,
        "link_block": false,
        "icon_left": "",
        "icon_right": ""
    }
},
{
    "model": "bootstrap4_link.bootstrap4link",
    "pk": 1350,
    "fields": {
        "template": "default",
        "name": "Click here to apply",
        "external_link": "",
        "internal_link": null,
        "file_link": null,
        "anchor": "",
        "mailto": "",
        "phone": "",
        "target": "",
        "attributes": {},
        "cmsplugin_ptr": 1350,
        "link_type": "btn",
        "link_context": "primary",
        "link_size": "",
        "link_outline": false,
        "link_block": false,
        "icon_left": "",
        "icon_right": ""
    }
},
{
    "model": "bootstrap4_link.bootstrap4link",
    "pk": 2514,
    "fields": {
        "template": "default",
        "name": "Click here to apply",
        "external_link": "",
        "internal_link": null,
        "file_link": null,
        "anchor": "",
        "mailto": "",
        "phone": "",
        "target": "",
        "attributes": {},
        "cmsplugin_ptr": 2514,
        "link_type": "btn",
        "link_context": "primary",
        "link_size": "",
        "link_outline": false,
        "link_block": false,
        "icon_left": "",
        "icon_right": ""
    }
},
{
    "model": "bootstrap4_link.bootstrap4link",
    "pk": 2781,
    "fields": {
        "template": "default",
        "name": "",
        "external_link": "",
        "internal_link": 8,
        "file_link": null,
        "anchor": "",
        "mailto": "",
        "phone": "",
        "target": "",
        "attributes": {},
        "cmsplugin_ptr": 2781,
        "link_type": "link",
        "link_context": "",
        "link_size": "",
        "link_outline": false,
        "link_block": false,
        "icon_left": "",
        "icon_right": ""
    }
},
{
    "model": "bootstrap4_link.bootstrap4link",
    "pk": 2785,
    "fields": {
        "template": "default",
        "name": "",
        "external_link": "",
        "internal_link": 7,
        "file_link": null,
        "anchor": "",
        "mailto": "",
        "phone": "",
        "target": "",
        "attributes": {},
        "cmsplugin_ptr": 2785,
        "link_type": "link",
        "link_context": "",
        "link_size": "",
        "link_outline": false,
        "link_block": false,
        "icon_left": "",
        "icon_right": ""
    }
},
{
    "model": "bootstrap4_listgroup.bootstrap4listgroup",
    "pk": 56,
    "fields": {
        "cmsplugin_ptr": 56,
        "list_group_flush": false,
        "tag_type": "div",
        "attributes": {}
    }
},
{
    "model": "bootstrap4_listgroup.bootstrap4listgroup",
    "pk": 2310,
    "fields": {
        "cmsplugin_ptr": 2310,
        "list_group_flush": false,
        "tag_type": "div",
        "attributes": {}
    }
},
{
    "model": "bootstrap4_listgroup.bootstrap4listgroupitem",
    "pk": 57,
    "fields": {
        "cmsplugin_ptr": 57,
        "list_context": "",
        "list_state": "",
        "tag_type": "div",
        "attributes": {}
    }
},
{
    "model": "bootstrap4_listgroup.bootstrap4listgroupitem",
    "pk": 59,
    "fields": {
        "cmsplugin_ptr": 59,
        "list_context": "",
        "list_state": "",
        "tag_type": "div",
        "attributes": {}
    }
},
{
    "model": "bootstrap4_listgroup.bootstrap4listgroupitem",
    "pk": 61,
    "fields": {
        "cmsplugin_ptr": 61,
        "list_context": "",
        "list_state": "",
        "tag_type": "div",
        "attributes": {}
    }
},
{
    "model": "bootstrap4_listgroup.bootstrap4listgroupitem",
    "pk": 63,
    "fields": {
        "cmsplugin_ptr": 63,
        "list_context": "",
        "list_state": "",
        "tag_type": "div",
        "attributes": {}
    }
},
{
    "model": "bootstrap4_listgroup.bootstrap4listgroupitem",
    "pk": 65,
    "fields": {
        "cmsplugin_ptr": 65,
        "list_context": "",
        "list_state": "",
        "tag_type": "div",
        "attributes": {}
    }
},
{
    "model": "bootstrap4_listgroup.bootstrap4listgroupitem",
    "pk": 2311,
    "fields": {
        "cmsplugin_ptr": 2311,
        "list_context": "",
        "list_state": "",
        "tag_type": "div",
        "attributes": {}
    }
},
{
    "model": "bootstrap4_listgroup.bootstrap4listgroupitem",
    "pk": 2314,
    "fields": {
        "cmsplugin_ptr": 2314,
        "list_context": "",
        "list_state": "",
        "tag_type": "div",
        "attributes": {}
    }
},
{
    "model": "bootstrap4_listgroup.bootstrap4listgroupitem",
    "pk": 2319,
    "fields": {
        "cmsplugin_ptr": 2319,
        "list_context": "",
        "list_state": "",
        "tag_type": "div",
        "attributes": {}
    }
},
{
    "model": "bootstrap4_listgroup.bootstrap4listgroupitem",
    "pk": 2322,
    "fields": {
        "cmsplugin_ptr": 2322,
        "list_context": "",
        "list_state": "",
        "tag_type": "div",
        "attributes": {}
    }
},
{
    "model": "bootstrap4_listgroup.bootstrap4listgroupitem",
    "pk": 2325,
    "fields": {
        "cmsplugin_ptr": 2325,
        "list_context": "",
        "list_state": "",
        "tag_type": "div",
        "attributes": {}
    }
},
{
    "model": "bootstrap4_picture.bootstrap4picture",
    "pk": 771,
    "fields": {
        "template": "default",
        "picture": 6,
        "external_picture": null,
        "width": null,
        "height": null,
        "alignment": "",
        "caption_text": "",
        "attributes": {
            "alt": "Valor",
            "class": ""
        },
        "link_url": null,
        "link_page": null,
        "link_target": "",
        "link_attributes": {},
        "use_automatic_scaling": true,
        "use_no_cropping": false,
        "use_crop": false,
        "use_upscale": false,
        "use_responsive_image": "inherit",
        "thumbnail_options": null,
        "cmsplugin_ptr": 771,
        "picture_fluid": true,
        "picture_rounded": false,
        "picture_thumbnail": false
    }
},
{
    "model": "bootstrap4_picture.bootstrap4picture",
    "pk": 781,
    "fields": {
        "template": "default",
        "picture": 7,
        "external_picture": null,
        "width": null,
        "height": null,
        "alignment": "",
        "caption_text": "",
        "attributes": {},
        "link_url": null,
        "link_page": null,
        "link_target": "",
        "link_attributes": {},
        "use_automatic_scaling": true,
        "use_no_cropping": false,
        "use_crop": false,
        "use_upscale": false,
        "use_responsive_image": "inherit",
        "thumbnail_options": null,
        "cmsplugin_ptr": 781,
        "picture_fluid": true,
        "picture_rounded": false,
        "picture_thumbnail": false
    }
},
{
    "model": "bootstrap4_picture.bootstrap4picture",
    "pk": 1119,
    "fields": {
        "template": "default",
        "picture": 13,
        "external_picture": null,
        "width": null,
        "height": null,
        "alignment": "",
        "caption_text": "",
        "attributes": {
            "alt": "Bridge Hospice",
            "style": "width: 30%; max-width: 500px;"
        },
        "link_url": null,
        "link_page": null,
        "link_target": "",
        "link_attributes": {},
        "use_automatic_scaling": true,
        "use_no_cropping": false,
        "use_crop": false,
        "use_upscale": false,
        "use_responsive_image": "inherit",
        "thumbnail_options": null,
        "cmsplugin_ptr": 1119,
        "picture_fluid": true,
        "picture_rounded": false,
        "picture_thumbnail": false
    }
},
{
    "model": "bootstrap4_picture.bootstrap4picture",
    "pk": 1131,
    "fields": {
        "template": "default",
        "picture": 10,
        "external_picture": null,
        "width": null,
        "height": null,
        "alignment": "center",
        "caption_text": "",
        "attributes": {
            "class": "text-center"
        },
        "link_url": null,
        "link_page": null,
        "link_target": "",
        "link_attributes": {},
        "use_automatic_scaling": true,
        "use_no_cropping": false,
        "use_crop": false,
        "use_upscale": false,
        "use_responsive_image": "inherit",
        "thumbnail_options": null,
        "cmsplugin_ptr": 1131,
        "picture_fluid": true,
        "picture_rounded": false,
        "picture_thumbnail": false
    }
},
{
    "model": "bootstrap4_picture.bootstrap4picture",
    "pk": 1139,
    "fields": {
        "template": "default",
        "picture": 10,
        "external_picture": null,
        "width": null,
        "height": null,
        "alignment": "center",
        "caption_text": "",
        "attributes": {
            "class": "text-center"
        },
        "link_url": null,
        "link_page": null,
        "link_target": "",
        "link_attributes": {},
        "use_automatic_scaling": true,
        "use_no_cropping": false,
        "use_crop": false,
        "use_upscale": false,
        "use_responsive_image": "inherit",
        "thumbnail_options": null,
        "cmsplugin_ptr": 1139,
        "picture_fluid": true,
        "picture_rounded": false,
        "picture_thumbnail": false
    }
},
{
    "model": "bootstrap4_picture.bootstrap4picture",
    "pk": 2784,
    "fields": {
        "template": "default",
        "picture": 7,
        "external_picture": null,
        "width": null,
        "height": null,
        "alignment": "",
        "caption_text": "",
        "attributes": {},
        "link_url": null,
        "link_page": null,
        "link_target": "",
        "link_attributes": {},
        "use_automatic_scaling": true,
        "use_no_cropping": false,
        "use_crop": false,
        "use_upscale": false,
        "use_responsive_image": "inherit",
        "thumbnail_options": null,
        "cmsplugin_ptr": 2784,
        "picture_fluid": true,
        "picture_rounded": false,
        "picture_thumbnail": false
    }
},
{
    "model": "bootstrap4_picture.bootstrap4picture",
    "pk": 2788,
    "fields": {
        "template": "default",
        "picture": 6,
        "external_picture": null,
        "width": null,
        "height": null,
        "alignment": "",
        "caption_text": "",
        "attributes": {
            "alt": "Valor",
            "class": ""
        },
        "link_url": null,
        "link_page": null,
        "link_target": "",
        "link_attributes": {},
        "use_automatic_scaling": true,
        "use_no_cropping": false,
        "use_crop": false,
        "use_upscale": false,
        "use_responsive_image": "inherit",
        "thumbnail_options": null,
        "cmsplugin_ptr": 2788,
        "picture_fluid": true,
        "picture_rounded": false,
        "picture_thumbnail": false
    }
},
{
    "model": "bootstrap4_picture.bootstrap4picture",
    "pk": 2802,
    "fields": {
        "template": "default",
        "picture": 13,
        "external_picture": null,
        "width": null,
        "height": null,
        "alignment": "",
        "caption_text": "",
        "attributes": {
            "alt": "Bridge Hospice",
            "style": "width: 30%; max-width: 500px;"
        },
        "link_url": null,
        "link_page": null,
        "link_target": "",
        "link_attributes": {},
        "use_automatic_scaling": true,
        "use_no_cropping": false,
        "use_crop": false,
        "use_upscale": false,
        "use_responsive_image": "inherit",
        "thumbnail_options": null,
        "cmsplugin_ptr": 2802,
        "picture_fluid": true,
        "picture_rounded": false,
        "picture_thumbnail": false
    }
},
{
    "model": "bootstrap4_picture.bootstrap4picture",
    "pk": 2807,
    "fields": {
        "template": "default",
        "picture": 10,
        "external_picture": null,
        "width": null,
        "height": null,
        "alignment": "center",
        "caption_text": "",
        "attributes": {
            "class": "text-center"
        },
        "link_url": null,
        "link_page": null,
        "link_target": "",
        "link_attributes": {},
        "use_automatic_scaling": true,
        "use_no_cropping": false,
        "use_crop": false,
        "use_upscale": false,
        "use_responsive_image": "inherit",
        "thumbnail_options": null,
        "cmsplugin_ptr": 2807,
        "picture_fluid": true,
        "picture_rounded": false,
        "picture_thumbnail": false
    }
},
{
    "model": "bootstrap4_picture.bootstrap4picture",
    "pk": 2811,
    "fields": {
        "template": "default",
        "picture": 10,
        "external_picture": null,
        "width": null,
        "height": null,
        "alignment": "center",
        "caption_text": "",
        "attributes": {
            "class": "text-center"
        },
        "link_url": null,
        "link_page": null,
        "link_target": "",
        "link_attributes": {},
        "use_automatic_scaling": true,
        "use_no_cropping": false,
        "use_crop": false,
        "use_upscale": false,
        "use_responsive_image": "inherit",
        "thumbnail_options": null,
        "cmsplugin_ptr": 2811,
        "picture_fluid": true,
        "picture_rounded": false,
        "picture_thumbnail": false
    }
},
{
    "model": "djangocms_icon.icon",
    "pk": 1998,
    "fields": {
        "cmsplugin_ptr": 1998,
        "icon": "far fa-address-book",
        "template": "default",
        "label": "",
        "attributes": {}
    }
},
{
    "model": "djangocms_icon.icon",
    "pk": 1999,
    "fields": {
        "cmsplugin_ptr": 1999,
        "icon": "fas fa-phone",
        "template": "default",
        "label": "",
        "attributes": {}
    }
},
{
    "model": "djangocms_icon.icon",
    "pk": 2000,
    "fields": {
        "cmsplugin_ptr": 2000,
        "icon": "fas fa-fax",
        "template": "default",
        "label": "",
        "attributes": {}
    }
},
{
    "model": "djangocms_icon.icon",
    "pk": 2001,
    "fields": {
        "cmsplugin_ptr": 2001,
        "icon": "fas fa-envelope",
        "template": "default",
        "label": "",
        "attributes": {}
    }
},
{
    "model": "djangocms_icon.icon",
    "pk": 2002,
    "fields": {
        "cmsplugin_ptr": 2002,
        "icon": "far fa-clock",
        "template": "default",
        "label": "",
        "attributes": {}
    }
},
{
    "model": "djangocms_icon.icon",
    "pk": 2003,
    "fields": {
        "cmsplugin_ptr": 2003,
        "icon": "fas fa-building",
        "template": "default",
        "label": "",
        "attributes": {}
    }
},
{
    "model": "djangocms_icon.icon",
    "pk": 2004,
    "fields": {
        "cmsplugin_ptr": 2004,
        "icon": "fas fa-laptop-code",
        "template": "default",
        "label": "",
        "attributes": {}
    }
},
{
    "model": "djangocms_icon.icon",
    "pk": 2030,
    "fields": {
        "cmsplugin_ptr": 2030,
        "icon": "fas fa-hands-helping",
        "template": "default",
        "label": "",
        "attributes": {}
    }
},
{
    "model": "djangocms_icon.icon",
    "pk": 2313,
    "fields": {
        "cmsplugin_ptr": 2313,
        "icon": "far fa-address-book",
        "template": "default",
        "label": "",
        "attributes": {}
    }
},
{
    "model": "djangocms_icon.icon",
    "pk": 2316,
    "fields": {
        "cmsplugin_ptr": 2316,
        "icon": "fas fa-phone",
        "template": "default",
        "label": "",
        "attributes": {}
    }
},
{
    "model": "djangocms_icon.icon",
    "pk": 2317,
    "fields": {
        "cmsplugin_ptr": 2317,
        "icon": "fas fa-fax",
        "template": "default",
        "label": "",
        "attributes": {}
    }
},
{
    "model": "djangocms_icon.icon",
    "pk": 2318,
    "fields": {
        "cmsplugin_ptr": 2318,
        "icon": "fas fa-envelope",
        "template": "default",
        "label": "",
        "attributes": {}
    }
},
{
    "model": "djangocms_icon.icon",
    "pk": 2321,
    "fields": {
        "cmsplugin_ptr": 2321,
        "icon": "far fa-clock",
        "template": "default",
        "label": "",
        "attributes": {}
    }
},
{
    "model": "djangocms_icon.icon",
    "pk": 2324,
    "fields": {
        "cmsplugin_ptr": 2324,
        "icon": "fas fa-building",
        "template": "default",
        "label": "",
        "attributes": {}
    }
},
{
    "model": "djangocms_icon.icon",
    "pk": 2327,
    "fields": {
        "cmsplugin_ptr": 2327,
        "icon": "fas fa-laptop-code",
        "template": "default",
        "label": "",
        "attributes": {}
    }
},
{
    "model": "djangocms_icon.icon",
    "pk": 2516,
    "fields": {
        "cmsplugin_ptr": 2516,
        "icon": "fas fa-hands-helping",
        "template": "default",
        "label": "",
        "attributes": {}
    }
},
{
    "model": "djangocms_snippet.snippet",
    "pk": 1,
    "fields": {
        "name": "Home Page Banner",
        "html": "{% load static %}\r\n\r\n<div class=\"text-center hero-container\">\r\n        <a href=\"/\" class=\"hover-dim\" title=\"Click here for contact information.\">\r\n            <p class=\"hero-caption text-light mb-1\"><span class=\"bg bg-secondary-opaque rounded px-3 pb-1\">EXTENDING LOVE, COMFORT, AND CARE</span></p>\r\n            <img src=\"{% static 'images/BridgeHospiceLogo.png' %}\" class=\"img-fluid\" alt=\"Bridge Hospice\" style=\"width: 30%; max-width: 500px;\"/>\r\n        </a>\r\n    </div>",
        "template": "",
        "slug": "home-page-banner"
    }
},
{
    "model": "djangocms_snippet.snippet",
    "pk": 2,
    "fields": {
        "name": "Home Page Styles",
        "html": "<style>\r\n\r\n\r\n    .nav-box {\r\n\tmin-height: 275px;\r\n\tborder:  2px solid var(--light);\r\n\tborder-top: 0;\r\n}\r\n\r\n\r\n        .hover-dim:hover {\r\n            opacity: 0.8;\r\n        }\r\n        .bg-secondary-opaque {\r\n            padding-top: 5px;\r\n            background-color: rgba(0, 40, 86, 0.8);\r\n        }\r\n        .hero-container {\r\n            position: relative;\r\n            width: 100%;\r\n            overflow: visible;\r\n            transform: translate(0, -43%);\r\n            margin-bottom: -12%;\r\n        }\r\n\r\n        .hero-caption {\r\n            font-size: 40px !important;\r\n        }\r\n        @media (max-width: 1200px) {\r\n            .hero-caption {\r\n                font-size: 35px !important;\r\n            }\r\n        }\r\n        @media (max-width: 1000px) {\r\n            .hero-caption {\r\n                font-size: 30px !important;\r\n            }\r\n        }\r\n        @media (max-width: 768px) {\r\n            .hero-caption {\r\n                font-size: 20px !important;\r\n            }\r\n        }\r\n        @media (max-width: 445px) {\r\n            .hero-caption {\r\n                font-size: 15px !important;\r\n            }\r\n        }\r\n        @media (max-width: 335px) {\r\n            .hero-caption {\r\n                font-size: 12px !important;\r\n            }\r\n        }\r\n        @media (max-width: 261px) {\r\n            .hero-caption {\r\n                font-size: 11px !important;\r\n            }\r\n        }\r\n        \r\n    .nav-box {\r\n\tmin-height: 275px;\r\n\tborder:  2px solid var(--light);\r\n\tborder-top: 0;\r\n}\r\n\r\n.text-black {\r\n\tcolor: black;\r\n}\r\n.bg-orange {\r\n\tbackground-color: rgba(230, 108, 23, 1.0);\r\n}\r\n.bg-purple {\r\n\tbackground-color: #a122f1;\r\n}\r\n.bg-cyan {\r\n\tbackground-color: #1a98c9; /* rgba(34, 115, 150, 1.0); */\r\n}\r\n.bg-valorblue {\r\n\tbackground-color: #002857;\r\n}\r\n.bg-yellow {\r\n\tbackground-color: #fefc01;\r\n}\r\n\r\n.valor-text > div:nth-child(1) {\r\n\tfont-size: 100px;\r\n\tfont-weight: 500;\r\n\tpadding-left: 10px;\r\n}\r\n.valor-text > div:nth-child(2) {\r\n\tfont-size: 25px;\r\n\tfont-weight: 300;\r\n\tpadding-left: 10px;\r\n}\r\n.valor-text > div:nth-child(3) {\r\n\tfont-size: 39px;\r\n\tfont-weight: 500;\r\n\tpadding-left: 10px;\r\n}\r\n\r\n@media(max-width: 520px) {\r\n\t.valor-text > div:nth-child(1) {\r\n\t\tfont-size: 70px;\r\n\t\tfont-weight: 500;\r\n\t\tpadding-left: 0;\r\n\t}\r\n\t.valor-text > div:nth-child(2) {\r\n\t\tfont-size: 20px;\r\n\t\tfont-weight: 300;\r\n\t\tpadding-left: 0;\r\n\t}\r\n\t.valor-text > div:nth-child(3) {\r\n\t\tfont-size: 30px;\r\n\t\tfont-weight: 500;\r\n\t\tpadding-left: 0;\r\n\t}\r\n\t#daves-wishes {\r\n\t\tmin-height: 460px;\r\n\t}\r\n}\r\n\r\n.text-shadow {\r\n\ttext-shadow: 1px 0 0 #000, 0 -1px 0 #000, 0 1px 0 #000, -1px 0 0 #000;\r\n}\r\n\r\n.hover-dim:hover {\r\n\topacity: 0.8;\r\n}\r\n\r\n.bg-secondary-opaque {\r\n\tbackground-color: rgba(0, 40, 86, 0.8);\r\n}\r\n</style>",
        "template": "",
        "slug": "home-page-styles"
    }
},
{
    "model": "djangocms_snippet.snippet",
    "pk": 3,
    "fields": {
        "name": "Contact Form",
        "html": "<!-- Temporary Placeholder -->\r\n\r\n<h3 class=\"mt-3\">Send us a Message</h3>\r\n<form name=\"sentMessage\" id=\"contactForm\" novalidate=\"\">\r\n          <div class=\"control-group form-group\">\r\n            <div class=\"controls\">\r\n              <label>Full Name:</label>\r\n              <input type=\"text\" class=\"form-control\" id=\"name\" required=\"\" data-validation-required-message=\"Please enter your name.\">\r\n              <p class=\"help-block\"></p>\r\n            </div>\r\n          </div>\r\n          <div class=\"control-group form-group\">\r\n            <div class=\"controls\">\r\n              <label>Phone Number:</label>\r\n              <input type=\"tel\" class=\"form-control\" id=\"phone\" required=\"\" data-validation-required-message=\"Please enter your phone number.\">\r\n            <div class=\"help-block\"></div></div>\r\n          </div>\r\n          <div class=\"control-group form-group\">\r\n            <div class=\"controls\">\r\n              <label>Email Address:</label>\r\n              <input type=\"email\" class=\"form-control\" id=\"email\" required=\"\" data-validation-required-message=\"Please enter your email address.\">\r\n            <div class=\"help-block\"></div></div>\r\n          </div>\r\n          <div class=\"control-group form-group\">\r\n            <div class=\"controls\">\r\n              <label>Message:</label>\r\n              <textarea rows=\"10\" cols=\"100\" class=\"form-control\" id=\"message\" required=\"\" data-validation-required-message=\"Please enter your message\" maxlength=\"999\" style=\"resize:none\"></textarea>\r\n            <div class=\"help-block\"></div></div>\r\n          </div>\r\n          <div id=\"success\"></div>\r\n          <!-- For success/fail messages -->\r\n          <div class=\"text-center\">\r\n              <button type=\"submit\" class=\"btn btn-primary\" id=\"sendMessageButton\">Send Message</button>\r\n          </div>\r\n          \r\n        \r\n        </form>",
        "template": "",
        "slug": "contact-form"
    }
},
{
    "model": "djangocms_snippet.snippet",
    "pk": 4,
    "fields": {
        "name": "TempFix",
        "html": "<style>\r\n    @media screen and (max-width: 430px)\r\n    {\r\n        .five-list {\r\n            list-style: none;\r\n        }\r\n    }\r\n</style>",
        "template": "",
        "slug": "tempfix"
    }
},
{
    "model": "djangocms_snippet.snippet",
    "pk": 5,
    "fields": {
        "name": "TempFix1",
        "html": "<style>\r\n    @media screen and (max-width: 430px)\r\n    {\r\n        .five-list {\r\n            list-style: none;\r\n            padding-left: 0;\r\n            text-align: center;\r\n        }\r\n    }\r\n</style>",
        "template": "",
        "slug": "tempfix1"
    }
},
{
    "model": "djangocms_snippet.snippet",
    "pk": 6,
    "fields": {
        "name": "Facebook Feed",
        "html": "<h3>Visit us on Facebook</h3>\r\n<div class=\"fb-page\" data-href=\"https://www.facebook.com/pages/category/Medical---Health/Bridge-Hospice-109396157226181/\" data-tabs=\"timeline, messages, events\" data-width=\"500\" data-height=\"960\" data-small-header=\"true\" data-adapt-container-width=\"true\" data-hide-cover=\"true\" data-show-facepile=\"true\"><blockquote cite=\"https://www.facebook.com/pages/category/Medical---Health/Bridge-Hospice-109396157226181/\" class=\"fb-xfbml-parse-ignore\"><a href=\"https://www.facebook.com/pages/category/Medical---Health/Bridge-Hospice-109396157226181/\">Bridge Hospice</a></blockquote></div>",
        "template": "",
        "slug": "facebook-feed"
    }
},
{
    "model": "djangocms_snippet.snippet",
    "pk": 7,
    "fields": {
        "name": "Facebook GraphApi",
        "html": "<script>\r\n    FB.api(\r\n  '/me',\r\n  'GET',\r\n  {\"fields\":\"id,name\"},\r\n  function(response) {\r\n      console.log(reponse)\r\n  }\r\n);\r\n    \r\n</script>",
        "template": "",
        "slug": "facebook-graphapi"
    }
},
{
    "model": "djangocms_snippet.snippet",
    "pk": 8,
    "fields": {
        "name": "twitter feed",
        "html": "<h3>Visit us on Twitter</h3>\r\n<a class=\"twitter-timeline\" href=\"https://twitter.com/BridgeHospice1?ref_src=twsrc%5Etfw\">Tweets by BridgeHospice1</a> <script async src=\"https://platform.twitter.com/widgets.js\" charset=\"utf-8\"></script>",
        "template": "",
        "slug": "twitter-feed"
    }
},
{
    "model": "djangocms_snippet.snippet",
    "pk": 9,
    "fields": {
        "name": "instagram feed",
        "html": "<h3>Visit us on Instagram</h3>\r\n<blockquote class=\"instagram-media\" data-instgrm-captioned data-instgrm-permalink=\"https://www.instagram.com/p/B76erKPpEUt/?utm_source=ig_embed&amp;utm_campaign=loading\" data-instgrm-version=\"12\" style=\" background:#FFF; border:0; border-radius:3px; box-shadow:0 0 1px 0 rgba(0,0,0,0.5),0 1px 10px 0 rgba(0,0,0,0.15); margin: 1px; max-width:540px; min-width:326px; padding:0; width:99.375%; width:-webkit-calc(100% - 2px); width:calc(100% - 2px);\"><div style=\"padding:16px;\"> <a href=\"https://www.instagram.com/p/B76erKPpEUt/?utm_source=ig_embed&amp;utm_campaign=loading\" style=\" background:#FFFFFF; line-height:0; padding:0 0; text-align:center; text-decoration:none; width:100%;\" target=\"_blank\"> <div style=\" display: flex; flex-direction: row; align-items: center;\"> <div style=\"background-color: #F4F4F4; border-radius: 50%; flex-grow: 0; height: 40px; margin-right: 14px; width: 40px;\"></div> <div style=\"display: flex; flex-direction: column; flex-grow: 1; justify-content: center;\"> <div style=\" background-color: #F4F4F4; border-radius: 4px; flex-grow: 0; height: 14px; margin-bottom: 6px; width: 100px;\"></div> <div style=\" background-color: #F4F4F4; border-radius: 4px; flex-grow: 0; height: 14px; width: 60px;\"></div></div></div><div style=\"padding: 19% 0;\"></div> <div style=\"display:block; height:50px; margin:0 auto 12px; width:50px;\"><svg width=\"50px\" height=\"50px\" viewBox=\"0 0 60 60\" version=\"1.1\" xmlns=\"https://www.w3.org/2000/svg\" xmlns:xlink=\"https://www.w3.org/1999/xlink\"><g stroke=\"none\" stroke-width=\"1\" fill=\"none\" fill-rule=\"evenodd\"><g transform=\"translate(-511.000000, -20.000000)\" fill=\"#000000\"><g><path d=\"M556.869,30.41 C554.814,30.41 553.148,32.076 553.148,34.131 C553.148,36.186 554.814,37.852 556.869,37.852 C558.924,37.852 560.59,36.186 560.59,34.131 C560.59,32.076 558.924,30.41 556.869,30.41 M541,60.657 C535.114,60.657 530.342,55.887 530.342,50 C530.342,44.114 535.114,39.342 541,39.342 C546.887,39.342 551.658,44.114 551.658,50 C551.658,55.887 546.887,60.657 541,60.657 M541,33.886 C532.1,33.886 524.886,41.1 524.886,50 C524.886,58.899 532.1,66.113 541,66.113 C549.9,66.113 557.115,58.899 557.115,50 C557.115,41.1 549.9,33.886 541,33.886 M565.378,62.101 C565.244,65.022 564.756,66.606 564.346,67.663 C563.803,69.06 563.154,70.057 562.106,71.106 C561.058,72.155 560.06,72.803 558.662,73.347 C557.607,73.757 556.021,74.244 553.102,74.378 C549.944,74.521 548.997,74.552 541,74.552 C533.003,74.552 532.056,74.521 528.898,74.378 C525.979,74.244 524.393,73.757 523.338,73.347 C521.94,72.803 520.942,72.155 519.894,71.106 C518.846,70.057 518.197,69.06 517.654,67.663 C517.244,66.606 516.755,65.022 516.623,62.101 C516.479,58.943 516.448,57.996 516.448,50 C516.448,42.003 516.479,41.056 516.623,37.899 C516.755,34.978 517.244,33.391 517.654,32.338 C518.197,30.938 518.846,29.942 519.894,28.894 C520.942,27.846 521.94,27.196 523.338,26.654 C524.393,26.244 525.979,25.756 528.898,25.623 C532.057,25.479 533.004,25.448 541,25.448 C548.997,25.448 549.943,25.479 553.102,25.623 C556.021,25.756 557.607,26.244 558.662,26.654 C560.06,27.196 561.058,27.846 562.106,28.894 C563.154,29.942 563.803,30.938 564.346,32.338 C564.756,33.391 565.244,34.978 565.378,37.899 C565.522,41.056 565.552,42.003 565.552,50 C565.552,57.996 565.522,58.943 565.378,62.101 M570.82,37.631 C570.674,34.438 570.167,32.258 569.425,30.349 C568.659,28.377 567.633,26.702 565.965,25.035 C564.297,23.368 562.623,22.342 560.652,21.575 C558.743,20.834 556.562,20.326 553.369,20.18 C550.169,20.033 549.148,20 541,20 C532.853,20 531.831,20.033 528.631,20.18 C525.438,20.326 523.257,20.834 521.349,21.575 C519.376,22.342 517.703,23.368 516.035,25.035 C514.368,26.702 513.342,28.377 512.574,30.349 C511.834,32.258 511.326,34.438 511.181,37.631 C511.035,40.831 511,41.851 511,50 C511,58.147 511.035,59.17 511.181,62.369 C511.326,65.562 511.834,67.743 512.574,69.651 C513.342,71.625 514.368,73.296 516.035,74.965 C517.703,76.634 519.376,77.658 521.349,78.425 C523.257,79.167 525.438,79.673 528.631,79.82 C531.831,79.965 532.853,80.001 541,80.001 C549.148,80.001 550.169,79.965 553.369,79.82 C556.562,79.673 558.743,79.167 560.652,78.425 C562.623,77.658 564.297,76.634 565.965,74.965 C567.633,73.296 568.659,71.625 569.425,69.651 C570.167,67.743 570.674,65.562 570.82,62.369 C570.966,59.17 571,58.147 571,50 C571,41.851 570.966,40.831 570.82,37.631\"></path></g></g></g></svg></div><div style=\"padding-top: 8px;\"> <div style=\" color:#3897f0; font-family:Arial,sans-serif; font-size:14px; font-style:normal; font-weight:550; line-height:18px;\"> View this post on Instagram</div></div><div style=\"padding: 12.5% 0;\"></div> <div style=\"display: flex; flex-direction: row; margin-bottom: 14px; align-items: center;\"><div> <div style=\"background-color: #F4F4F4; border-radius: 50%; height: 12.5px; width: 12.5px; transform: translateX(0px) translateY(7px);\"></div> <div style=\"background-color: #F4F4F4; height: 12.5px; transform: rotate(-45deg) translateX(3px) translateY(1px); width: 12.5px; flex-grow: 0; margin-right: 14px; margin-left: 2px;\"></div> <div style=\"background-color: #F4F4F4; border-radius: 50%; height: 12.5px; width: 12.5px; transform: translateX(9px) translateY(-18px);\"></div></div><div style=\"margin-left: 8px;\"> <div style=\" background-color: #F4F4F4; border-radius: 50%; flex-grow: 0; height: 20px; width: 20px;\"></div> <div style=\" width: 0; height: 0; border-top: 2px solid transparent; border-left: 6px solid #f4f4f4; border-bottom: 2px solid transparent; transform: translateX(16px) translateY(-4px) rotate(30deg)\"></div></div><div style=\"margin-left: auto;\"> <div style=\" width: 0px; border-top: 8px solid #F4F4F4; border-right: 8px solid transparent; transform: translateY(16px);\"></div> <div style=\" background-color: #F4F4F4; flex-grow: 0; height: 12px; width: 16px; transform: translateY(-4px);\"></div> <div style=\" width: 0; height: 0; border-top: 8px solid #F4F4F4; border-left: 8px solid transparent; transform: translateY(-4px) translateX(8px);\"></div></div></div></a> <p style=\" margin:8px 0 0 0; padding:0 4px;\"> <a href=\"https://www.instagram.com/p/B76erKPpEUt/?utm_source=ig_embed&amp;utm_campaign=loading\" style=\" color:#000; font-family:Arial,sans-serif; font-size:14px; font-style:normal; font-weight:normal; line-height:17px; text-decoration:none; word-wrap:break-word;\" target=\"_blank\">In 2019 the Founder and Administrator of BRIDGE Hospice, Tammie Ware, discovered herself wanting more out of the hospice experience for the patient and family. She put together a team of individuals who specialized in different areas, but all carried the same desire to make the hospice experience about the patient and family. To BRIDGE Hospice, you are family. Swipe to meet our founder, Tammi Ware!</a></p> <p style=\" color:#c9c8cd; font-family:Arial,sans-serif; font-size:14px; line-height:17px; margin-bottom:0; margin-top:8px; overflow:hidden; padding:8px 0 7px; text-align:center; text-overflow:ellipsis; white-space:nowrap;\">A post shared by <a href=\"https://www.instagram.com/bridgehospice/?utm_source=ig_embed&amp;utm_campaign=loading\" style=\" color:#c9c8cd; font-family:Arial,sans-serif; font-size:14px; font-style:normal; font-weight:normal; line-height:17px;\" target=\"_blank\"> Bridge Hospice</a> (@bridgehospice) on <time style=\" font-family:Arial,sans-serif; font-size:14px; line-height:17px;\" datetime=\"2020-01-29T18:32:29+00:00\">Jan 29, 2020 at 10:32am PST</time></p></div></blockquote> <script async src=\"//www.instagram.com/embed.js\"></script>",
        "template": "",
        "slug": "instagram-feed"
    }
},
{
    "model": "djangocms_snippet.snippet",
    "pk": 10,
    "fields": {
        "name": "Carousel Script",
        "html": "<script>\r\nvar items = document.getElementsByClassName('carousel-item');\r\nvar n = getRandomInt(0, items.length)\r\nitems[0].classList.remove('active');\r\nitems[n].classList.add('active');\r\nfunction getRandomInt(min, max) {\r\n  min = Math.ceil(min);\r\n  max = Math.floor(max);\r\n  return Math.floor(Math.random() * (max - min)) + min; //The maximum is exclusive and the minimum is inclusive\r\n}\r\n</script>",
        "template": "",
        "slug": "carousel-script"
    }
},
{
    "model": "djangocms_snippet.snippet",
    "pk": 11,
    "fields": {
        "name": "Hand Medical Normal",
        "html": "<i class=\"fas hand-holding-medical\"></i>",
        "template": "",
        "slug": "hand-medical-normal"
    }
},
{
    "model": "djangocms_snippet.snippetptr",
    "pk": 409,
    "fields": {
        "cmsplugin_ptr": 409,
        "snippet": 3
    }
},
{
    "model": "djangocms_snippet.snippetptr",
    "pk": 1037,
    "fields": {
        "cmsplugin_ptr": 1037,
        "snippet": 5
    }
},
{
    "model": "djangocms_snippet.snippetptr",
    "pk": 1236,
    "fields": {
        "cmsplugin_ptr": 1236,
        "snippet": 6
    }
},
{
    "model": "djangocms_snippet.snippetptr",
    "pk": 1245,
    "fields": {
        "cmsplugin_ptr": 1245,
        "snippet": 8
    }
},
{
    "model": "djangocms_snippet.snippetptr",
    "pk": 1246,
    "fields": {
        "cmsplugin_ptr": 1246,
        "snippet": 9
    }
},
{
    "model": "djangocms_snippet.snippetptr",
    "pk": 1851,
    "fields": {
        "cmsplugin_ptr": 1851,
        "snippet": 10
    }
},
{
    "model": "djangocms_snippet.snippetptr",
    "pk": 2329,
    "fields": {
        "cmsplugin_ptr": 2329,
        "snippet": 3
    }
},
{
    "model": "djangocms_snippet.snippetptr",
    "pk": 2340,
    "fields": {
        "cmsplugin_ptr": 2340,
        "snippet": 6
    }
},
{
    "model": "djangocms_snippet.snippetptr",
    "pk": 2342,
    "fields": {
        "cmsplugin_ptr": 2342,
        "snippet": 9
    }
},
{
    "model": "djangocms_snippet.snippetptr",
    "pk": 2346,
    "fields": {
        "cmsplugin_ptr": 2346,
        "snippet": 8
    }
},
{
    "model": "djangocms_snippet.snippetptr",
    "pk": 2765,
    "fields": {
        "cmsplugin_ptr": 2765,
        "snippet": 5
    }
},
{
    "model": "djangocms_snippet.snippetptr",
    "pk": 2803,
    "fields": {
        "cmsplugin_ptr": 2803,
        "snippet": 10
    }
},
{
    "model": "djangocms_googlemap.googlemap",
    "pk": 244,
    "fields": {
        "template": "default",
        "title": "Location",
        "width": "100%",
        "height": "400px",
        "style": "",
        "lat": 33.5189,
        "lng": -101.889671,
        "zoom": 13,
        "map_type_control": "ROADMAP",
        "zoom_control": true,
        "street_view_control": true,
        "rotate_control": true,
        "scale_control": true,
        "fullscreen_control": true,
        "pan_control": true,
        "double_click_zoom": true,
        "draggable": true,
        "keyboard_shortcuts": true,
        "scrollwheel": true,
        "cmsplugin_ptr": 244
    }
},
{
    "model": "djangocms_googlemap.googlemap",
    "pk": 2306,
    "fields": {
        "template": "default",
        "title": "Location",
        "width": "100%",
        "height": "400px",
        "style": "",
        "lat": 33.5189,
        "lng": -101.889671,
        "zoom": 13,
        "map_type_control": "ROADMAP",
        "zoom_control": true,
        "street_view_control": true,
        "rotate_control": true,
        "scale_control": true,
        "fullscreen_control": true,
        "pan_control": true,
        "double_click_zoom": true,
        "draggable": true,
        "keyboard_shortcuts": true,
        "scrollwheel": true,
        "cmsplugin_ptr": 2306
    }
}
]
